oui_prefix,change_type,observed_at,previous_org,current_org,source_url,source_archive_url
000048,recased,2017-09-08T02:05:22.000Z,SEIKO EPSON CORPORATION,Seiko Epson Corporation,https://standards-oui.ieee.org/oui/oui.csv,https://web.archive.org/web/20170908020522id_/https://standards-oui.ieee.org/oui/oui.csv
000064,renamed,2017-09-08T02:05:22.000Z,Yokogawa Electric Corporation,Yokogawa Digital Computer Corporation,https://standards-oui.ieee.org/oui/oui.csv,https://web.archive.org/web/20170908020522id_/https://standards-oui.ieee.org/oui/oui.csv
000097,renamed,2017-09-08T02:05:22.000Z,EMC Corporation,Dell EMC,https://standards-oui.ieee.org/oui/oui.csv,https://web.archive.org/web/20170908020522id_/https://standards-oui.ieee.org/oui/oui.csv
0000FE,renamed,2017-09-08T02:05:22.000Z,ANNAPOLIS MICRO SYSTEMS,"Annapolis Micro Systems, Inc.",https://standards-oui.ieee.org/oui/oui.csv,https://web.archive.org/web/20170908020522id_/https://standards-oui.ieee.org/oui/oui.csv
000144,renamed,2017-09-08T02:05:22.000Z,EMC Corporation,Dell EMC,https://standards-oui.ieee.org/oui/oui.csv,https://web.archive.org/web/20170908020522id_/https://standards-oui.ieee.org/oui/oui.csv
00014F,recased,2017-09-08T02:05:22.000Z,ADTRAN INC,Adtran Inc,https://standards-oui.ieee.org/oui/oui.csv,https://web.archive.org/web/20170908020522id_/https://standards-oui.ieee.org/oui/oui.csv
000422,renamed,2017-09-08T02:05:22.000Z,"Gordon Kapes, Inc.","Studio Technologies, Inc",https://standards-oui.ieee.org/oui/oui.csv,https://web.archive.org/web/20170908020522id_/https://standards-oui.ieee.org/oui/oui.csv
00054F,renamed,2017-09-08T02:05:22.000Z,Private,Garmin International,https://standards-oui.ieee.org/oui/oui.csv,https://web.archive.org/web/20170908020522id_/https://standards-oui.ieee.org/oui/oui.csv
0005A7,recased,2017-09-08T02:05:22.000Z,"Hyperchip, Inc.",HYPERCHIP Inc.,https://standards-oui.ieee.org/oui/oui.csv,https://web.archive.org/web/20170908020522id_/https://standards-oui.ieee.org/oui/oui.csv
000631,renamed,2017-09-08T02:05:22.000Z,Calix,Calix Inc.,https://standards-oui.ieee.org/oui/oui.csv,https://web.archive.org/web/20170908020522id_/https://standards-oui.ieee.org/oui/oui.csv
00071C,renamed,2017-09-08T02:05:22.000Z,AT&T Fixed Wireless Services,AT&T,https://standards-oui.ieee.org/oui/oui.csv,https://web.archive.org/web/20170908020522id_/https://standards-oui.ieee.org/oui/oui.csv
000726,renamed,2017-09-08T02:05:22.000Z,"Shenzhen Gongjin Electronics Co., Ltd.","SHENZHEN GONGJIN ELECTRONICS CO.,LT",https://standards-oui.ieee.org/oui/oui.csv,https://web.archive.org/web/20170908020522id_/https://standards-oui.ieee.org/oui/oui.csv
0008C9,renamed,2017-09-08T02:05:22.000Z,TechniSat Digital GmbH,TechniSat Digital GmbH Daun,https://standards-oui.ieee.org/oui/oui.csv,https://web.archive.org/web/20170908020522id_/https://standards-oui.ieee.org/oui/oui.csv
0008FA,renamed,2017-09-08T02:05:22.000Z,Karl E.Brinkmann GmbH,KEB Automation KG,https://standards-oui.ieee.org/oui/oui.csv,https://web.archive.org/web/20170908020522id_/https://standards-oui.ieee.org/oui/oui.csv
00093A,renamed,2017-09-08T02:05:22.000Z,Molex Fiber Optics,Molex,https://standards-oui.ieee.org/oui/oui.csv,https://web.archive.org/web/20170908020522id_/https://standards-oui.ieee.org/oui/oui.csv
000966,renamed,2017-09-08T02:05:22.000Z,Thales Navigation,TRIMBLE EUROPE BV,https://standards-oui.ieee.org/oui/oui.csv,https://web.archive.org/web/20170908020522id_/https://standards-oui.ieee.org/oui/oui.csv
0009BC,renamed,2017-09-08T02:05:22.000Z,"Digital Safety Technologies, Inc","Utility, Inc",https://standards-oui.ieee.org/oui/oui.csv,https://web.archive.org/web/20170908020522id_/https://standards-oui.ieee.org/oui/oui.csv
000AE4,renamed,2017-09-08T02:05:22.000Z,Wistron Neweb Corporation,Wistron Corporation,https://standards-oui.ieee.org/oui/oui.csv,https://web.archive.org/web/20170908020522id_/https://standards-oui.ieee.org/oui/oui.csv
000B2E,renamed,2017-09-08T02:05:22.000Z,Cal-Comp Electronics (Thailand) Public Company Limited Taipe,Cal-Comp Electronics & Communications Company Ltd.,https://standards-oui.ieee.org/oui/oui.csv,https://web.archive.org/web/20170908020522id_/https://standards-oui.ieee.org/oui/oui.csv
000B4F,renamed,2017-09-08T02:05:22.000Z,"Verifone, INC.",Verifone,https://standards-oui.ieee.org/oui/oui.csv,https://web.archive.org/web/20170908020522id_/https://standards-oui.ieee.org/oui/oui.csv
000BA1,renamed,2017-09-08T02:05:22.000Z,SYSCOM Ltd.,Fujikura Solutions Ltd.,https://standards-oui.ieee.org/oui/oui.csv,https://web.archive.org/web/20170908020522id_/https://standards-oui.ieee.org/oui/oui.csv
000CAB,renamed,2017-09-08T02:05:22.000Z,COMMEND International,Commend International GmbH,https://standards-oui.ieee.org/oui/oui.csv,https://web.archive.org/web/20170908020522id_/https://standards-oui.ieee.org/oui/oui.csv
000D2C,renamed,2017-09-08T02:05:22.000Z,Patapsco Designs Ltd,Net2Edge Limited,https://standards-oui.ieee.org/oui/oui.csv,https://web.archive.org/web/20170908020522id_/https://standards-oui.ieee.org/oui/oui.csv
000F4F,renamed,2017-09-08T02:05:22.000Z,Cadmus Technology Ltd,PCS Systemtechnik GmbH,https://standards-oui.ieee.org/oui/oui.csv,https://web.archive.org/web/20170908020522id_/https://standards-oui.ieee.org/oui/oui.csv
001009,renamed,2017-09-08T02:05:22.000Z,HORO QUARTZ,HORANET,https://standards-oui.ieee.org/oui/oui.csv,https://web.archive.org/web/20170908020522id_/https://standards-oui.ieee.org/oui/oui.csv
00108C,renamed,2017-09-08T02:05:22.000Z,"FUJITSU TELECOMMUNICATIONS EUROPE, LTD.",Fujitsu Services Ltd,https://standards-oui.ieee.org/oui/oui.csv,https://web.archive.org/web/20170908020522id_/https://standards-oui.ieee.org/oui/oui.csv
00111B,renamed,2017-09-08T02:05:22.000Z,Targa Systems Div L-3 Communications Canada,Targa Systems Div L-3 Communications,https://standards-oui.ieee.org/oui/oui.csv,https://web.archive.org/web/20170908020522id_/https://standards-oui.ieee.org/oui/oui.csv
00117E,renamed,2017-09-08T02:05:22.000Z,"Progeny, A division of Midmark Corp",Midmark Corp,https://standards-oui.ieee.org/oui/oui.csv,https://web.archive.org/web/20170908020522id_/https://standards-oui.ieee.org/oui/oui.csv
00118B,renamed,2017-09-08T02:05:22.000Z,"Alcatel-Lucent, Enterprise Business Group",Alcatel-Lucent Enterprise,https://standards-oui.ieee.org/oui/oui.csv,https://web.archive.org/web/20170908020522id_/https://standards-oui.ieee.org/oui/oui.csv
001219,renamed,2017-09-08T02:05:22.000Z,Ahead Communication Systems Inc,General Datacomm LLC,https://standards-oui.ieee.org/oui/oui.csv,https://web.archive.org/web/20170908020522id_/https://standards-oui.ieee.org/oui/oui.csv
001248,renamed,2017-09-08T02:05:22.000Z,EMC Corporation (Kashya),Dell EMC,https://standards-oui.ieee.org/oui/oui.csv,https://web.archive.org/web/20170908020522id_/https://standards-oui.ieee.org/oui/oui.csv
001349,recased,2017-09-08T02:05:22.000Z,ZyXEL Communications Corporation,Zyxel Communications Corporation,https://standards-oui.ieee.org/oui/oui.csv,https://web.archive.org/web/20170908020522id_/https://standards-oui.ieee.org/oui/oui.csv
00139D,renamed,2017-09-08T02:05:22.000Z,Marvell Hispana S.L.,MaxLinear Hispania S.L.U.,https://standards-oui.ieee.org/oui/oui.csv,https://web.archive.org/web/20170908020522id_/https://standards-oui.ieee.org/oui/oui.csv
001439,recased,2017-09-08T02:05:22.000Z,"Blonder Tongue Laboratories, Inc.","Blonder Tongue Laboratories, Inc",https://standards-oui.ieee.org/oui/oui.csv,https://web.archive.org/web/20170908020522id_/https://standards-oui.ieee.org/oui/oui.csv
00152A,renamed,2017-09-08T02:05:22.000Z,Nokia GmbH,Nokia Corporation,https://standards-oui.ieee.org/oui/oui.csv,https://web.archive.org/web/20170908020522id_/https://standards-oui.ieee.org/oui/oui.csv
001530,renamed,2017-09-08T02:05:22.000Z,EMC Corporation,Dell EMC,https://standards-oui.ieee.org/oui/oui.csv,https://web.archive.org/web/20170908020522id_/https://standards-oui.ieee.org/oui/oui.csv
0016D3,renamed,2017-09-08T02:05:22.000Z,Wistron Neweb Corporation,Wistron Corporation,https://standards-oui.ieee.org/oui/oui.csv,https://web.archive.org/web/20170908020522id_/https://standards-oui.ieee.org/oui/oui.csv
0016ED,renamed,2017-09-08T02:05:22.000Z,"Digital Safety Technologies, Inc","Utility, Inc",https://standards-oui.ieee.org/oui/oui.csv,https://web.archive.org/web/20170908020522id_/https://standards-oui.ieee.org/oui/oui.csv
00173A,renamed,2017-09-08T02:05:22.000Z,Reach Systems Inc.,Cloudastructure Inc,https://standards-oui.ieee.org/oui/oui.csv,https://web.archive.org/web/20170908020522id_/https://standards-oui.ieee.org/oui/oui.csv
00179B,recased,2017-09-08T02:05:22.000Z,"Chant Sincere CO., LTD.","CHANT SINCERE CO.,LTD",https://standards-oui.ieee.org/oui/oui.csv,https://web.archive.org/web/20170908020522id_/https://standards-oui.ieee.org/oui/oui.csv
0017C8,renamed,2017-09-08T02:05:22.000Z,KYOCERA Document Solutions Inc.,KYOCERA Display Corporation,https://standards-oui.ieee.org/oui/oui.csv,https://web.archive.org/web/20170908020522id_/https://standards-oui.ieee.org/oui/oui.csv
00180A,renamed,2017-09-08T02:05:22.000Z,"Meraki, Inc.",Cisco Meraki,https://standards-oui.ieee.org/oui/oui.csv,https://web.archive.org/web/20170908020522id_/https://standards-oui.ieee.org/oui/oui.csv
00187D,renamed,2017-09-08T02:05:22.000Z,Armorlink shanghai Co. Ltd,Armorlink Co .Ltd,https://standards-oui.ieee.org/oui/oui.csv,https://web.archive.org/web/20170908020522id_/https://standards-oui.ieee.org/oui/oui.csv
001987,recased,2017-09-08T02:05:22.000Z,"Panasonic Mobile Communications Co., Ltd.","Panasonic Mobile Communications Co.,Ltd.",https://standards-oui.ieee.org/oui/oui.csv,https://web.archive.org/web/20170908020522id_/https://standards-oui.ieee.org/oui/oui.csv
001992,recased,2017-09-08T02:05:22.000Z,ADTRAN INC.,Adtran Inc,https://standards-oui.ieee.org/oui/oui.csv,https://web.archive.org/web/20170908020522id_/https://standards-oui.ieee.org/oui/oui.csv
0019CB,recased,2017-09-08T02:05:22.000Z,ZyXEL Communications Corporation,Zyxel Communications Corporation,https://standards-oui.ieee.org/oui/oui.csv,https://web.archive.org/web/20170908020522id_/https://standards-oui.ieee.org/oui/oui.csv
001BB5,renamed,2017-09-08T02:05:22.000Z,ZF Electronics GmbH,Cherry GmbH,https://standards-oui.ieee.org/oui/oui.csv,https://web.archive.org/web/20170908020522id_/https://standards-oui.ieee.org/oui/oui.csv
001BD3,renamed,2017-09-08T02:05:22.000Z,Panasonic Corp. AVC Company,Panasonic Corporation AVC Networks Company,https://standards-oui.ieee.org/oui/oui.csv,https://web.archive.org/web/20170908020522id_/https://standards-oui.ieee.org/oui/oui.csv
001C73,renamed,2017-09-08T02:05:22.000Z,"Arista Networks, Inc.",Arista Networks,https://standards-oui.ieee.org/oui/oui.csv,https://web.archive.org/web/20170908020522id_/https://standards-oui.ieee.org/oui/oui.csv
001D44,renamed,2017-09-08T02:05:22.000Z,KROHNE Messtechnik GmbH,Krohne,https://standards-oui.ieee.org/oui/oui.csv,https://web.archive.org/web/20170908020522id_/https://standards-oui.ieee.org/oui/oui.csv
001D72,renamed,2017-09-08T02:05:22.000Z,Wistron Neweb Corporation,Wistron Corporation,https://standards-oui.ieee.org/oui/oui.csv,https://web.archive.org/web/20170908020522id_/https://standards-oui.ieee.org/oui/oui.csv
001DCC,renamed,2017-09-08T02:05:22.000Z,Hetra Secure Solutions,"Ayon Cyber Security, Inc",https://standards-oui.ieee.org/oui/oui.csv,https://web.archive.org/web/20170908020522id_/https://standards-oui.ieee.org/oui/oui.csv
001F16,renamed,2017-09-08T02:05:22.000Z,Wistron Neweb Corporation,Wistron Corporation,https://standards-oui.ieee.org/oui/oui.csv,https://web.archive.org/web/20170908020522id_/https://standards-oui.ieee.org/oui/oui.csv
001F7D,recased,2017-09-08T02:05:22.000Z,embedded wireless GmbH,Embedded Wireless GmbH,https://standards-oui.ieee.org/oui/oui.csv,https://web.archive.org/web/20170908020522id_/https://standards-oui.ieee.org/oui/oui.csv
001F82,renamed,2017-09-08T02:05:22.000Z,"Cal-Comp Electronics & Communications Co., Ltd",Cal-Comp Electronics & Communications Company Ltd.,https://standards-oui.ieee.org/oui/oui.csv,https://web.archive.org/web/20170908020522id_/https://standards-oui.ieee.org/oui/oui.csv
001F92,renamed,2017-09-08T02:05:22.000Z,"VideoIQ, Inc.",Avigilon Corporation,https://standards-oui.ieee.org/oui/oui.csv,https://web.archive.org/web/20170908020522id_/https://standards-oui.ieee.org/oui/oui.csv
001FA4,renamed,2017-09-08T02:05:22.000Z,"ShenZhen Gongjin Electronics Co.,Ltd","SHENZHEN GONGJIN ELECTRONICS CO.,LT",https://standards-oui.ieee.org/oui/oui.csv,https://web.archive.org/web/20170908020522id_/https://standards-oui.ieee.org/oui/oui.csv
002037,recased,2017-09-08T02:05:22.000Z,SEAGATE TECHNOLOGY,Seagate Technology,https://standards-oui.ieee.org/oui/oui.csv,https://web.archive.org/web/20170908020522id_/https://standards-oui.ieee.org/oui/oui.csv
0020DA,renamed,2017-09-08T02:05:22.000Z,Alcatel North America ESD,Alcatel-Lucent Enterprise,https://standards-oui.ieee.org/oui/oui.csv,https://web.archive.org/web/20170908020522id_/https://standards-oui.ieee.org/oui/oui.csv
002183,renamed,2017-09-08T02:05:22.000Z,VATECH HYDRO,ANDRITZ HYDRO GmbH,https://standards-oui.ieee.org/oui/oui.csv,https://web.archive.org/web/20170908020522id_/https://standards-oui.ieee.org/oui/oui.csv
002294,recased,2017-09-08T02:05:22.000Z,Kyocera Corporation,KYOCERA CORPORATION,https://standards-oui.ieee.org/oui/oui.csv,https://web.archive.org/web/20170908020522id_/https://standards-oui.ieee.org/oui/oui.csv
002365,renamed,2017-09-08T02:05:22.000Z,ELKA-Elektronik GmbH,Insta Elektro GmbH,https://standards-oui.ieee.org/oui/oui.csv,https://web.archive.org/web/20170908020522id_/https://standards-oui.ieee.org/oui/oui.csv
0023F8,recased,2017-09-08T02:05:22.000Z,ZyXEL Communications Corporation,Zyxel Communications Corporation,https://standards-oui.ieee.org/oui/oui.csv,https://web.archive.org/web/20170908020522id_/https://standards-oui.ieee.org/oui/oui.csv
002424,renamed,2017-09-08T02:05:22.000Z,Axis Network Technology,Ace Axis Limited,https://standards-oui.ieee.org/oui/oui.csv,https://web.archive.org/web/20170908020522id_/https://standards-oui.ieee.org/oui/oui.csv
002445,renamed,2017-09-08T02:05:22.000Z,CommScope Canada Inc.,Adtran Inc,https://standards-oui.ieee.org/oui/oui.csv,https://web.archive.org/web/20170908020522id_/https://standards-oui.ieee.org/oui/oui.csv
0024AF,renamed,2017-09-08T02:05:22.000Z,EchoStar Technologies,Echostar Technologies Corp,https://standards-oui.ieee.org/oui/oui.csv,https://web.archive.org/web/20170908020522id_/https://standards-oui.ieee.org/oui/oui.csv
00262D,renamed,2017-09-08T02:05:22.000Z,Wistron Neweb Corporation,Wistron Corporation,https://standards-oui.ieee.org/oui/oui.csv,https://web.archive.org/web/20170908020522id_/https://standards-oui.ieee.org/oui/oui.csv
002692,renamed,2017-09-08T02:05:22.000Z,Mitsubishi Electric Co.,Mitsubishi Electric Corporation,https://standards-oui.ieee.org/oui/oui.csv,https://web.archive.org/web/20170908020522id_/https://standards-oui.ieee.org/oui/oui.csv
0026AB,recased,2017-09-08T02:05:22.000Z,SEIKO EPSON CORPORATION,Seiko Epson Corporation,https://standards-oui.ieee.org/oui/oui.csv,https://web.archive.org/web/20170908020522id_/https://standards-oui.ieee.org/oui/oui.csv
003048,renamed,2017-09-08T02:05:22.000Z,"Supermicro Computer, Inc.","Super Micro Computer, Inc.",https://standards-oui.ieee.org/oui/oui.csv,https://web.archive.org/web/20170908020522id_/https://standards-oui.ieee.org/oui/oui.csv
004066,renamed,2017-09-08T02:05:22.000Z,"Hitachi Metals, Ltd.",APRESIA Systems Ltd,https://standards-oui.ieee.org/oui/oui.csv,https://web.archive.org/web/20170908020522id_/https://standards-oui.ieee.org/oui/oui.csv
0040AA,renamed,2017-09-08T02:05:22.000Z,Metso Automation,Valmet Automation,https://standards-oui.ieee.org/oui/oui.csv,https://web.archive.org/web/20170908020522id_/https://standards-oui.ieee.org/oui/oui.csv
005013,renamed,2017-09-08T02:05:22.000Z,Chaparral Network Storage,Seagate Cloud Systems Inc,https://standards-oui.ieee.org/oui/oui.csv,https://web.archive.org/web/20170908020522id_/https://standards-oui.ieee.org/oui/oui.csv
005016,renamed,2017-09-08T02:05:22.000Z,SST/WOODHEAD INDUSTRIES,Molex Canada Ltd,https://standards-oui.ieee.org/oui/oui.csv,https://web.archive.org/web/20170908020522id_/https://standards-oui.ieee.org/oui/oui.csv
0050B5,renamed,2017-09-08T02:05:22.000Z,FICHET-BAUCHE,FICHET SECURITE ELECTRONIQUE,https://standards-oui.ieee.org/oui/oui.csv,https://web.archive.org/web/20170908020522id_/https://standards-oui.ieee.org/oui/oui.csv
0050CC,renamed,2017-09-08T02:05:22.000Z,XYRATEX,Seagate Cloud Systems Inc,https://standards-oui.ieee.org/oui/oui.csv,https://web.archive.org/web/20170908020522id_/https://standards-oui.ieee.org/oui/oui.csv
006041,renamed,2017-09-08T02:05:22.000Z,Yokogawa Electric Corporation,Yokogawa Digital Computer Corporation,https://standards-oui.ieee.org/oui/oui.csv,https://web.archive.org/web/20170908020522id_/https://standards-oui.ieee.org/oui/oui.csv
006048,renamed,2017-09-08T02:05:22.000Z,EMC CORPORATION,Dell EMC,https://standards-oui.ieee.org/oui/oui.csv,https://web.archive.org/web/20170908020522id_/https://standards-oui.ieee.org/oui/oui.csv
006088,renamed,2017-09-08T02:05:22.000Z,"WHITE MOUNTAIN DSP, INC.","Analog Devices, Inc.",https://standards-oui.ieee.org/oui/oui.csv,https://web.archive.org/web/20170908020522id_/https://standards-oui.ieee.org/oui/oui.csv
00609B,renamed,2017-09-08T02:05:22.000Z,"ASTRO-MED, INC.","AstroNova, Inc",https://standards-oui.ieee.org/oui/oui.csv,https://web.archive.org/web/20170908020522id_/https://standards-oui.ieee.org/oui/oui.csv
0060BD,renamed,2017-09-08T02:05:22.000Z,HUBBELL-PULSECOM,Enginuity Communications,https://standards-oui.ieee.org/oui/oui.csv,https://web.archive.org/web/20170908020522id_/https://standards-oui.ieee.org/oui/oui.csv
008025,renamed,2017-09-08T02:05:22.000Z,STOLLMANN GMBH,Telit Wireless Solutions GmbH,https://standards-oui.ieee.org/oui/oui.csv,https://web.archive.org/web/20170908020522id_/https://standards-oui.ieee.org/oui/oui.csv
00806C,renamed,2017-09-08T02:05:22.000Z,CEGELEC PROJECTS LTD,Secure Systems & Services,https://standards-oui.ieee.org/oui/oui.csv,https://web.archive.org/web/20170908020522id_/https://standards-oui.ieee.org/oui/oui.csv
0080C2,renamed,2017-09-08T02:05:22.000Z,IEEE 802.1,IEEE 802.1 Working Group,https://standards-oui.ieee.org/oui/oui.csv,https://web.archive.org/web/20170908020522id_/https://standards-oui.ieee.org/oui/oui.csv
0080E7,renamed,2017-09-08T02:05:22.000Z,LYNWOOD SCIENTIFIC DEV. LTD.,Leonardo Tactical Systems.,https://standards-oui.ieee.org/oui/oui.csv,https://web.archive.org/web/20170908020522id_/https://standards-oui.ieee.org/oui/oui.csv
009058,renamed,2017-09-08T02:05:22.000Z,Ultra Electronics Limited (AEP Networks),Ultra Electronics Command & Control Systems,https://standards-oui.ieee.org/oui/oui.csv,https://web.archive.org/web/20170908020522id_/https://standards-oui.ieee.org/oui/oui.csv
0090F1,renamed,2017-09-08T02:05:22.000Z,DOT HILL SYSTEMS CORPORATION,Seagate Cloud Systems Inc,https://standards-oui.ieee.org/oui/oui.csv,https://web.archive.org/web/20170908020522id_/https://standards-oui.ieee.org/oui/oui.csv
00A06F,renamed,2017-09-08T02:05:22.000Z,"THE APPCON GROUP, INC.","Color Sentinel Systems, LLC",https://standards-oui.ieee.org/oui/oui.csv,https://web.archive.org/web/20170908020522id_/https://standards-oui.ieee.org/oui/oui.csv
00A096,recased,2017-09-08T02:05:22.000Z,"MITSUMI ELECTRIC CO., LTD.","MITSUMI ELECTRIC CO.,LTD.",https://standards-oui.ieee.org/oui/oui.csv,https://web.archive.org/web/20170908020522id_/https://standards-oui.ieee.org/oui/oui.csv
00A0C5,recased,2017-09-08T02:05:22.000Z,ZyXEL Communications Corporation,Zyxel Communications Corporation,https://standards-oui.ieee.org/oui/oui.csv,https://web.archive.org/web/20170908020522id_/https://standards-oui.ieee.org/oui/oui.csv
00A0C8,recased,2017-09-08T02:05:22.000Z,ADTRAN INC.,Adtran Inc,https://standards-oui.ieee.org/oui/oui.csv,https://web.archive.org/web/20170908020522id_/https://standards-oui.ieee.org/oui/oui.csv
00C064,renamed,2017-09-08T02:05:22.000Z,GENERAL DATACOMM IND. INC.,General Datacomm LLC,https://standards-oui.ieee.org/oui/oui.csv,https://web.archive.org/web/20170908020522id_/https://standards-oui.ieee.org/oui/oui.csv
00C0EE,renamed,2017-09-08T02:05:22.000Z,KYOCERA CORPORATION,KYOCERA Display Corporation,https://standards-oui.ieee.org/oui/oui.csv,https://web.archive.org/web/20170908020522id_/https://standards-oui.ieee.org/oui/oui.csv
00C0FF,renamed,2017-09-08T02:05:22.000Z,DOT HILL SYSTEMS CORPORATION,Seagate Cloud Systems Inc,https://standards-oui.ieee.org/oui/oui.csv,https://web.archive.org/web/20170908020522id_/https://standards-oui.ieee.org/oui/oui.csv
00D01F,renamed,2017-09-08T02:05:22.000Z,Senetas Security,Senetas Corporation Ltd,https://standards-oui.ieee.org/oui/oui.csv,https://web.archive.org/web/20170908020522id_/https://standards-oui.ieee.org/oui/oui.csv
00D095,renamed,2017-09-08T02:05:22.000Z,"Alcatel-Lucent, Enterprise Business Group",Alcatel-Lucent Enterprise,https://standards-oui.ieee.org/oui/oui.csv,https://web.archive.org/web/20170908020522id_/https://standards-oui.ieee.org/oui/oui.csv
00D0B2,renamed,2017-09-08T02:05:22.000Z,19514,Xiotech Corporation,https://standards-oui.ieee.org/oui/oui.csv,https://web.archive.org/web/20170908020522id_/https://standards-oui.ieee.org/oui/oui.csv
00D0EC,renamed,2017-09-08T02:05:22.000Z,"NAKAYO TELECOMMUNICATIONS,INC",NAKAYO Inc,https://standards-oui.ieee.org/oui/oui.csv,https://web.archive.org/web/20170908020522id_/https://standards-oui.ieee.org/oui/oui.csv
00E022,recased,2017-09-08T02:05:22.000Z,Analog Devices Inc.,"Analog Devices, Inc.",https://standards-oui.ieee.org/oui/oui.csv,https://web.archive.org/web/20170908020522id_/https://standards-oui.ieee.org/oui/oui.csv
00E02B,recased,2017-09-08T02:05:22.000Z,EXTREME NETWORKS,Extreme Networks,https://standards-oui.ieee.org/oui/oui.csv,https://web.archive.org/web/20170908020522id_/https://standards-oui.ieee.org/oui/oui.csv
00E06C,renamed,2017-09-08T02:05:22.000Z,Ultra Electronics Limited (AEP Networks),Ultra Electronics Command & Control Systems,https://standards-oui.ieee.org/oui/oui.csv,https://web.archive.org/web/20170908020522id_/https://standards-oui.ieee.org/oui/oui.csv
00E0B1,renamed,2017-09-08T02:05:22.000Z,"Alcatel-Lucent, Enterprise Business Group",Alcatel-Lucent Enterprise,https://standards-oui.ieee.org/oui/oui.csv,https://web.archive.org/web/20170908020522id_/https://standards-oui.ieee.org/oui/oui.csv
00E0DA,renamed,2017-09-08T02:05:22.000Z,Alcatel North America ESD,Alcatel-Lucent Enterprise,https://standards-oui.ieee.org/oui/oui.csv,https://web.archive.org/web/20170908020522id_/https://standards-oui.ieee.org/oui/oui.csv
04209A,renamed,2017-09-08T02:05:22.000Z,Panasonic AVC Networks Company,Panasonic Corporation AVC Networks Company,https://standards-oui.ieee.org/oui/oui.csv,https://web.archive.org/web/20170908020522id_/https://standards-oui.ieee.org/oui/oui.csv
048B42,renamed,2017-09-08T02:05:22.000Z,Skspruce Technology Limited,Skspruce Technologies,https://standards-oui.ieee.org/oui/oui.csv,https://web.archive.org/web/20170908020522id_/https://standards-oui.ieee.org/oui/oui.csv
04BF6D,recased,2017-09-08T02:05:22.000Z,ZyXEL Communications Corporation,Zyxel Communications Corporation,https://standards-oui.ieee.org/oui/oui.csv,https://web.archive.org/web/20170908020522id_/https://standards-oui.ieee.org/oui/oui.csv
04C9D9,recased,2017-09-08T02:05:22.000Z,EchoStar Technologies Corp,Echostar Technologies Corp,https://standards-oui.ieee.org/oui/oui.csv,https://web.archive.org/web/20170908020522id_/https://standards-oui.ieee.org/oui/oui.csv
08001B,renamed,2017-09-08T02:05:22.000Z,EMC Corporation,Dell EMC,https://standards-oui.ieee.org/oui/oui.csv,https://web.archive.org/web/20170908020522id_/https://standards-oui.ieee.org/oui/oui.csv
080027,renamed,2017-09-08T02:05:22.000Z,Cadmus Computer Systems,PCS Systemtechnik GmbH,https://standards-oui.ieee.org/oui/oui.csv,https://web.archive.org/web/20170908020522id_/https://standards-oui.ieee.org/oui/oui.csv
08006A,renamed,2017-09-08T02:05:22.000Z,ATT BELL LABORATORIES,AT&T,https://standards-oui.ieee.org/oui/oui.csv,https://web.archive.org/web/20170908020522id_/https://standards-oui.ieee.org/oui/oui.csv
080070,renamed,2017-09-08T02:05:22.000Z,MITSUBISHI ELECTRIC CORP.,"Mitsubishi Precision Co.,LTd.",https://standards-oui.ieee.org/oui/oui.csv,https://web.archive.org/web/20170908020522id_/https://standards-oui.ieee.org/oui/oui.csv
107BEF,recased,2017-09-08T02:05:22.000Z,ZyXEL Communications Corporation,Zyxel Communications Corporation,https://standards-oui.ieee.org/oui/oui.csv,https://web.archive.org/web/20170908020522id_/https://standards-oui.ieee.org/oui/oui.csv
14144B,renamed,2017-09-08T02:05:22.000Z,"FUJIAN STAR-NET COMMUNICATION CO.,LTD","Ruijie Networks Co.,LTD",https://standards-oui.ieee.org/oui/oui.csv,https://web.archive.org/web/20170908020522id_/https://standards-oui.ieee.org/oui/oui.csv
14CF8D,renamed,2017-09-08T02:05:22.000Z,"OHSUNG ELECTRONICS CO., LTD.",OHSUNG,https://standards-oui.ieee.org/oui/oui.csv,https://web.archive.org/web/20170908020522id_/https://standards-oui.ieee.org/oui/oui.csv
180675,recased,2017-09-08T02:05:22.000Z,DILAX Intelcom GmbH,Dilax Intelcom GmbH,https://standards-oui.ieee.org/oui/oui.csv,https://web.archive.org/web/20170908020522id_/https://standards-oui.ieee.org/oui/oui.csv
1C740D,recased,2017-09-08T02:05:22.000Z,ZyXEL Communications Corporation,Zyxel Communications Corporation,https://standards-oui.ieee.org/oui/oui.csv,https://web.archive.org/web/20170908020522id_/https://standards-oui.ieee.org/oui/oui.csv
1C965A,renamed,2017-09-08T02:05:22.000Z,"Weifang goertek Electronics CO.,LTD","Weifang GoerTek Technology Co.,Ltd.",https://standards-oui.ieee.org/oui/oui.csv,https://web.archive.org/web/20170908020522id_/https://standards-oui.ieee.org/oui/oui.csv
1CA532,renamed,2017-09-08T02:05:22.000Z,"Shenzhen Gongjin Electronics Co.,Ltd","SHENZHEN GONGJIN ELECTRONICS CO.,LT",https://standards-oui.ieee.org/oui/oui.csv,https://web.archive.org/web/20170908020522id_/https://standards-oui.ieee.org/oui/oui.csv
245FDF,recased,2017-09-08T02:05:22.000Z,KYOCERA Corporation,KYOCERA CORPORATION,https://standards-oui.ieee.org/oui/oui.csv,https://web.archive.org/web/20170908020522id_/https://standards-oui.ieee.org/oui/oui.csv
24EA40,renamed,2017-09-08T02:05:22.000Z,Systeme Helmholz GmbH,Helmholz GmbH & Co. KG,https://standards-oui.ieee.org/oui/oui.csv,https://web.archive.org/web/20170908020522id_/https://standards-oui.ieee.org/oui/oui.csv
28285D,recased,2017-09-08T02:05:22.000Z,ZyXEL Communications Corporation,Zyxel Communications Corporation,https://standards-oui.ieee.org/oui/oui.csv,https://web.archive.org/web/20170908020522id_/https://standards-oui.ieee.org/oui/oui.csv
2C4D79,renamed,2017-09-08T02:05:22.000Z,GoerTek Inc.,"Weifang GoerTek Technology Co.,Ltd.",https://standards-oui.ieee.org/oui/oui.csv,https://web.archive.org/web/20170908020522id_/https://standards-oui.ieee.org/oui/oui.csv
2C9AA4,renamed,2017-09-08T02:05:22.000Z,NGI SpA,Eolo SpA,https://standards-oui.ieee.org/oui/oui.csv,https://web.archive.org/web/20170908020522id_/https://standards-oui.ieee.org/oui/oui.csv
2CAB25,renamed,2017-09-08T02:05:22.000Z,"Shenzhen Gongjin Electronics Co.,Ltd","SHENZHEN GONGJIN ELECTRONICS CO.,LT",https://standards-oui.ieee.org/oui/oui.csv,https://web.archive.org/web/20170908020522id_/https://standards-oui.ieee.org/oui/oui.csv
2CFAA2,renamed,2017-09-08T02:05:22.000Z,Alcatel-Lucent,Alcatel-Lucent Enterprise,https://standards-oui.ieee.org/oui/oui.csv,https://web.archive.org/web/20170908020522id_/https://standards-oui.ieee.org/oui/oui.csv
347877,recased,2017-09-08T02:05:22.000Z,O-NET Communications(Shenzhen) Limited,O-Net Communications (Shenzhen) Limited,https://standards-oui.ieee.org/oui/oui.csv,https://web.archive.org/web/20170908020522id_/https://standards-oui.ieee.org/oui/oui.csv
34E70B,renamed,2017-09-08T02:05:22.000Z,"Beijing HAN Networks Co., Ltd","HAN Networks Co., Ltd",https://standards-oui.ieee.org/oui/oui.csv,https://web.archive.org/web/20170908020522id_/https://standards-oui.ieee.org/oui/oui.csv
38E595,renamed,2017-09-08T02:05:22.000Z,"Shenzhen Gongjin Electronics Co.,Ltd","SHENZHEN GONGJIN ELECTRONICS CO.,LT",https://standards-oui.ieee.org/oui/oui.csv,https://web.archive.org/web/20170908020522id_/https://standards-oui.ieee.org/oui/oui.csv
3C18A0,renamed,2017-09-08T02:05:22.000Z,"Luxshare Precision Industry Co.,Ltd.",Luxshare Precision Industry Company Limited,https://standards-oui.ieee.org/oui/oui.csv,https://web.archive.org/web/20170908020522id_/https://standards-oui.ieee.org/oui/oui.csv
3CEF8C,recased,2017-09-08T02:05:22.000Z,"ZHEJIANG DAHUA TECHNOLOGY CO.,LTD.","Zhejiang Dahua Technology Co., Ltd.",https://standards-oui.ieee.org/oui/oui.csv,https://web.archive.org/web/20170908020522id_/https://standards-oui.ieee.org/oui/oui.csv
401B5F,renamed,2017-09-08T02:05:22.000Z,"Weifang GoerTek Electronics Co., Ltd.","Weifang GoerTek Technology Co.,Ltd.",https://standards-oui.ieee.org/oui/oui.csv,https://web.archive.org/web/20170908020522id_/https://standards-oui.ieee.org/oui/oui.csv
404A03,recased,2017-09-08T02:05:22.000Z,ZyXEL Communications Corporation,Zyxel Communications Corporation,https://standards-oui.ieee.org/oui/oui.csv,https://web.archive.org/web/20170908020522id_/https://standards-oui.ieee.org/oui/oui.csv
408BF6,recased,2017-09-08T02:05:22.000Z,Shenzhen TCL New Technology Co; Ltd.,"Shenzhen TCL New Technology Co., Ltd",https://standards-oui.ieee.org/oui/oui.csv,https://web.archive.org/web/20170908020522id_/https://standards-oui.ieee.org/oui/oui.csv
480C49,renamed,2017-09-08T02:05:22.000Z,"NAKAYO TELECOMMUNICATIONS,INC",NAKAYO Inc,https://standards-oui.ieee.org/oui/oui.csv,https://web.archive.org/web/20170908020522id_/https://standards-oui.ieee.org/oui/oui.csv
4857DD,renamed,2017-09-08T02:05:22.000Z,Facebook,Facebook Inc,https://standards-oui.ieee.org/oui/oui.csv,https://web.archive.org/web/20170908020522id_/https://standards-oui.ieee.org/oui/oui.csv
4C11BF,recased,2017-09-08T02:05:22.000Z,"ZHEJIANG DAHUA TECHNOLOGY CO.,LTD.","Zhejiang Dahua Technology Co., Ltd.",https://standards-oui.ieee.org/oui/oui.csv,https://web.archive.org/web/20170908020522id_/https://standards-oui.ieee.org/oui/oui.csv
4C82CF,renamed,2017-09-08T02:05:22.000Z,Echostar Technologies,Echostar Technologies Corp,https://standards-oui.ieee.org/oui/oui.csv,https://web.archive.org/web/20170908020522id_/https://standards-oui.ieee.org/oui/oui.csv
4C9EFF,recased,2017-09-08T02:05:22.000Z,ZyXEL Communications Corporation,Zyxel Communications Corporation,https://standards-oui.ieee.org/oui/oui.csv,https://web.archive.org/web/20170908020522id_/https://standards-oui.ieee.org/oui/oui.csv
506787,renamed,2017-09-08T02:05:22.000Z,iTellus,Planet Networks,https://standards-oui.ieee.org/oui/oui.csv,https://web.archive.org/web/20170908020522id_/https://standards-oui.ieee.org/oui/oui.csv
5067F0,recased,2017-09-08T02:05:22.000Z,ZyXEL Communications Corporation,Zyxel Communications Corporation,https://standards-oui.ieee.org/oui/oui.csv,https://web.archive.org/web/20170908020522id_/https://standards-oui.ieee.org/oui/oui.csv
50C9A0,renamed,2017-09-08T02:05:22.000Z,SKIPPER Electronics AS,SKIPPER AS,https://standards-oui.ieee.org/oui/oui.csv,https://web.archive.org/web/20170908020522id_/https://standards-oui.ieee.org/oui/oui.csv
588BF3,recased,2017-09-08T02:05:22.000Z,ZyXEL Communications Corporation,Zyxel Communications Corporation,https://standards-oui.ieee.org/oui/oui.csv,https://web.archive.org/web/20170908020522id_/https://standards-oui.ieee.org/oui/oui.csv
5C0E8B,renamed,2017-09-08T02:05:22.000Z,Zebra Technologies Inc,Extreme Networks,https://standards-oui.ieee.org/oui/oui.csv,https://web.archive.org/web/20170908020522id_/https://standards-oui.ieee.org/oui/oui.csv
5C2BF5,renamed,2017-09-08T02:05:22.000Z,Vivint,Vivint Wireless Inc.,https://standards-oui.ieee.org/oui/oui.csv,https://web.archive.org/web/20170908020522id_/https://standards-oui.ieee.org/oui/oui.csv
5C6B4F,renamed,2017-09-08T02:05:22.000Z,Private,Hello Inc.,https://standards-oui.ieee.org/oui/oui.csv,https://web.archive.org/web/20170908020522id_/https://standards-oui.ieee.org/oui/oui.csv
5CF4AB,recased,2017-09-08T02:05:22.000Z,ZyXEL Communications Corporation,Zyxel Communications Corporation,https://standards-oui.ieee.org/oui/oui.csv,https://web.archive.org/web/20170908020522id_/https://standards-oui.ieee.org/oui/oui.csv
5CFF35,renamed,2017-09-08T02:05:22.000Z,Wistron Neweb Corporation,Wistron Corporation,https://standards-oui.ieee.org/oui/oui.csv,https://web.archive.org/web/20170908020522id_/https://standards-oui.ieee.org/oui/oui.csv
601283,renamed,2017-09-08T02:05:22.000Z,Soluciones Tecnologicas para la Salud y el Bienestar SA,TSB REAL TIME LOCATION SYSTEMS S.L.,https://standards-oui.ieee.org/oui/oui.csv,https://web.archive.org/web/20170908020522id_/https://standards-oui.ieee.org/oui/oui.csv
602103,renamed,2017-09-08T02:05:22.000Z,STCUBE.INC,"I4VINE, INC",https://standards-oui.ieee.org/oui/oui.csv,https://web.archive.org/web/20170908020522id_/https://standards-oui.ieee.org/oui/oui.csv
603197,recased,2017-09-08T02:05:22.000Z,ZyXEL Communications Corporation,Zyxel Communications Corporation,https://standards-oui.ieee.org/oui/oui.csv,https://web.archive.org/web/20170908020522id_/https://standards-oui.ieee.org/oui/oui.csv
60C798,renamed,2017-09-08T02:05:22.000Z,"Verifone, Inc.",Verifone,https://standards-oui.ieee.org/oui/oui.csv,https://web.archive.org/web/20170908020522id_/https://standards-oui.ieee.org/oui/oui.csv
647C34,renamed,2017-09-08T02:05:22.000Z,Ubee Interactive Corp.,"Ubee Interactive Co., Limited",https://standards-oui.ieee.org/oui/oui.csv,https://web.archive.org/web/20170908020522id_/https://standards-oui.ieee.org/oui/oui.csv
681FD8,renamed,2017-09-08T02:05:22.000Z,Advanced Telemetry,"Siemens Industry, Inc.",https://standards-oui.ieee.org/oui/oui.csv,https://web.archive.org/web/20170908020522id_/https://standards-oui.ieee.org/oui/oui.csv
6854ED,renamed,2017-09-08T02:05:22.000Z,Alcatel-Lucent - Nuage,Alcatel-Lucent,https://standards-oui.ieee.org/oui/oui.csv,https://web.archive.org/web/20170908020522id_/https://standards-oui.ieee.org/oui/oui.csv
68A40E,renamed,2017-09-08T02:05:22.000Z,BSH Bosch and Siemens Home Appliances GmbH,BSH Hausgeräte GmbH,https://standards-oui.ieee.org/oui/oui.csv,https://web.archive.org/web/20170908020522id_/https://standards-oui.ieee.org/oui/oui.csv
6C38A1,renamed,2017-09-08T02:05:22.000Z,Ubee Interactive Corp.,"Ubee Interactive Co., Limited",https://standards-oui.ieee.org/oui/oui.csv,https://web.archive.org/web/20170908020522id_/https://standards-oui.ieee.org/oui/oui.csv
6C7660,recased,2017-09-08T02:05:22.000Z,KYOCERA Corporation,KYOCERA CORPORATION,https://standards-oui.ieee.org/oui/oui.csv,https://web.archive.org/web/20170908020522id_/https://standards-oui.ieee.org/oui/oui.csv
705812,renamed,2017-09-08T02:05:22.000Z,Panasonic AVC Networks Company,Panasonic Corporation AVC Networks Company,https://standards-oui.ieee.org/oui/oui.csv,https://web.archive.org/web/20170908020522id_/https://standards-oui.ieee.org/oui/oui.csv
740ABC,renamed,2017-09-08T02:05:22.000Z,JSJS Designs (Europe) Limited,LightwaveRF Technology Ltd,https://standards-oui.ieee.org/oui/oui.csv,https://web.archive.org/web/20170908020522id_/https://standards-oui.ieee.org/oui/oui.csv
7467F7,renamed,2017-09-08T02:05:22.000Z,Zebra Technologoes,Extreme Networks,https://standards-oui.ieee.org/oui/oui.csv,https://web.archive.org/web/20170908020522id_/https://standards-oui.ieee.org/oui/oui.csv
749CE3,renamed,2017-09-08T02:05:22.000Z,Art2Wave Canada Inc.,"KodaCloud Canada, Inc",https://standards-oui.ieee.org/oui/oui.csv,https://web.archive.org/web/20170908020522id_/https://standards-oui.ieee.org/oui/oui.csv
74D0DC,recased,2017-09-08T02:05:22.000Z,ERICSSON AB,Ericsson AB,https://standards-oui.ieee.org/oui/oui.csv,https://web.archive.org/web/20170908020522id_/https://standards-oui.ieee.org/oui/oui.csv
78617C,recased,2017-09-08T02:05:22.000Z,"MITSUMI ELECTRIC CO.,LTD","MITSUMI ELECTRIC CO.,LTD.",https://standards-oui.ieee.org/oui/oui.csv,https://web.archive.org/web/20170908020522id_/https://standards-oui.ieee.org/oui/oui.csv
78FC14,renamed,2017-09-08T02:05:22.000Z,B Communications Pty Ltd,Family Zone Cyber Safety Ltd,https://standards-oui.ieee.org/oui/oui.csv,https://web.archive.org/web/20170908020522id_/https://standards-oui.ieee.org/oui/oui.csv
7CC95A,renamed,2017-09-08T02:05:22.000Z,EMC,Dell EMC,https://standards-oui.ieee.org/oui/oui.csv,https://web.archive.org/web/20170908020522id_/https://standards-oui.ieee.org/oui/oui.csv
800010,renamed,2017-09-08T02:05:22.000Z,ATT BELL LABORATORIES,AT&T,https://standards-oui.ieee.org/oui/oui.csv,https://web.archive.org/web/20170908020522id_/https://standards-oui.ieee.org/oui/oui.csv
80739F,recased,2017-09-08T02:05:22.000Z,KYOCERA Corporation,KYOCERA CORPORATION,https://standards-oui.ieee.org/oui/oui.csv,https://web.archive.org/web/20170908020522id_/https://standards-oui.ieee.org/oui/oui.csv
841766,renamed,2017-09-08T02:05:22.000Z,"Weifang GoerTek Electronics Co., Ltd","Weifang GoerTek Technology Co.,Ltd.",https://standards-oui.ieee.org/oui/oui.csv,https://web.archive.org/web/20170908020522id_/https://standards-oui.ieee.org/oui/oui.csv
84253F,recased,2017-09-08T02:05:22.000Z,"Silex Technology, Inc","silex technology, Inc.",https://standards-oui.ieee.org/oui/oui.csv,https://web.archive.org/web/20170908020522id_/https://standards-oui.ieee.org/oui/oui.csv
8809AF,renamed,2017-09-08T02:05:22.000Z,Masimo Corp.,Masimo Corporation,https://standards-oui.ieee.org/oui/oui.csv,https://web.archive.org/web/20170908020522id_/https://standards-oui.ieee.org/oui/oui.csv
881544,renamed,2017-09-08T02:05:22.000Z,"Meraki, Inc.",Cisco Meraki,https://standards-oui.ieee.org/oui/oui.csv,https://web.archive.org/web/20170908020522id_/https://standards-oui.ieee.org/oui/oui.csv
88C626,renamed,2017-09-08T02:05:22.000Z,Logitech - Ultimate Ears,"Logitech, Inc",https://standards-oui.ieee.org/oui/oui.csv,https://web.archive.org/web/20170908020522id_/https://standards-oui.ieee.org/oui/oui.csv
8C3C4A,renamed,2017-09-08T02:05:22.000Z,"NAKAYO TELECOMMUNICATIONS,INC",NAKAYO Inc,https://standards-oui.ieee.org/oui/oui.csv,https://web.archive.org/web/20170908020522id_/https://standards-oui.ieee.org/oui/oui.csv
8CD2E9,renamed,2017-09-08T02:05:22.000Z,NIPPON SMT Co.Ltｄ,"YOKOTE SEIKO CO., LTD.",https://standards-oui.ieee.org/oui/oui.csv,https://web.archive.org/web/20170908020522id_/https://standards-oui.ieee.org/oui/oui.csv
9002A9,recased,2017-09-08T02:05:22.000Z,"ZHEJIANG DAHUA TECHNOLOGY CO.,LTD","Zhejiang Dahua Technology Co., Ltd.",https://standards-oui.ieee.org/oui/oui.csv,https://web.archive.org/web/20170908020522id_/https://standards-oui.ieee.org/oui/oui.csv
90EF68,recased,2017-09-08T02:05:22.000Z,ZyXEL Communications Corporation,Zyxel Communications Corporation,https://standards-oui.ieee.org/oui/oui.csv,https://web.archive.org/web/20170908020522id_/https://standards-oui.ieee.org/oui/oui.csv
948FEE,renamed,2017-09-08T02:05:22.000Z,"Hughes Telematics, Inc.",Verizon Telematics,https://standards-oui.ieee.org/oui/oui.csv,https://web.archive.org/web/20170908020522id_/https://standards-oui.ieee.org/oui/oui.csv
94FBB2,renamed,2017-09-08T02:05:22.000Z,"Shenzhen Gongjin Electronics Co.,Ltd","SHENZHEN GONGJIN ELECTRONICS CO.,LT",https://standards-oui.ieee.org/oui/oui.csv,https://web.archive.org/web/20170908020522id_/https://standards-oui.ieee.org/oui/oui.csv
98F5A9,renamed,2017-09-08T02:05:22.000Z,"OHSUNG ELECTRONICS CO.,LTD.",OHSUNG,https://standards-oui.ieee.org/oui/oui.csv,https://web.archive.org/web/20170908020522id_/https://standards-oui.ieee.org/oui/oui.csv
A0E4CB,recased,2017-09-08T02:05:22.000Z,ZyXEL Communications Corporation,Zyxel Communications Corporation,https://standards-oui.ieee.org/oui/oui.csv,https://web.archive.org/web/20170908020522id_/https://standards-oui.ieee.org/oui/oui.csv
A41566,renamed,2017-09-08T02:05:22.000Z,"Wei Fang Goertek Electronics Co.,Ltd","Weifang GoerTek Technology Co.,Ltd.",https://standards-oui.ieee.org/oui/oui.csv,https://web.archive.org/web/20170908020522id_/https://standards-oui.ieee.org/oui/oui.csv
A45385,renamed,2017-09-08T02:05:22.000Z,"Weifang GoerTek Electronics Co., Ltd.","Weifang GoerTek Technology Co.,Ltd.",https://standards-oui.ieee.org/oui/oui.csv,https://web.archive.org/web/20170908020522id_/https://standards-oui.ieee.org/oui/oui.csv
A46011,renamed,2017-09-08T02:05:22.000Z,VeriFone Inc.,Verifone,https://standards-oui.ieee.org/oui/oui.csv,https://web.archive.org/web/20170908020522id_/https://standards-oui.ieee.org/oui/oui.csv
A49B13,renamed,2017-09-08T02:05:22.000Z,"Burroughs Payment Systems, Inc.",Digital Check,https://standards-oui.ieee.org/oui/oui.csv,https://web.archive.org/web/20170908020522id_/https://standards-oui.ieee.org/oui/oui.csv
A4EE57,recased,2017-09-08T02:05:22.000Z,SEIKO EPSON CORPORATION,Seiko Epson Corporation,https://standards-oui.ieee.org/oui/oui.csv,https://web.archive.org/web/20170908020522id_/https://standards-oui.ieee.org/oui/oui.csv
A830AD,renamed,2017-09-08T02:05:22.000Z,"Wei Fang Goertek Electronics Co.,Ltd","Weifang GoerTek Technology Co.,Ltd.",https://standards-oui.ieee.org/oui/oui.csv,https://web.archive.org/web/20170908020522id_/https://standards-oui.ieee.org/oui/oui.csv
A8D3C8,renamed,2017-09-08T02:05:22.000Z,Wachendorff Elektronik  GmbH & Co. KG,Topcon Electronics GmbH & Co. KG,https://standards-oui.ieee.org/oui/oui.csv,https://web.archive.org/web/20170908020522id_/https://standards-oui.ieee.org/oui/oui.csv
AC1826,recased,2017-09-08T02:05:22.000Z,SEIKO EPSON CORPORATION,Seiko Epson Corporation,https://standards-oui.ieee.org/oui/oui.csv,https://web.archive.org/web/20170908020522id_/https://standards-oui.ieee.org/oui/oui.csv
AC6E1A,renamed,2017-09-08T02:05:22.000Z,"Shenzhen Gongjin Electronics Co.,Ltd","SHENZHEN GONGJIN ELECTRONICS CO.,LT",https://standards-oui.ieee.org/oui/oui.csv,https://web.archive.org/web/20170908020522id_/https://standards-oui.ieee.org/oui/oui.csv
ACD657,recased,2017-09-08T02:05:22.000Z,"Shaanxi Guolian Digital TV Technology Co., Ltd.","Shaanxi GuoLian Digital TV Technology Co.,Ltd.",https://standards-oui.ieee.org/oui/oui.csv,https://web.archive.org/web/20170908020522id_/https://standards-oui.ieee.org/oui/oui.csv
ACFD93,renamed,2017-09-08T02:05:22.000Z,"Weifang GoerTek Electronics Co., Ltd.","Weifang GoerTek Technology Co.,Ltd.",https://standards-oui.ieee.org/oui/oui.csv,https://web.archive.org/web/20170908020522id_/https://standards-oui.ieee.org/oui/oui.csv
B0B2DC,recased,2017-09-08T02:05:22.000Z,ZyXEL Communications Corporation,Zyxel Communications Corporation,https://standards-oui.ieee.org/oui/oui.csv,https://web.archive.org/web/20170908020522id_/https://standards-oui.ieee.org/oui/oui.csv
B0E892,recased,2017-09-08T02:05:22.000Z,SEIKO EPSON CORPORATION,Seiko Epson Corporation,https://standards-oui.ieee.org/oui/oui.csv,https://web.archive.org/web/20170908020522id_/https://standards-oui.ieee.org/oui/oui.csv
B4417A,renamed,2017-09-08T02:05:22.000Z,"ShenZhen Gongjin Electronics Co.,Ltd","SHENZHEN GONGJIN ELECTRONICS CO.,LT",https://standards-oui.ieee.org/oui/oui.csv,https://web.archive.org/web/20170908020522id_/https://standards-oui.ieee.org/oui/oui.csv
B4C799,renamed,2017-09-08T02:05:22.000Z,Zebra Technologies Inc,Extreme Networks,https://standards-oui.ieee.org/oui/oui.csv,https://web.archive.org/web/20170908020522id_/https://standards-oui.ieee.org/oui/oui.csv
B877C3,renamed,2017-09-08T02:05:22.000Z,"Decagon Devices, Inc.",METER Group,https://standards-oui.ieee.org/oui/oui.csv,https://web.archive.org/web/20170908020522id_/https://standards-oui.ieee.org/oui/oui.csv
BC9680,renamed,2017-09-08T02:05:22.000Z,"Shenzhen Gongjin Electronics Co.,Ltd","SHENZHEN GONGJIN ELECTRONICS CO.,LT",https://standards-oui.ieee.org/oui/oui.csv,https://web.archive.org/web/20170908020522id_/https://standards-oui.ieee.org/oui/oui.csv
BCC342,renamed,2017-09-08T02:05:22.000Z,"Panasonic System Networks Co., Ltd.","Panasonic Communications Co., Ltd.",https://standards-oui.ieee.org/oui/oui.csv,https://web.archive.org/web/20170908020522id_/https://standards-oui.ieee.org/oui/oui.csv
C03D46,renamed,2017-09-08T02:05:22.000Z,"Shanghai Mochui Network Technology Co., Ltd","Shanghai Sango Network Technology Co.,Ltd",https://standards-oui.ieee.org/oui/oui.csv,https://web.archive.org/web/20170908020522id_/https://standards-oui.ieee.org/oui/oui.csv
C0E54E,renamed,2017-09-08T02:05:22.000Z,DENX Computer Systems GmbH,ARIES Embedded GmbH,https://standards-oui.ieee.org/oui/oui.csv,https://web.archive.org/web/20170908020522id_/https://standards-oui.ieee.org/oui/oui.csv
C421C8,recased,2017-09-08T02:05:22.000Z,KYOCERA Corporation,KYOCERA CORPORATION,https://standards-oui.ieee.org/oui/oui.csv,https://web.archive.org/web/20170908020522id_/https://standards-oui.ieee.org/oui/oui.csv
C4EEF5,renamed,2017-09-08T02:05:22.000Z,"Oclaro, Inc.",II-VI Incorporated,https://standards-oui.ieee.org/oui/oui.csv,https://web.archive.org/web/20170908020522id_/https://standards-oui.ieee.org/oui/oui.csv
C83B45,renamed,2017-09-08T02:05:22.000Z,JRI-Maxant,JRI,https://standards-oui.ieee.org/oui/oui.csv,https://web.archive.org/web/20170908020522id_/https://standards-oui.ieee.org/oui/oui.csv
C86C87,recased,2017-09-08T02:05:22.000Z,ZyXEL Communications Corporation,Zyxel Communications Corporation,https://standards-oui.ieee.org/oui/oui.csv,https://web.archive.org/web/20170908020522id_/https://standards-oui.ieee.org/oui/oui.csv
C8DE51,renamed,2017-09-08T02:05:22.000Z,"Integra Networks, Inc.",IntegraOptics,https://standards-oui.ieee.org/oui/oui.csv,https://web.archive.org/web/20170908020522id_/https://standards-oui.ieee.org/oui/oui.csv
CC5D4E,recased,2017-09-08T02:05:22.000Z,ZyXEL Communications Corporation,Zyxel Communications Corporation,https://standards-oui.ieee.org/oui/oui.csv,https://web.archive.org/web/20170908020522id_/https://standards-oui.ieee.org/oui/oui.csv
CC7EE7,renamed,2017-09-08T02:05:22.000Z,Panasonic AVC Networks Company,Panasonic Corporation AVC Networks Company,https://standards-oui.ieee.org/oui/oui.csv,https://web.archive.org/web/20170908020522id_/https://standards-oui.ieee.org/oui/oui.csv
D083D4,renamed,2017-09-08T02:05:22.000Z,XTel ApS,Xtel Wireless ApS,https://standards-oui.ieee.org/oui/oui.csv,https://web.archive.org/web/20170908020522id_/https://standards-oui.ieee.org/oui/oui.csv
D0F73B,renamed,2017-09-08T02:05:22.000Z,Helmut Mauell GmbH,Helmut Mauell GmbH Werk Weida,https://standards-oui.ieee.org/oui/oui.csv,https://web.archive.org/web/20170908020522id_/https://standards-oui.ieee.org/oui/oui.csv
D837BE,renamed,2017-09-08T02:05:22.000Z,"Shanghai Gongjing Telecom Technology Co,LTD","SHENZHEN GONGJIN ELECTRONICS CO.,LT",https://standards-oui.ieee.org/oui/oui.csv,https://web.archive.org/web/20170908020522id_/https://standards-oui.ieee.org/oui/oui.csv
D8B12A,recased,2017-09-08T02:05:22.000Z,"Panasonic Mobile Communications Co., Ltd.","Panasonic Mobile Communications Co.,Ltd.",https://standards-oui.ieee.org/oui/oui.csv,https://web.archive.org/web/20170908020522id_/https://standards-oui.ieee.org/oui/oui.csv
DCF090,renamed,2017-09-08T02:05:22.000Z,Private,"Nubia Technology Co.,Ltd.",https://standards-oui.ieee.org/oui/oui.csv,https://web.archive.org/web/20170908020522id_/https://standards-oui.ieee.org/oui/oui.csv
E0DCA0,renamed,2017-09-08T02:05:22.000Z,"Siemens Electrical Apparatus Ltd., Suzhou Chengdu Branch",Siemens Industrial Automation Products Ltd Chengdu,https://standards-oui.ieee.org/oui/oui.csv,https://web.archive.org/web/20170908020522id_/https://standards-oui.ieee.org/oui/oui.csv
E4186B,recased,2017-09-08T02:05:22.000Z,ZyXEL Communications Corporation,Zyxel Communications Corporation,https://standards-oui.ieee.org/oui/oui.csv,https://web.archive.org/web/20170908020522id_/https://standards-oui.ieee.org/oui/oui.csv
E817FC,renamed,2017-09-08T02:05:22.000Z,NIFTY Corporation,Fujitsu Cloud Technologies Limited,https://standards-oui.ieee.org/oui/oui.csv,https://web.archive.org/web/20170908020522id_/https://standards-oui.ieee.org/oui/oui.csv
E8377A,recased,2017-09-08T02:05:22.000Z,ZyXEL Communications Corporation,Zyxel Communications Corporation,https://standards-oui.ieee.org/oui/oui.csv,https://web.archive.org/web/20170908020522id_/https://standards-oui.ieee.org/oui/oui.csv
E8E732,renamed,2017-09-08T02:05:22.000Z,Alcatel-Lucent,Alcatel-Lucent Enterprise,https://standards-oui.ieee.org/oui/oui.csv,https://web.archive.org/web/20170908020522id_/https://standards-oui.ieee.org/oui/oui.csv
E8EADA,renamed,2017-09-08T02:05:22.000Z,Denkovi Assembly Electroncs LTD,Denkovi Assembly Electronics LTD,https://standards-oui.ieee.org/oui/oui.csv,https://web.archive.org/web/20170908020522id_/https://standards-oui.ieee.org/oui/oui.csv
EC43F6,renamed,2017-09-08T02:05:22.000Z,5420,Zyxel Communications Corporation,https://standards-oui.ieee.org/oui/oui.csv,https://web.archive.org/web/20170908020522id_/https://standards-oui.ieee.org/oui/oui.csv
F43E61,renamed,2017-09-08T02:05:22.000Z,"Shenzhen Gongjin Electronics Co., Ltd","SHENZHEN GONGJIN ELECTRONICS CO.,LT",https://standards-oui.ieee.org/oui/oui.csv,https://web.archive.org/web/20170908020522id_/https://standards-oui.ieee.org/oui/oui.csv
FC0A81,renamed,2017-09-08T02:05:22.000Z,Zebra Technologies Inc,Extreme Networks,https://standards-oui.ieee.org/oui/oui.csv,https://web.archive.org/web/20170908020522id_/https://standards-oui.ieee.org/oui/oui.csv
FC8B97,renamed,2017-09-08T02:05:22.000Z,"Shenzhen Gongjin Electronics Co.,Ltd","SHENZHEN GONGJIN ELECTRONICS CO.,LT",https://standards-oui.ieee.org/oui/oui.csv,https://web.archive.org/web/20170908020522id_/https://standards-oui.ieee.org/oui/oui.csv
FCF528,recased,2017-09-08T02:05:22.000Z,ZyXEL Communications Corporation,Zyxel Communications Corporation,https://standards-oui.ieee.org/oui/oui.csv,https://web.archive.org/web/20170908020522id_/https://standards-oui.ieee.org/oui/oui.csv
0000A8,renamed,2018-12-21T09:05:36.000Z,STRATUS COMPUTER INC.,Stratus Technologies,https://standards-oui.ieee.org/oui/oui.csv,https://web.archive.org/web/20181221090536id_/https://standards-oui.ieee.org/oui/oui.csv
0000BD,renamed,2018-12-21T09:05:36.000Z,MITSUBISHI CABLE COMPANY,"Mitsubishi Cable Industries, Ltd. / Ryosei Systems",https://standards-oui.ieee.org/oui/oui.csv,https://web.archive.org/web/20181221090536id_/https://standards-oui.ieee.org/oui/oui.csv
0000C3,renamed,2018-12-21T09:05:36.000Z,HARRIS CORP COMPUTER SYS DIV,Harris Corporation,https://standards-oui.ieee.org/oui/oui.csv,https://web.archive.org/web/20181221090536id_/https://standards-oui.ieee.org/oui/oui.csv
000102,renamed,2018-12-21T09:05:36.000Z,3COM CORPORATION,3COM,https://standards-oui.ieee.org/oui/oui.csv,https://web.archive.org/web/20181221090536id_/https://standards-oui.ieee.org/oui/oui.csv
000103,renamed,2018-12-21T09:05:36.000Z,3COM CORPORATION,3COM,https://standards-oui.ieee.org/oui/oui.csv,https://web.archive.org/web/20181221090536id_/https://standards-oui.ieee.org/oui/oui.csv
000121,recased,2018-12-21T09:05:36.000Z,"Watchguard Technologies, Inc.","WatchGuard Technologies, Inc.",https://standards-oui.ieee.org/oui/oui.csv,https://web.archive.org/web/20181221090536id_/https://standards-oui.ieee.org/oui/oui.csv
000123,renamed,2018-12-21T09:05:36.000Z,DIGITAL ELECTRONICS CORP.,Schneider Electric Japan Holdings Ltd.,https://standards-oui.ieee.org/oui/oui.csv,https://web.archive.org/web/20181221090536id_/https://standards-oui.ieee.org/oui/oui.csv
000130,renamed,2018-12-21T09:05:36.000Z,Extreme Networks,"Extreme Networks, Inc.",https://standards-oui.ieee.org/oui/oui.csv,https://web.archive.org/web/20181221090536id_/https://standards-oui.ieee.org/oui/oui.csv
000149,renamed,2018-12-21T09:05:36.000Z,T.D.T. Transfer Data Test GmbH,TDT AG,https://standards-oui.ieee.org/oui/oui.csv,https://web.archive.org/web/20181221090536id_/https://standards-oui.ieee.org/oui/oui.csv
0001B9,renamed,2018-12-21T09:05:36.000Z,SKF Condition Monitoring,SKF (U.K.) Limited,https://standards-oui.ieee.org/oui/oui.csv,https://web.archive.org/web/20181221090536id_/https://standards-oui.ieee.org/oui/oui.csv
00023F,recased,2018-12-21T09:05:36.000Z,"COMPAL ELECTRONICS, INC.",Compal Electronics INC.,https://standards-oui.ieee.org/oui/oui.csv,https://web.archive.org/web/20181221090536id_/https://standards-oui.ieee.org/oui/oui.csv
000284,renamed,2018-12-21T09:05:36.000Z,AREVA T&D,UK Grid Solutions Limited,https://standards-oui.ieee.org/oui/oui.csv,https://web.archive.org/web/20181221090536id_/https://standards-oui.ieee.org/oui/oui.csv
0002C7,recased,2018-12-21T09:05:36.000Z,"ALPS ELECTRIC CO.,LTD.","ALPS ELECTRIC CO., LTD.",https://standards-oui.ieee.org/oui/oui.csv,https://web.archive.org/web/20181221090536id_/https://standards-oui.ieee.org/oui/oui.csv
000397,renamed,2018-12-21T09:05:36.000Z,Watchfront Limited,FireBrick Limited,https://standards-oui.ieee.org/oui/oui.csv,https://web.archive.org/web/20181221090536id_/https://standards-oui.ieee.org/oui/oui.csv
00040B,recased,2018-12-21T09:05:36.000Z,3COM EUROPE LTD.,3COM EUROPE LTD,https://standards-oui.ieee.org/oui/oui.csv,https://web.archive.org/web/20181221090536id_/https://standards-oui.ieee.org/oui/oui.csv
000413,renamed,2018-12-21T09:05:36.000Z,SNOM Technology AG,snom technology GmbH,https://standards-oui.ieee.org/oui/oui.csv,https://web.archive.org/web/20181221090536id_/https://standards-oui.ieee.org/oui/oui.csv
000475,renamed,2018-12-21T09:05:36.000Z,3 Com Corporation,3COM,https://standards-oui.ieee.org/oui/oui.csv,https://web.archive.org/web/20181221090536id_/https://standards-oui.ieee.org/oui/oui.csv
000476,renamed,2018-12-21T09:05:36.000Z,3 Com Corporation,3COM,https://standards-oui.ieee.org/oui/oui.csv,https://web.archive.org/web/20181221090536id_/https://standards-oui.ieee.org/oui/oui.csv
000496,renamed,2018-12-21T09:05:36.000Z,Extreme Networks,"Extreme Networks, Inc.",https://standards-oui.ieee.org/oui/oui.csv,https://web.archive.org/web/20181221090536id_/https://standards-oui.ieee.org/oui/oui.csv
0004DF,renamed,2018-12-21T09:05:36.000Z,Teracom Telematica Ltda.,TERACOM TELEMATICA S.A,https://standards-oui.ieee.org/oui/oui.csv,https://web.archive.org/web/20181221090536id_/https://standards-oui.ieee.org/oui/oui.csv
0004FC,renamed,2018-12-21T09:05:36.000Z,"Stratus Computer (DE), Inc.",Stratus Technologies,https://standards-oui.ieee.org/oui/oui.csv,https://web.archive.org/web/20181221090536id_/https://standards-oui.ieee.org/oui/oui.csv
00051A,recased,2018-12-21T09:05:36.000Z,3COM EUROPE LTD.,3COM EUROPE LTD,https://standards-oui.ieee.org/oui/oui.csv,https://web.archive.org/web/20181221090536id_/https://standards-oui.ieee.org/oui/oui.csv
000644,renamed,2018-12-21T09:05:36.000Z,"neix,Inc","NextGen Business Solutions, Inc",https://standards-oui.ieee.org/oui/oui.csv,https://web.archive.org/web/20181221090536id_/https://standards-oui.ieee.org/oui/oui.csv
00068C,renamed,2018-12-21T09:05:36.000Z,3COM CORPORATION,3COM,https://standards-oui.ieee.org/oui/oui.csv,https://web.archive.org/web/20181221090536id_/https://standards-oui.ieee.org/oui/oui.csv
0006F5,recased,2018-12-21T09:05:36.000Z,"ALPS ELECTRIC CO.,LTD.","ALPS ELECTRIC CO., LTD.",https://standards-oui.ieee.org/oui/oui.csv,https://web.archive.org/web/20181221090536id_/https://standards-oui.ieee.org/oui/oui.csv
0006F7,recased,2018-12-21T09:05:36.000Z,"ALPS ELECTRIC CO.,LTD.","ALPS ELECTRIC CO., LTD.",https://standards-oui.ieee.org/oui/oui.csv,https://web.archive.org/web/20181221090536id_/https://standards-oui.ieee.org/oui/oui.csv
000702,renamed,2018-12-21T09:05:36.000Z,Varian Medical Systems,Varex Imaging,https://standards-oui.ieee.org/oui/oui.csv,https://web.archive.org/web/20181221090536id_/https://standards-oui.ieee.org/oui/oui.csv
000704,recased,2018-12-21T09:05:36.000Z,"ALPS ELECTRIC CO.,LTD.","ALPS ELECTRIC CO., LTD.",https://standards-oui.ieee.org/oui/oui.csv,https://web.archive.org/web/20181221090536id_/https://standards-oui.ieee.org/oui/oui.csv
00073A,renamed,2018-12-21T09:05:36.000Z,Inventel Systemes,INVENTEL,https://standards-oui.ieee.org/oui/oui.csv,https://web.archive.org/web/20181221090536id_/https://standards-oui.ieee.org/oui/oui.csv
0007A8,recased,2018-12-21T09:05:36.000Z,Haier Group Technologies Ltd.,Haier Group Technologies Ltd,https://standards-oui.ieee.org/oui/oui.csv,https://web.archive.org/web/20181221090536id_/https://standards-oui.ieee.org/oui/oui.csv
000889,renamed,2018-12-21T09:05:36.000Z,Echostar Technologies Corp,Dish Technologies Corp,https://standards-oui.ieee.org/oui/oui.csv,https://web.archive.org/web/20181221090536id_/https://standards-oui.ieee.org/oui/oui.csv
00093A,renamed,2018-12-21T09:05:36.000Z,Molex,Molex CMS,https://standards-oui.ieee.org/oui/oui.csv,https://web.archive.org/web/20181221090536id_/https://standards-oui.ieee.org/oui/oui.csv
0009DF,renamed,2018-12-21T09:05:36.000Z,Vestel Komunikasyon Sanayi ve Ticaret A.S.,Vestel Elektronik San ve Tic. A.Ş.,https://standards-oui.ieee.org/oui/oui.csv,https://web.archive.org/web/20181221090536id_/https://standards-oui.ieee.org/oui/oui.csv
000A5E,renamed,2018-12-21T09:05:36.000Z,3COM Corporation,3COM,https://standards-oui.ieee.org/oui/oui.csv,https://web.archive.org/web/20181221090536id_/https://standards-oui.ieee.org/oui/oui.csv
000AD9,renamed,2018-12-21T09:05:36.000Z,Sony Mobile Communications AB,Sony Mobile Communications Inc,https://standards-oui.ieee.org/oui/oui.csv,https://web.archive.org/web/20181221090536id_/https://standards-oui.ieee.org/oui/oui.csv
000ADB,renamed,2018-12-21T09:05:36.000Z,"SkyPilot Network, Inc",Trilliant,https://standards-oui.ieee.org/oui/oui.csv,https://web.archive.org/web/20181221090536id_/https://standards-oui.ieee.org/oui/oui.csv
000B23,renamed,2018-12-21T09:05:36.000Z,Siemens Subscriber Networks,Siemens Home & Office Comm. Devices,https://standards-oui.ieee.org/oui/oui.csv,https://web.archive.org/web/20181221090536id_/https://standards-oui.ieee.org/oui/oui.csv
000B86,renamed,2018-12-21T09:05:36.000Z,Aruba Networks,"Aruba, a Hewlett Packard Enterprise Company",https://standards-oui.ieee.org/oui/oui.csv,https://web.archive.org/web/20181221090536id_/https://standards-oui.ieee.org/oui/oui.csv
000BA3,renamed,2018-12-21T09:05:36.000Z,"Siemens AG, I&S",Siemens AG,https://standards-oui.ieee.org/oui/oui.csv,https://web.archive.org/web/20181221090536id_/https://standards-oui.ieee.org/oui/oui.csv
000D82,renamed,2018-12-21T09:05:36.000Z,PHS srl,PHSNET,https://standards-oui.ieee.org/oui/oui.csv,https://web.archive.org/web/20181221090536id_/https://standards-oui.ieee.org/oui/oui.csv
000E07,renamed,2018-12-21T09:05:36.000Z,Sony Mobile Communications AB,Sony Mobile Communications Inc,https://standards-oui.ieee.org/oui/oui.csv,https://web.archive.org/web/20181221090536id_/https://standards-oui.ieee.org/oui/oui.csv
000E8C,renamed,2018-12-21T09:05:36.000Z,Siemens AG A&D ET,Siemens AG,https://standards-oui.ieee.org/oui/oui.csv,https://web.archive.org/web/20181221090536id_/https://standards-oui.ieee.org/oui/oui.csv
000E8F,renamed,2018-12-21T09:05:36.000Z,Sercomm Corp.,Sercomm Corporation.,https://standards-oui.ieee.org/oui/oui.csv,https://web.archive.org/web/20181221090536id_/https://standards-oui.ieee.org/oui/oui.csv
000F15,renamed,2018-12-21T09:05:36.000Z,Kjaerulff1 A/S,Icotera A/S,https://standards-oui.ieee.org/oui/oui.csv,https://web.archive.org/web/20181221090536id_/https://standards-oui.ieee.org/oui/oui.csv
000FB0,recased,2018-12-21T09:05:36.000Z,"COMPAL ELECTRONICS, INC.",Compal Electronics INC.,https://standards-oui.ieee.org/oui/oui.csv,https://web.archive.org/web/20181221090536id_/https://standards-oui.ieee.org/oui/oui.csv
000FDE,renamed,2018-12-21T09:05:36.000Z,Sony Mobile Communications AB,Sony Mobile Communications Inc,https://standards-oui.ieee.org/oui/oui.csv,https://web.archive.org/web/20181221090536id_/https://standards-oui.ieee.org/oui/oui.csv
00104B,renamed,2018-12-21T09:05:36.000Z,3COM CORPORATION,3COM,https://standards-oui.ieee.org/oui/oui.csv,https://web.archive.org/web/20181221090536id_/https://standards-oui.ieee.org/oui/oui.csv
00105A,renamed,2018-12-21T09:05:36.000Z,3COM CORPORATION,3COM,https://standards-oui.ieee.org/oui/oui.csv,https://web.archive.org/web/20181221090536id_/https://standards-oui.ieee.org/oui/oui.csv
00111E,renamed,2018-12-21T09:05:36.000Z,EPSG (Ethernet Powerlink Standardization Group),ETHERNET Powerlink Standarization Group (EPSG),https://standards-oui.ieee.org/oui/oui.csv,https://web.archive.org/web/20181221090536id_/https://standards-oui.ieee.org/oui/oui.csv
001133,renamed,2018-12-21T09:05:36.000Z,Siemens Austria SIMEA,Siemens AG Austria,https://standards-oui.ieee.org/oui/oui.csv,https://web.archive.org/web/20181221090536id_/https://standards-oui.ieee.org/oui/oui.csv
00124F,renamed,2018-12-21T09:05:36.000Z,Pentair Thermal Management,nVent,https://standards-oui.ieee.org/oui/oui.csv,https://web.archive.org/web/20181221090536id_/https://standards-oui.ieee.org/oui/oui.csv
0012A5,renamed,2018-12-21T09:05:36.000Z,"Stargen, Inc.",Dolphin Interconnect Solutions AS,https://standards-oui.ieee.org/oui/oui.csv,https://web.archive.org/web/20181221090536id_/https://standards-oui.ieee.org/oui/oui.csv
0012EE,renamed,2018-12-21T09:05:36.000Z,Sony Mobile Communications AB,Sony Mobile Communications Inc,https://standards-oui.ieee.org/oui/oui.csv,https://web.archive.org/web/20181221090536id_/https://standards-oui.ieee.org/oui/oui.csv
00131E,renamed,2018-12-21T09:05:36.000Z,Peiker acustic GmbH & Co. KG,peiker acustic GmbH,https://standards-oui.ieee.org/oui/oui.csv,https://web.archive.org/web/20181221090536id_/https://standards-oui.ieee.org/oui/oui.csv
00134F,renamed,2018-12-21T09:05:36.000Z,Tranzeo Wireless Technologies Inc.,Rapidus Wireless Networks Inc.,https://standards-oui.ieee.org/oui/oui.csv,https://web.archive.org/web/20181221090536id_/https://standards-oui.ieee.org/oui/oui.csv
001386,recased,2018-12-21T09:05:36.000Z,ABB Inc./Totalflow,ABB Inc/Totalflow,https://standards-oui.ieee.org/oui/oui.csv,https://web.archive.org/web/20181221090536id_/https://standards-oui.ieee.org/oui/oui.csv
00138A,renamed,2018-12-21T09:05:36.000Z,"QINGDAO GOERTEK ELECTRONICS CO.,LTD.","Qingdao GoerTek Technology Co., Ltd.",https://standards-oui.ieee.org/oui/oui.csv,https://web.archive.org/web/20181221090536id_/https://standards-oui.ieee.org/oui/oui.csv
0013A3,renamed,2018-12-21T09:05:36.000Z,Siemens Com CPE Devices,Siemens Home & Office Comm. Devices,https://standards-oui.ieee.org/oui/oui.csv,https://web.archive.org/web/20181221090536id_/https://standards-oui.ieee.org/oui/oui.csv
00141D,renamed,2018-12-21T09:05:36.000Z,LTi DRIVES GmbH,LTI-Motion GmbH,https://standards-oui.ieee.org/oui/oui.csv,https://web.archive.org/web/20181221090536id_/https://standards-oui.ieee.org/oui/oui.csv
001472,renamed,2018-12-21T09:05:36.000Z,China Broadband Wireless IP Standard Group,China Broadband Wireless IP Standard group(ChinaBWIPS),https://standards-oui.ieee.org/oui/oui.csv,https://web.archive.org/web/20181221090536id_/https://standards-oui.ieee.org/oui/oui.csv
001477,renamed,2018-12-21T09:05:36.000Z,Nertec  Inc.,Trilliant,https://standards-oui.ieee.org/oui/oui.csv,https://web.archive.org/web/20181221090536id_/https://standards-oui.ieee.org/oui/oui.csv
00151E,renamed,2018-12-21T09:05:36.000Z,Ethernet Powerlink Standardization Group (EPSG),ETHERNET Powerlink Standarization Group (EPSG),https://standards-oui.ieee.org/oui/oui.csv,https://web.archive.org/web/20181221090536id_/https://standards-oui.ieee.org/oui/oui.csv
001620,renamed,2018-12-21T09:05:36.000Z,Sony Mobile Communications AB,Sony Mobile Communications Inc,https://standards-oui.ieee.org/oui/oui.csv,https://web.archive.org/web/20181221090536id_/https://standards-oui.ieee.org/oui/oui.csv
00165C,recased,2018-12-21T09:05:36.000Z,Trackflow Ltd,Trackflow Ltd.,https://standards-oui.ieee.org/oui/oui.csv,https://web.archive.org/web/20181221090536id_/https://standards-oui.ieee.org/oui/oui.csv
0016B8,renamed,2018-12-21T09:05:36.000Z,Sony Mobile Communications AB,Sony Mobile Communications Inc,https://standards-oui.ieee.org/oui/oui.csv,https://web.archive.org/web/20181221090536id_/https://standards-oui.ieee.org/oui/oui.csv
0016FE,recased,2018-12-21T09:05:36.000Z,"ALPS ELECTRIC CO.,LTD.","ALPS ELECTRIC CO., LTD.",https://standards-oui.ieee.org/oui/oui.csv,https://web.archive.org/web/20181221090536id_/https://standards-oui.ieee.org/oui/oui.csv
0017B6,renamed,2018-12-21T09:05:36.000Z,Aquantia,Aquantia Corporation,https://standards-oui.ieee.org/oui/oui.csv,https://web.archive.org/web/20181221090536id_/https://standards-oui.ieee.org/oui/oui.csv
0017F3,renamed,2018-12-21T09:05:36.000Z,Harris Corparation,Harris Corporation,https://standards-oui.ieee.org/oui/oui.csv,https://web.archive.org/web/20181221090536id_/https://standards-oui.ieee.org/oui/oui.csv
001813,renamed,2018-12-21T09:05:36.000Z,Sony Mobile Communications AB,Sony Mobile Communications Inc,https://standards-oui.ieee.org/oui/oui.csv,https://web.archive.org/web/20181221090536id_/https://standards-oui.ieee.org/oui/oui.csv
001849,renamed,2018-12-21T09:05:36.000Z,Pigeon Point Systems LLC,"nVent, Schroff GmbH",https://standards-oui.ieee.org/oui/oui.csv,https://web.archive.org/web/20181221090536id_/https://standards-oui.ieee.org/oui/oui.csv
0018DA,renamed,2018-12-21T09:05:36.000Z,AMBER wireless GmbH,Würth Elektronik eiSos GmbH & Co. KG,https://standards-oui.ieee.org/oui/oui.csv,https://web.archive.org/web/20181221090536id_/https://standards-oui.ieee.org/oui/oui.csv
00193B,renamed,2018-12-21T09:05:36.000Z,Wilibox Deliberant Group LLC,LigoWave,https://standards-oui.ieee.org/oui/oui.csv,https://web.archive.org/web/20181221090536id_/https://standards-oui.ieee.org/oui/oui.csv
001963,renamed,2018-12-21T09:05:36.000Z,Sony Mobile Communications AB,Sony Mobile Communications Inc,https://standards-oui.ieee.org/oui/oui.csv,https://web.archive.org/web/20181221090536id_/https://standards-oui.ieee.org/oui/oui.csv
0019C1,recased,2018-12-21T09:05:36.000Z,"ALPS ELECTRIC CO.,LTD.","ALPS ELECTRIC CO., LTD.",https://standards-oui.ieee.org/oui/oui.csv,https://web.archive.org/web/20181221090536id_/https://standards-oui.ieee.org/oui/oui.csv
001A1E,renamed,2018-12-21T09:05:36.000Z,Aruba Networks,"Aruba, a Hewlett Packard Enterprise Company",https://standards-oui.ieee.org/oui/oui.csv,https://web.archive.org/web/20181221090536id_/https://standards-oui.ieee.org/oui/oui.csv
001A31,renamed,2018-12-21T09:05:36.000Z,SCAN COIN Industries AB,SCAN COIN AB,https://standards-oui.ieee.org/oui/oui.csv,https://web.archive.org/web/20181221090536id_/https://standards-oui.ieee.org/oui/oui.csv
001A3F,recased,2018-12-21T09:05:36.000Z,intelbras,Intelbras,https://standards-oui.ieee.org/oui/oui.csv,https://web.archive.org/web/20181221090536id_/https://standards-oui.ieee.org/oui/oui.csv
001A75,renamed,2018-12-21T09:05:36.000Z,Sony Mobile Communications AB,Sony Mobile Communications Inc,https://standards-oui.ieee.org/oui/oui.csv,https://web.archive.org/web/20181221090536id_/https://standards-oui.ieee.org/oui/oui.csv
001AC5,renamed,2018-12-21T09:05:36.000Z,"BreakingPoint Systems, Inc.","Keysight Technologies, Inc.",https://standards-oui.ieee.org/oui/oui.csv,https://web.archive.org/web/20181221090536id_/https://standards-oui.ieee.org/oui/oui.csv
001B59,renamed,2018-12-21T09:05:36.000Z,Sony Mobile Communications AB,Sony Mobile Communications Inc,https://standards-oui.ieee.org/oui/oui.csv,https://web.archive.org/web/20181221090536id_/https://standards-oui.ieee.org/oui/oui.csv
001B6E,renamed,2018-12-21T09:05:36.000Z,"Anue Systems, Inc.","Keysight Technologies, Inc.",https://standards-oui.ieee.org/oui/oui.csv,https://web.archive.org/web/20181221090536id_/https://standards-oui.ieee.org/oui/oui.csv
001BD8,renamed,2018-12-21T09:05:36.000Z,DVTel LTD,FLIR Systems Inc,https://standards-oui.ieee.org/oui/oui.csv,https://web.archive.org/web/20181221090536id_/https://standards-oui.ieee.org/oui/oui.csv
001BD9,renamed,2018-12-21T09:05:36.000Z,Edgewater Computer Systems,Edgewater Wireless Systems Inc,https://standards-oui.ieee.org/oui/oui.csv,https://web.archive.org/web/20181221090536id_/https://standards-oui.ieee.org/oui/oui.csv
001BFB,recased,2018-12-21T09:05:36.000Z,"ALPS ELECTRIC CO.,LTD.","ALPS ELECTRIC CO., LTD.",https://standards-oui.ieee.org/oui/oui.csv,https://web.archive.org/web/20181221090536id_/https://standards-oui.ieee.org/oui/oui.csv
001CA4,renamed,2018-12-21T09:05:36.000Z,Sony Mobile Communications AB,Sony Mobile Communications Inc,https://standards-oui.ieee.org/oui/oui.csv,https://web.archive.org/web/20181221090536id_/https://standards-oui.ieee.org/oui/oui.csv
001D28,renamed,2018-12-21T09:05:36.000Z,Sony Mobile Communications AB,Sony Mobile Communications Inc,https://standards-oui.ieee.org/oui/oui.csv,https://web.archive.org/web/20181221090536id_/https://standards-oui.ieee.org/oui/oui.csv
001E33,recased,2018-12-21T09:05:36.000Z,INVENTEC Corporation,INVENTEC CORPORATION,https://standards-oui.ieee.org/oui/oui.csv,https://web.archive.org/web/20181221090536id_/https://standards-oui.ieee.org/oui/oui.csv
001E3D,recased,2018-12-21T09:05:36.000Z,"ALPS ELECTRIC CO.,LTD.","ALPS ELECTRIC CO., LTD.",https://standards-oui.ieee.org/oui/oui.csv,https://web.archive.org/web/20181221090536id_/https://standards-oui.ieee.org/oui/oui.csv
001E45,renamed,2018-12-21T09:05:36.000Z,Sony Mobile Communications AB,Sony Mobile Communications Inc,https://standards-oui.ieee.org/oui/oui.csv,https://web.archive.org/web/20181221090536id_/https://standards-oui.ieee.org/oui/oui.csv
001E70,renamed,2018-12-21T09:05:36.000Z,Cobham Defence Communications Ltd,Cobham Antenna Systems,https://standards-oui.ieee.org/oui/oui.csv,https://web.archive.org/web/20181221090536id_/https://standards-oui.ieee.org/oui/oui.csv
001E80,renamed,2018-12-21T09:05:36.000Z,Last Mile Ltd.,Icotera A/S,https://standards-oui.ieee.org/oui/oui.csv,https://web.archive.org/web/20181221090536id_/https://standards-oui.ieee.org/oui/oui.csv
001EB8,renamed,2018-12-21T09:05:36.000Z,"Fortis, Inc.","Aloys, Inc",https://standards-oui.ieee.org/oui/oui.csv,https://web.archive.org/web/20181221090536id_/https://standards-oui.ieee.org/oui/oui.csv
001EDC,renamed,2018-12-21T09:05:36.000Z,Sony Mobile Communications AB,Sony Mobile Communications Inc,https://standards-oui.ieee.org/oui/oui.csv,https://web.archive.org/web/20181221090536id_/https://standards-oui.ieee.org/oui/oui.csv
001FE4,renamed,2018-12-21T09:05:36.000Z,Sony Mobile Communications AB,Sony Mobile Communications Inc,https://standards-oui.ieee.org/oui/oui.csv,https://web.archive.org/web/20181221090536id_/https://standards-oui.ieee.org/oui/oui.csv
00200E,renamed,2018-12-21T09:05:36.000Z,"SATELLITE TECHNOLOGY MGMT, INC",NSSLGlobal Technologies AS,https://standards-oui.ieee.org/oui/oui.csv,https://web.archive.org/web/20181221090536id_/https://standards-oui.ieee.org/oui/oui.csv
00203D,renamed,2018-12-21T09:05:36.000Z,Honeywell ECC,Honeywell Environmental & Combustion Controls,https://standards-oui.ieee.org/oui/oui.csv,https://web.archive.org/web/20181221090536id_/https://standards-oui.ieee.org/oui/oui.csv
0020AF,renamed,2018-12-21T09:05:36.000Z,3COM CORPORATION,3COM,https://standards-oui.ieee.org/oui/oui.csv,https://web.archive.org/web/20181221090536id_/https://standards-oui.ieee.org/oui/oui.csv
00214F,recased,2018-12-21T09:05:36.000Z,"ALPS ELECTRIC CO.,LTD.","ALPS ELECTRIC CO., LTD.",https://standards-oui.ieee.org/oui/oui.csv,https://web.archive.org/web/20181221090536id_/https://standards-oui.ieee.org/oui/oui.csv
00219E,renamed,2018-12-21T09:05:36.000Z,Sony Mobile Communications AB,Sony Mobile Communications Inc,https://standards-oui.ieee.org/oui/oui.csv,https://web.archive.org/web/20181221090536id_/https://standards-oui.ieee.org/oui/oui.csv
002218,renamed,2018-12-21T09:05:36.000Z,Verivue Inc.,AKAMAI TECHNOLOGIES INC,https://standards-oui.ieee.org/oui/oui.csv,https://web.archive.org/web/20181221090536id_/https://standards-oui.ieee.org/oui/oui.csv
002298,renamed,2018-12-21T09:05:36.000Z,Sony Mobile Communications AB,Sony Mobile Communications Inc,https://standards-oui.ieee.org/oui/oui.csv,https://web.archive.org/web/20181221090536id_/https://standards-oui.ieee.org/oui/oui.csv
002306,recased,2018-12-21T09:05:36.000Z,"ALPS ELECTRIC CO.,LTD.","ALPS ELECTRIC CO., LTD.",https://standards-oui.ieee.org/oui/oui.csv,https://web.archive.org/web/20181221090536id_/https://standards-oui.ieee.org/oui/oui.csv
00233D,renamed,2018-12-21T09:05:36.000Z,Novero holding B.V.,Laird Technologies,https://standards-oui.ieee.org/oui/oui.csv,https://web.archive.org/web/20181221090536id_/https://standards-oui.ieee.org/oui/oui.csv
002345,renamed,2018-12-21T09:05:36.000Z,Sony Mobile Communications AB,Sony Mobile Communications Inc,https://standards-oui.ieee.org/oui/oui.csv,https://web.archive.org/web/20181221090536id_/https://standards-oui.ieee.org/oui/oui.csv
002350,renamed,2018-12-21T09:05:36.000Z,LynTec,"RDC, Inc. dba LynTec",https://standards-oui.ieee.org/oui/oui.csv,https://web.archive.org/web/20181221090536id_/https://standards-oui.ieee.org/oui/oui.csv
0023F1,renamed,2018-12-21T09:05:36.000Z,Sony Mobile Communications AB,Sony Mobile Communications Inc,https://standards-oui.ieee.org/oui/oui.csv,https://web.archive.org/web/20181221090536id_/https://standards-oui.ieee.org/oui/oui.csv
002433,recased,2018-12-21T09:05:36.000Z,"ALPS ELECTRIC CO.,LTD.","ALPS ELECTRIC CO., LTD.",https://standards-oui.ieee.org/oui/oui.csv,https://web.archive.org/web/20181221090536id_/https://standards-oui.ieee.org/oui/oui.csv
00246C,renamed,2018-12-21T09:05:36.000Z,Aruba Networks,"Aruba, a Hewlett Packard Enterprise Company",https://standards-oui.ieee.org/oui/oui.csv,https://web.archive.org/web/20181221090536id_/https://standards-oui.ieee.org/oui/oui.csv
0024AE,renamed,2018-12-21T09:05:36.000Z,Morpho,IDEMIA,https://standards-oui.ieee.org/oui/oui.csv,https://web.archive.org/web/20181221090536id_/https://standards-oui.ieee.org/oui/oui.csv
0024AF,renamed,2018-12-21T09:05:36.000Z,Echostar Technologies Corp,Dish Technologies Corp,https://standards-oui.ieee.org/oui/oui.csv,https://web.archive.org/web/20181221090536id_/https://standards-oui.ieee.org/oui/oui.csv
0024EF,renamed,2018-12-21T09:05:36.000Z,Sony Mobile Communications AB,Sony Mobile Communications Inc,https://standards-oui.ieee.org/oui/oui.csv,https://web.archive.org/web/20181221090536id_/https://standards-oui.ieee.org/oui/oui.csv
00250C,renamed,2018-12-21T09:05:36.000Z,Enertrac,Senet Inc,https://standards-oui.ieee.org/oui/oui.csv,https://web.archive.org/web/20181221090536id_/https://standards-oui.ieee.org/oui/oui.csv
0025E7,renamed,2018-12-21T09:05:36.000Z,Sony Mobile Communications AB,Sony Mobile Communications Inc,https://standards-oui.ieee.org/oui/oui.csv,https://web.archive.org/web/20181221090536id_/https://standards-oui.ieee.org/oui/oui.csv
002643,recased,2018-12-21T09:05:36.000Z,"ALPS ELECTRIC CO.,LTD.","ALPS ELECTRIC CO., LTD.",https://standards-oui.ieee.org/oui/oui.csv,https://web.archive.org/web/20181221090536id_/https://standards-oui.ieee.org/oui/oui.csv
002654,renamed,2018-12-21T09:05:36.000Z,3Com Corporation,3COM,https://standards-oui.ieee.org/oui/oui.csv,https://web.archive.org/web/20181221090536id_/https://standards-oui.ieee.org/oui/oui.csv
00266C,recased,2018-12-21T09:05:36.000Z,INVENTEC Corporation,INVENTEC CORPORATION,https://standards-oui.ieee.org/oui/oui.csv,https://web.archive.org/web/20181221090536id_/https://standards-oui.ieee.org/oui/oui.csv
0026BD,renamed,2018-12-21T09:05:36.000Z,"JTEC Card & Communication Co., Ltd.","JTEC Card &amp; Communication Co., Ltd",https://standards-oui.ieee.org/oui/oui.csv,https://web.archive.org/web/20181221090536id_/https://standards-oui.ieee.org/oui/oui.csv
00301E,recased,2018-12-21T09:05:36.000Z,3COM EUROPE LTD.,3COM EUROPE LTD,https://standards-oui.ieee.org/oui/oui.csv,https://web.archive.org/web/20181221090536id_/https://standards-oui.ieee.org/oui/oui.csv
004084,renamed,2018-12-21T09:05:36.000Z,HONEYWELL ACS,Honeywell International HPS,https://standards-oui.ieee.org/oui/oui.csv,https://web.archive.org/web/20181221090536id_/https://standards-oui.ieee.org/oui/oui.csv
00409D,renamed,2018-12-21T09:05:36.000Z,"DIGIBOARD, INC.",DigiBoard,https://standards-oui.ieee.org/oui/oui.csv,https://web.archive.org/web/20181221090536id_/https://standards-oui.ieee.org/oui/oui.csv
004501,renamed,2018-12-21T09:05:36.000Z,"Versus Technology, Inc.",Midmark RTLS,https://standards-oui.ieee.org/oui/oui.csv,https://web.archive.org/web/20181221090536id_/https://standards-oui.ieee.org/oui/oui.csv
005004,renamed,2018-12-21T09:05:36.000Z,3COM CORPORATION,3COM,https://standards-oui.ieee.org/oui/oui.csv,https://web.archive.org/web/20181221090536id_/https://standards-oui.ieee.org/oui/oui.csv
005099,recased,2018-12-21T09:05:36.000Z,"3COM EUROPE, LTD.",3COM EUROPE LTD,https://standards-oui.ieee.org/oui/oui.csv,https://web.archive.org/web/20181221090536id_/https://standards-oui.ieee.org/oui/oui.csv
0050DA,renamed,2018-12-21T09:05:36.000Z,3COM CORPORATION,3COM,https://standards-oui.ieee.org/oui/oui.csv,https://web.archive.org/web/20181221090536id_/https://standards-oui.ieee.org/oui/oui.csv
006008,renamed,2018-12-21T09:05:36.000Z,3COM CORPORATION,3COM,https://standards-oui.ieee.org/oui/oui.csv,https://web.archive.org/web/20181221090536id_/https://standards-oui.ieee.org/oui/oui.csv
00608C,renamed,2018-12-21T09:05:36.000Z,3COM CORPORATION,3COM,https://standards-oui.ieee.org/oui/oui.csv,https://web.archive.org/web/20181221090536id_/https://standards-oui.ieee.org/oui/oui.csv
006097,renamed,2018-12-21T09:05:36.000Z,3COM CORPORATION,3COM,https://standards-oui.ieee.org/oui/oui.csv,https://web.archive.org/web/20181221090536id_/https://standards-oui.ieee.org/oui/oui.csv
0080B6,renamed,2018-12-21T09:05:36.000Z,THEMIS COMPUTER,"Mercury Systems – Trusted Mission Solutions, Inc.",https://standards-oui.ieee.org/oui/oui.csv,https://web.archive.org/web/20181221090536id_/https://standards-oui.ieee.org/oui/oui.csv
008CFA,recased,2018-12-21T09:05:36.000Z,INVENTEC Corporation,INVENTEC CORPORATION,https://standards-oui.ieee.org/oui/oui.csv,https://web.archive.org/web/20181221090536id_/https://standards-oui.ieee.org/oui/oui.csv
009004,recased,2018-12-21T09:05:36.000Z,3COM EUROPE LTD.,3COM EUROPE LTD,https://standards-oui.ieee.org/oui/oui.csv,https://web.archive.org/web/20181221090536id_/https://standards-oui.ieee.org/oui/oui.csv
009093,renamed,2018-12-21T09:05:36.000Z,NANAO CORPORATION,EIZO Corporation,https://standards-oui.ieee.org/oui/oui.csv,https://web.archive.org/web/20181221090536id_/https://standards-oui.ieee.org/oui/oui.csv
0090CE,renamed,2018-12-21T09:05:36.000Z,TETRA GmbH,avateramedical Mechatronics GmbH,https://standards-oui.ieee.org/oui/oui.csv,https://web.archive.org/web/20181221090536id_/https://standards-oui.ieee.org/oui/oui.csv
00A021,renamed,2018-12-21T09:05:36.000Z,General Dynamics,General Dynamics Mission Systems,https://standards-oui.ieee.org/oui/oui.csv,https://web.archive.org/web/20181221090536id_/https://standards-oui.ieee.org/oui/oui.csv
00A024,renamed,2018-12-21T09:05:36.000Z,3COM CORPORATION,3COM,https://standards-oui.ieee.org/oui/oui.csv,https://web.archive.org/web/20181221090536id_/https://standards-oui.ieee.org/oui/oui.csv
00A0D5,renamed,2018-12-21T09:05:36.000Z,SIERRA WIRELESS INC.,Sierra Wireless,https://standards-oui.ieee.org/oui/oui.csv,https://web.archive.org/web/20181221090536id_/https://standards-oui.ieee.org/oui/oui.csv
00B338,renamed,2018-12-21T09:05:36.000Z,Kontron Design Manufacturing Services (M) Sdn. Bhd,Kontron Asia Pacific Design Sdn. Bhd,https://standards-oui.ieee.org/oui/oui.csv,https://web.archive.org/web/20181221090536id_/https://standards-oui.ieee.org/oui/oui.csv
00BB3A,renamed,2018-12-21T09:05:36.000Z,Private,Amazon Technologies Inc.,https://standards-oui.ieee.org/oui/oui.csv,https://web.archive.org/web/20181221090536id_/https://standards-oui.ieee.org/oui/oui.csv
00C002,recased,2018-12-21T09:05:36.000Z,SERCOMM CORPORATION,Sercomm Corporation.,https://standards-oui.ieee.org/oui/oui.csv,https://web.archive.org/web/20181221090536id_/https://standards-oui.ieee.org/oui/oui.csv
00D02D,renamed,2018-12-21T09:05:36.000Z,ADEMCO,Resideo,https://standards-oui.ieee.org/oui/oui.csv,https://web.archive.org/web/20181221090536id_/https://standards-oui.ieee.org/oui/oui.csv
00D050,renamed,2018-12-21T09:05:36.000Z,ISKRATEL,Iskratel d.o.o.,https://standards-oui.ieee.org/oui/oui.csv,https://web.archive.org/web/20181221090536id_/https://standards-oui.ieee.org/oui/oui.csv
00D096,recased,2018-12-21T09:05:36.000Z,3COM EUROPE LTD.,3COM EUROPE LTD,https://standards-oui.ieee.org/oui/oui.csv,https://web.archive.org/web/20181221090536id_/https://standards-oui.ieee.org/oui/oui.csv
00D0CE,renamed,2018-12-21T09:05:36.000Z,ASYST ELECTRONIC,iSystem Labs,https://standards-oui.ieee.org/oui/oui.csv,https://web.archive.org/web/20181221090536id_/https://standards-oui.ieee.org/oui/oui.csv
00D0D8,renamed,2018-12-21T09:05:36.000Z,3Com Corporation,3COM,https://standards-oui.ieee.org/oui/oui.csv,https://web.archive.org/web/20181221090536id_/https://standards-oui.ieee.org/oui/oui.csv
00E009,renamed,2018-12-21T09:05:36.000Z,MARATHON TECHNOLOGIES CORP.,Stratus Technologies,https://standards-oui.ieee.org/oui/oui.csv,https://web.archive.org/web/20181221090536id_/https://standards-oui.ieee.org/oui/oui.csv
00E02B,renamed,2018-12-21T09:05:36.000Z,Extreme Networks,"Extreme Networks, Inc.",https://standards-oui.ieee.org/oui/oui.csv,https://web.archive.org/web/20181221090536id_/https://standards-oui.ieee.org/oui/oui.csv
00E05C,renamed,2018-12-21T09:05:36.000Z,"Panasonic Healthcare Co., Ltd.",PHC Corporation,https://standards-oui.ieee.org/oui/oui.csv,https://web.archive.org/web/20181221090536id_/https://standards-oui.ieee.org/oui/oui.csv
00EB2D,renamed,2018-12-21T09:05:36.000Z,Sony Mobile Communications AB,Sony Mobile Communications Inc,https://standards-oui.ieee.org/oui/oui.csv,https://web.archive.org/web/20181221090536id_/https://standards-oui.ieee.org/oui/oui.csv
02608C,renamed,2018-12-21T09:05:36.000Z,3COM CORPORATION,3COM,https://standards-oui.ieee.org/oui/oui.csv,https://web.archive.org/web/20181221090536id_/https://standards-oui.ieee.org/oui/oui.csv
02C08C,renamed,2018-12-21T09:05:36.000Z,3COM CORPORATION,3COM,https://standards-oui.ieee.org/oui/oui.csv,https://web.archive.org/web/20181221090536id_/https://standards-oui.ieee.org/oui/oui.csv
04766E,recased,2018-12-21T09:05:36.000Z,"ALPS ELECTRIC CO.,LTD.","ALPS ELECTRIC CO., LTD.",https://standards-oui.ieee.org/oui/oui.csv,https://web.archive.org/web/20181221090536id_/https://standards-oui.ieee.org/oui/oui.csv
0498F3,recased,2018-12-21T09:05:36.000Z,"ALPS ELECTRIC CO.,LTD.","ALPS ELECTRIC CO., LTD.",https://standards-oui.ieee.org/oui/oui.csv,https://web.archive.org/web/20181221090536id_/https://standards-oui.ieee.org/oui/oui.csv
04BD88,renamed,2018-12-21T09:05:36.000Z,Aruba Networks,"Aruba, a Hewlett Packard Enterprise Company",https://standards-oui.ieee.org/oui/oui.csv,https://web.archive.org/web/20181221090536id_/https://standards-oui.ieee.org/oui/oui.csv
04C9D9,renamed,2018-12-21T09:05:36.000Z,Echostar Technologies Corp,Dish Technologies Corp,https://standards-oui.ieee.org/oui/oui.csv,https://web.archive.org/web/20181221090536id_/https://standards-oui.ieee.org/oui/oui.csv
08004E,recased,2018-12-21T09:05:36.000Z,3COM EUROPE LTD.,3COM EUROPE LTD,https://standards-oui.ieee.org/oui/oui.csv,https://web.archive.org/web/20181221090536id_/https://standards-oui.ieee.org/oui/oui.csv
0C1105,renamed,2018-12-21T09:05:36.000Z,"Ringslink (Xiamen) Network Communication Technologies Co., Ltd","AKUVOX (XIAMEN) NETWORKS CO., LTD",https://standards-oui.ieee.org/oui/oui.csv,https://web.archive.org/web/20181221090536id_/https://standards-oui.ieee.org/oui/oui.csv
101D51,renamed,2018-12-21T09:05:36.000Z,ON-Q LLC dba ON-Q Mesh Networks,8Mesh Networks Limited,https://standards-oui.ieee.org/oui/oui.csv,https://web.archive.org/web/20181221090536id_/https://standards-oui.ieee.org/oui/oui.csv
14780B,renamed,2018-12-21T09:05:36.000Z,PerkinElmer Technologies GmbH & Co. KG,Varex Imaging Deutschland AG,https://standards-oui.ieee.org/oui/oui.csv,https://web.archive.org/web/20181221090536id_/https://standards-oui.ieee.org/oui/oui.csv
149FB6,recased,2018-12-21T09:05:36.000Z,"GUANGDONG GENIUS TECHNOLOGY CO.,LTD.","GUANGDONG GENIUS TECHNOLOGY CO., LTD.",https://standards-oui.ieee.org/oui/oui.csv,https://web.archive.org/web/20181221090536id_/https://standards-oui.ieee.org/oui/oui.csv
18002D,renamed,2018-12-21T09:05:36.000Z,Sony Mobile Communications AB,Sony Mobile Communications Inc,https://standards-oui.ieee.org/oui/oui.csv,https://web.archive.org/web/20181221090536id_/https://standards-oui.ieee.org/oui/oui.csv
186472,renamed,2018-12-21T09:05:36.000Z,Aruba Networks,"Aruba, a Hewlett Packard Enterprise Company",https://standards-oui.ieee.org/oui/oui.csv,https://web.archive.org/web/20181221090536id_/https://standards-oui.ieee.org/oui/oui.csv
1C60DE,renamed,2018-12-21T09:05:36.000Z,"SHENZHEN MERCURY COMMUNICATION TECHNOLOGIES CO.,LTD.","MERCURY COMMUNICATION TECHNOLOGIES CO.,LTD.",https://standards-oui.ieee.org/oui/oui.csv,https://web.archive.org/web/20181221090536id_/https://standards-oui.ieee.org/oui/oui.csv
1C7B21,renamed,2018-12-21T09:05:36.000Z,Sony Mobile Communications AB,Sony Mobile Communications Inc,https://standards-oui.ieee.org/oui/oui.csv,https://web.archive.org/web/20181221090536id_/https://standards-oui.ieee.org/oui/oui.csv
1C965A,renamed,2018-12-21T09:05:36.000Z,"Weifang GoerTek Technology Co.,Ltd.","WEIFANG GOERTEK ELECTRONICS CO.,LTD",https://standards-oui.ieee.org/oui/oui.csv,https://web.archive.org/web/20181221090536id_/https://standards-oui.ieee.org/oui/oui.csv
204C03,renamed,2018-12-21T09:05:36.000Z,Aruba Networks,"Aruba, a Hewlett Packard Enterprise Company",https://standards-oui.ieee.org/oui/oui.csv,https://web.archive.org/web/20181221090536id_/https://standards-oui.ieee.org/oui/oui.csv
205476,renamed,2018-12-21T09:05:36.000Z,Sony Mobile Communications AB,Sony Mobile Communications Inc,https://standards-oui.ieee.org/oui/oui.csv,https://web.archive.org/web/20181221090536id_/https://standards-oui.ieee.org/oui/oui.csv
20A8B9,renamed,2018-12-21T09:05:36.000Z,Siemens,SIEMENS AG,https://standards-oui.ieee.org/oui/oui.csv,https://web.archive.org/web/20181221090536id_/https://standards-oui.ieee.org/oui/oui.csv
2421AB,renamed,2018-12-21T09:05:36.000Z,Sony Mobile Communications AB,Sony Mobile Communications Inc,https://standards-oui.ieee.org/oui/oui.csv,https://web.archive.org/web/20181221090536id_/https://standards-oui.ieee.org/oui/oui.csv
2493CA,renamed,2018-12-21T09:05:36.000Z,Voxtronic Technology Computer-Systeme GmbH,Voxtronic Austria,https://standards-oui.ieee.org/oui/oui.csv,https://web.archive.org/web/20181221090536id_/https://standards-oui.ieee.org/oui/oui.csv
24C848,renamed,2018-12-21T09:05:36.000Z,mywerk system GmbH,mywerk Portal GmbH,https://standards-oui.ieee.org/oui/oui.csv,https://web.archive.org/web/20181221090536id_/https://standards-oui.ieee.org/oui/oui.csv
24DEC6,renamed,2018-12-21T09:05:36.000Z,Aruba Networks,"Aruba, a Hewlett Packard Enterprise Company",https://standards-oui.ieee.org/oui/oui.csv,https://web.archive.org/web/20181221090536id_/https://standards-oui.ieee.org/oui/oui.csv
283F69,renamed,2018-12-21T09:05:36.000Z,Sony Mobile Communications AB,Sony Mobile Communications Inc,https://standards-oui.ieee.org/oui/oui.csv,https://web.archive.org/web/20181221090536id_/https://standards-oui.ieee.org/oui/oui.csv
285767,renamed,2018-12-21T09:05:36.000Z,Echostar Technologies Corp,Dish Technologies Corp,https://standards-oui.ieee.org/oui/oui.csv,https://web.archive.org/web/20181221090536id_/https://standards-oui.ieee.org/oui/oui.csv
286336,renamed,2018-12-21T09:05:36.000Z,Siemens AG - Industrial Automation - EWA,Siemens AG,https://standards-oui.ieee.org/oui/oui.csv,https://web.archive.org/web/20181221090536id_/https://standards-oui.ieee.org/oui/oui.csv
28A183,recased,2018-12-21T09:05:36.000Z,"ALPS ELECTRIC CO.,LTD.","ALPS ELECTRIC CO., LTD.",https://standards-oui.ieee.org/oui/oui.csv,https://web.archive.org/web/20181221090536id_/https://standards-oui.ieee.org/oui/oui.csv
2C4D79,renamed,2018-12-21T09:05:36.000Z,"Weifang GoerTek Technology Co.,Ltd.","WEIFANG GOERTEK ELECTRONICS CO.,LTD",https://standards-oui.ieee.org/oui/oui.csv,https://web.archive.org/web/20181221090536id_/https://standards-oui.ieee.org/oui/oui.csv
3017C8,renamed,2018-12-21T09:05:36.000Z,Sony Mobile Communications AB,Sony Mobile Communications Inc,https://standards-oui.ieee.org/oui/oui.csv,https://web.archive.org/web/20181221090536id_/https://standards-oui.ieee.org/oui/oui.csv
303926,renamed,2018-12-21T09:05:36.000Z,Sony Mobile Communications AB,Sony Mobile Communications Inc,https://standards-oui.ieee.org/oui/oui.csv,https://web.archive.org/web/20181221090536id_/https://standards-oui.ieee.org/oui/oui.csv
307512,renamed,2018-12-21T09:05:36.000Z,Sony Mobile Communications AB,Sony Mobile Communications Inc,https://standards-oui.ieee.org/oui/oui.csv,https://web.archive.org/web/20181221090536id_/https://standards-oui.ieee.org/oui/oui.csv
3078C2,renamed,2018-12-21T09:05:36.000Z,"Innowireless, Co. Ltd.",Innowireless / QUCELL Networks,https://standards-oui.ieee.org/oui/oui.csv,https://web.archive.org/web/20181221090536id_/https://standards-oui.ieee.org/oui/oui.csv
30A8DB,renamed,2018-12-21T09:05:36.000Z,Sony Mobile Communications AB,Sony Mobile Communications Inc,https://standards-oui.ieee.org/oui/oui.csv,https://web.archive.org/web/20181221090536id_/https://standards-oui.ieee.org/oui/oui.csv
30B216,renamed,2018-12-21T09:05:36.000Z,Hytec Geraetebau GmbH,ABB AG - Power Grids - Grid Automation,https://standards-oui.ieee.org/oui/oui.csv,https://web.archive.org/web/20181221090536id_/https://standards-oui.ieee.org/oui/oui.csv
30C3D9,recased,2018-12-21T09:05:36.000Z,"ALPS ELECTRIC CO.,LTD.","ALPS ELECTRIC CO., LTD.",https://standards-oui.ieee.org/oui/oui.csv,https://web.archive.org/web/20181221090536id_/https://standards-oui.ieee.org/oui/oui.csv
34029B,renamed,2018-12-21T09:05:36.000Z,CloudBerry Technologies Private Limited,Plexonics Technologies LImited,https://standards-oui.ieee.org/oui/oui.csv,https://web.archive.org/web/20181221090536id_/https://standards-oui.ieee.org/oui/oui.csv
34BA75,renamed,2018-12-21T09:05:36.000Z,"Tembo Systems, Inc.","Everest Networks, Inc",https://standards-oui.ieee.org/oui/oui.csv,https://web.archive.org/web/20181221090536id_/https://standards-oui.ieee.org/oui/oui.csv
34C731,recased,2018-12-21T09:05:36.000Z,"ALPS ELECTRIC CO.,LTD.","ALPS ELECTRIC CO., LTD.",https://standards-oui.ieee.org/oui/oui.csv,https://web.archive.org/web/20181221090536id_/https://standards-oui.ieee.org/oui/oui.csv
38C096,recased,2018-12-21T09:05:36.000Z,"ALPS ELECTRIC CO.,LTD.","ALPS ELECTRIC CO., LTD.",https://standards-oui.ieee.org/oui/oui.csv,https://web.archive.org/web/20181221090536id_/https://standards-oui.ieee.org/oui/oui.csv
401B5F,renamed,2018-12-21T09:05:36.000Z,"Weifang GoerTek Technology Co.,Ltd.","WEIFANG GOERTEK ELECTRONICS CO.,LTD",https://standards-oui.ieee.org/oui/oui.csv,https://web.archive.org/web/20181221090536id_/https://standards-oui.ieee.org/oui/oui.csv
402BA1,renamed,2018-12-21T09:05:36.000Z,Sony Mobile Communications AB,Sony Mobile Communications Inc,https://standards-oui.ieee.org/oui/oui.csv,https://web.archive.org/web/20181221090536id_/https://standards-oui.ieee.org/oui/oui.csv
4040A7,renamed,2018-12-21T09:05:36.000Z,Sony Mobile Communications AB,Sony Mobile Communications Inc,https://standards-oui.ieee.org/oui/oui.csv,https://web.archive.org/web/20181221090536id_/https://standards-oui.ieee.org/oui/oui.csv
40A93F,renamed,2018-12-21T09:05:36.000Z,Private,"Pivotal Commware, Inc.",https://standards-oui.ieee.org/oui/oui.csv,https://web.archive.org/web/20181221090536id_/https://standards-oui.ieee.org/oui/oui.csv
40B837,renamed,2018-12-21T09:05:36.000Z,Sony Mobile Communications AB,Sony Mobile Communications Inc,https://standards-oui.ieee.org/oui/oui.csv,https://web.archive.org/web/20181221090536id_/https://standards-oui.ieee.org/oui/oui.csv
40E3D6,renamed,2018-12-21T09:05:36.000Z,Aruba Networks,"Aruba, a Hewlett Packard Enterprise Company",https://standards-oui.ieee.org/oui/oui.csv,https://web.archive.org/web/20181221090536id_/https://standards-oui.ieee.org/oui/oui.csv
44746C,renamed,2018-12-21T09:05:36.000Z,Sony Mobile Communications AB,Sony Mobile Communications Inc,https://standards-oui.ieee.org/oui/oui.csv,https://web.archive.org/web/20181221090536id_/https://standards-oui.ieee.org/oui/oui.csv
44D4E0,renamed,2018-12-21T09:05:36.000Z,Sony Mobile Communications AB,Sony Mobile Communications Inc,https://standards-oui.ieee.org/oui/oui.csv,https://web.archive.org/web/20181221090536id_/https://standards-oui.ieee.org/oui/oui.csv
488AD2,renamed,2018-12-21T09:05:36.000Z,"SHENZHEN MERCURY COMMUNICATION TECHNOLOGIES CO.,LTD.","MERCURY COMMUNICATION TECHNOLOGIES CO.,LTD.",https://standards-oui.ieee.org/oui/oui.csv,https://web.archive.org/web/20181221090536id_/https://standards-oui.ieee.org/oui/oui.csv
48F07B,recased,2018-12-21T09:05:36.000Z,"ALPS ELECTRIC CO.,LTD.","ALPS ELECTRIC CO., LTD.",https://standards-oui.ieee.org/oui/oui.csv,https://web.archive.org/web/20181221090536id_/https://standards-oui.ieee.org/oui/oui.csv
4C0FC7,renamed,2018-12-21T09:05:36.000Z,"Earda Electronics Co.,Ltd",Earda Technologies co Ltd,https://standards-oui.ieee.org/oui/oui.csv,https://web.archive.org/web/20181221090536id_/https://standards-oui.ieee.org/oui/oui.csv
4C21D0,renamed,2018-12-21T09:05:36.000Z,Sony Mobile Communications AB,Sony Mobile Communications Inc,https://standards-oui.ieee.org/oui/oui.csv,https://web.archive.org/web/20181221090536id_/https://standards-oui.ieee.org/oui/oui.csv
4C82CF,renamed,2018-12-21T09:05:36.000Z,Echostar Technologies Corp,Dish Technologies Corp,https://standards-oui.ieee.org/oui/oui.csv,https://web.archive.org/web/20181221090536id_/https://standards-oui.ieee.org/oui/oui.csv
58170C,renamed,2018-12-21T09:05:36.000Z,Sony Mobile Communications AB,Sony Mobile Communications Inc,https://standards-oui.ieee.org/oui/oui.csv,https://web.archive.org/web/20181221090536id_/https://standards-oui.ieee.org/oui/oui.csv
584822,renamed,2018-12-21T09:05:36.000Z,Sony Mobile Communications AB,Sony Mobile Communications Inc,https://standards-oui.ieee.org/oui/oui.csv,https://web.archive.org/web/20181221090536id_/https://standards-oui.ieee.org/oui/oui.csv
5C0C0E,renamed,2018-12-21T09:05:36.000Z,Guizhou Huaxintong Semiconductor Technology Co. Lt,Guizhou Huaxintong Semiconductor Technology Co Ltd,https://standards-oui.ieee.org/oui/oui.csv,https://web.archive.org/web/20181221090536id_/https://standards-oui.ieee.org/oui/oui.csv
5C0E8B,renamed,2018-12-21T09:05:36.000Z,Extreme Networks,"Extreme Networks, Inc.",https://standards-oui.ieee.org/oui/oui.csv,https://web.archive.org/web/20181221090536id_/https://standards-oui.ieee.org/oui/oui.csv
5CB524,renamed,2018-12-21T09:05:36.000Z,Sony Mobile Communications AB,Sony Mobile Communications Inc,https://standards-oui.ieee.org/oui/oui.csv,https://web.archive.org/web/20181221090536id_/https://standards-oui.ieee.org/oui/oui.csv
60380E,recased,2018-12-21T09:05:36.000Z,"ALPS ELECTRIC CO.,LTD.","ALPS ELECTRIC CO., LTD.",https://standards-oui.ieee.org/oui/oui.csv,https://web.archive.org/web/20181221090536id_/https://standards-oui.ieee.org/oui/oui.csv
604BAA,renamed,2018-12-21T09:05:36.000Z,Private,"Magic Leap, Inc.",https://standards-oui.ieee.org/oui/oui.csv,https://web.archive.org/web/20181221090536id_/https://standards-oui.ieee.org/oui/oui.csv
64D4BD,recased,2018-12-21T09:05:36.000Z,"ALPS ELECTRIC CO.,LTD.","ALPS ELECTRIC CO., LTD.",https://standards-oui.ieee.org/oui/oui.csv,https://web.archive.org/web/20181221090536id_/https://standards-oui.ieee.org/oui/oui.csv
68764F,renamed,2018-12-21T09:05:36.000Z,Sony Mobile Communications AB,Sony Mobile Communications Inc,https://standards-oui.ieee.org/oui/oui.csv,https://web.archive.org/web/20181221090536id_/https://standards-oui.ieee.org/oui/oui.csv
6C0E0D,renamed,2018-12-21T09:05:36.000Z,Sony Mobile Communications AB,Sony Mobile Communications Inc,https://standards-oui.ieee.org/oui/oui.csv,https://web.archive.org/web/20181221090536id_/https://standards-oui.ieee.org/oui/oui.csv
6C23B9,renamed,2018-12-21T09:05:36.000Z,Sony Mobile Communications AB,Sony Mobile Communications Inc,https://standards-oui.ieee.org/oui/oui.csv,https://web.archive.org/web/20181221090536id_/https://standards-oui.ieee.org/oui/oui.csv
6C5940,renamed,2018-12-21T09:05:36.000Z,"SHENZHEN MERCURY COMMUNICATION TECHNOLOGIES CO.,LTD.","MERCURY COMMUNICATION TECHNOLOGIES CO.,LTD.",https://standards-oui.ieee.org/oui/oui.csv,https://web.archive.org/web/20181221090536id_/https://standards-oui.ieee.org/oui/oui.csv
6CF37F,renamed,2018-12-21T09:05:36.000Z,Aruba Networks,"Aruba, a Hewlett Packard Enterprise Company",https://standards-oui.ieee.org/oui/oui.csv,https://web.archive.org/web/20181221090536id_/https://standards-oui.ieee.org/oui/oui.csv
6CF9D2,renamed,2018-12-21T09:05:36.000Z,Chengdu Goods for the Road Electronic Technology C,"CHENGDU POVODO ELECTRONIC TECHNOLOGY CO., LTD",https://standards-oui.ieee.org/oui/oui.csv,https://web.archive.org/web/20181221090536id_/https://standards-oui.ieee.org/oui/oui.csv
703A0E,renamed,2018-12-21T09:05:36.000Z,Aruba Networks,"Aruba, a Hewlett Packard Enterprise Company",https://standards-oui.ieee.org/oui/oui.csv,https://web.archive.org/web/20181221090536id_/https://standards-oui.ieee.org/oui/oui.csv
7467F7,renamed,2018-12-21T09:05:36.000Z,Extreme Networks,"Extreme Networks, Inc.",https://standards-oui.ieee.org/oui/oui.csv,https://web.archive.org/web/20181221090536id_/https://standards-oui.ieee.org/oui/oui.csv
788C54,renamed,2018-12-21T09:05:36.000Z,Eltek Technologies LTD,Ping Communication,https://standards-oui.ieee.org/oui/oui.csv,https://web.archive.org/web/20181221090536id_/https://standards-oui.ieee.org/oui/oui.csv
7CD30A,recased,2018-12-21T09:05:36.000Z,INVENTEC Corporation,INVENTEC CORPORATION,https://standards-oui.ieee.org/oui/oui.csv,https://web.archive.org/web/20181221090536id_/https://standards-oui.ieee.org/oui/oui.csv
80B32A,renamed,2018-12-21T09:05:36.000Z,Alstom Grid,UK Grid Solutions Ltd,https://standards-oui.ieee.org/oui/oui.csv,https://web.archive.org/web/20181221090536id_/https://standards-oui.ieee.org/oui/oui.csv
8400D2,renamed,2018-12-21T09:05:36.000Z,Sony Mobile Communications AB,Sony Mobile Communications Inc,https://standards-oui.ieee.org/oui/oui.csv,https://web.archive.org/web/20181221090536id_/https://standards-oui.ieee.org/oui/oui.csv
841766,renamed,2018-12-21T09:05:36.000Z,"Weifang GoerTek Technology Co.,Ltd.","WEIFANG GOERTEK ELECTRONICS CO.,LTD",https://standards-oui.ieee.org/oui/oui.csv,https://web.archive.org/web/20181221090536id_/https://standards-oui.ieee.org/oui/oui.csv
848EDF,renamed,2018-12-21T09:05:36.000Z,Sony Mobile Communications AB,Sony Mobile Communications Inc,https://standards-oui.ieee.org/oui/oui.csv,https://web.archive.org/web/20181221090536id_/https://standards-oui.ieee.org/oui/oui.csv
84C7EA,renamed,2018-12-21T09:05:36.000Z,Sony Mobile Communications AB,Sony Mobile Communications Inc,https://standards-oui.ieee.org/oui/oui.csv,https://web.archive.org/web/20181221090536id_/https://standards-oui.ieee.org/oui/oui.csv
84D47E,renamed,2018-12-21T09:05:36.000Z,Aruba Networks,"Aruba, a Hewlett Packard Enterprise Company",https://standards-oui.ieee.org/oui/oui.csv,https://web.archive.org/web/20181221090536id_/https://standards-oui.ieee.org/oui/oui.csv
84DB2F,renamed,2018-12-21T09:05:36.000Z,Sierra Wireless Inc,Sierra Wireless,https://standards-oui.ieee.org/oui/oui.csv,https://web.archive.org/web/20181221090536id_/https://standards-oui.ieee.org/oui/oui.csv
882950,renamed,2018-12-21T09:05:36.000Z,"Dalian Netmoon Tech Develop Co.,Ltd","Netmoon Technology Co., Ltd",https://standards-oui.ieee.org/oui/oui.csv,https://web.archive.org/web/20181221090536id_/https://standards-oui.ieee.org/oui/oui.csv
8C6422,renamed,2018-12-21T09:05:36.000Z,Sony Mobile Communications AB,Sony Mobile Communications Inc,https://standards-oui.ieee.org/oui/oui.csv,https://web.archive.org/web/20181221090536id_/https://standards-oui.ieee.org/oui/oui.csv
8CF228,renamed,2018-12-21T09:05:36.000Z,"SHENZHEN MERCURY COMMUNICATION TECHNOLOGIES CO.,LTD.","MERCURY COMMUNICATION TECHNOLOGIES CO.,LTD.",https://standards-oui.ieee.org/oui/oui.csv,https://web.archive.org/web/20181221090536id_/https://standards-oui.ieee.org/oui/oui.csv
90C115,renamed,2018-12-21T09:05:36.000Z,Sony Mobile Communications AB,Sony Mobile Communications Inc,https://standards-oui.ieee.org/oui/oui.csv,https://web.archive.org/web/20181221090536id_/https://standards-oui.ieee.org/oui/oui.csv
90C99B,renamed,2018-12-21T09:05:36.000Z,Recore Systems,Tesorion Nederland B.V.,https://standards-oui.ieee.org/oui/oui.csv,https://web.archive.org/web/20181221090536id_/https://standards-oui.ieee.org/oui/oui.csv
944A0C,recased,2018-12-21T09:05:36.000Z,Sercomm Corporation,Sercomm Corporation.,https://standards-oui.ieee.org/oui/oui.csv,https://web.archive.org/web/20181221090536id_/https://standards-oui.ieee.org/oui/oui.csv
94B40F,renamed,2018-12-21T09:05:36.000Z,Aruba Networks,"Aruba, a Hewlett Packard Enterprise Company",https://standards-oui.ieee.org/oui/oui.csv,https://web.archive.org/web/20181221090536id_/https://standards-oui.ieee.org/oui/oui.csv
94C3E4,renamed,2018-12-21T09:05:36.000Z,SCA Schucker Gmbh & Co KG,Atlas Copco IAS GmbH,https://standards-oui.ieee.org/oui/oui.csv,https://web.archive.org/web/20181221090536id_/https://standards-oui.ieee.org/oui/oui.csv
94CE2C,renamed,2018-12-21T09:05:36.000Z,Sony Mobile Communications AB,Sony Mobile Communications Inc,https://standards-oui.ieee.org/oui/oui.csv,https://web.archive.org/web/20181221090536id_/https://standards-oui.ieee.org/oui/oui.csv
9C1C12,renamed,2018-12-21T09:05:36.000Z,Aruba Networks,"Aruba, a Hewlett Packard Enterprise Company",https://standards-oui.ieee.org/oui/oui.csv,https://web.archive.org/web/20181221090536id_/https://standards-oui.ieee.org/oui/oui.csv
9C5CF9,renamed,2018-12-21T09:05:36.000Z,Sony Mobile Communications AB,Sony Mobile Communications Inc,https://standards-oui.ieee.org/oui/oui.csv,https://web.archive.org/web/20181221090536id_/https://standards-oui.ieee.org/oui/oui.csv
9C8D7C,recased,2018-12-21T09:05:36.000Z,"ALPS ELECTRIC CO.,LTD.","ALPS ELECTRIC CO., LTD.",https://standards-oui.ieee.org/oui/oui.csv,https://web.archive.org/web/20181221090536id_/https://standards-oui.ieee.org/oui/oui.csv
A0341B,renamed,2018-12-21T09:05:36.000Z,"TrackR, Inc",Adero Inc,https://standards-oui.ieee.org/oui/oui.csv,https://web.archive.org/web/20181221090536id_/https://standards-oui.ieee.org/oui/oui.csv
A0950C,renamed,2018-12-21T09:05:36.000Z,China Mobile IOTCompany Limited,China Mobile IOT Company Limited,https://standards-oui.ieee.org/oui/oui.csv,https://web.archive.org/web/20181221090536id_/https://standards-oui.ieee.org/oui/oui.csv
A0E453,renamed,2018-12-21T09:05:36.000Z,Sony Mobile Communications AB,Sony Mobile Communications Inc,https://standards-oui.ieee.org/oui/oui.csv,https://web.archive.org/web/20181221090536id_/https://standards-oui.ieee.org/oui/oui.csv
A41566,renamed,2018-12-21T09:05:36.000Z,"Weifang GoerTek Technology Co.,Ltd.","WEIFANG GOERTEK ELECTRONICS CO.,LTD",https://standards-oui.ieee.org/oui/oui.csv,https://web.archive.org/web/20181221090536id_/https://standards-oui.ieee.org/oui/oui.csv
A45055,recased,2018-12-21T09:05:36.000Z,busware.de,BUSWARE.DE,https://standards-oui.ieee.org/oui/oui.csv,https://web.archive.org/web/20181221090536id_/https://standards-oui.ieee.org/oui/oui.csv
A45385,renamed,2018-12-21T09:05:36.000Z,"Weifang GoerTek Technology Co.,Ltd.","WEIFANG GOERTEK ELECTRONICS CO.,LTD",https://standards-oui.ieee.org/oui/oui.csv,https://web.archive.org/web/20181221090536id_/https://standards-oui.ieee.org/oui/oui.csv
A830AD,renamed,2018-12-21T09:05:36.000Z,"Weifang GoerTek Technology Co.,Ltd.","WEIFANG GOERTEK ELECTRONICS CO.,LTD",https://standards-oui.ieee.org/oui/oui.csv,https://web.archive.org/web/20181221090536id_/https://standards-oui.ieee.org/oui/oui.csv
AC6417,renamed,2018-12-21T09:05:36.000Z,Siemens AG - Industrial Automation - EWA,Siemens AG,https://standards-oui.ieee.org/oui/oui.csv,https://web.archive.org/web/20181221090536id_/https://standards-oui.ieee.org/oui/oui.csv
AC7A4D,recased,2018-12-21T09:05:36.000Z,"ALPS ELECTRIC CO.,LTD.","ALPS ELECTRIC CO., LTD.",https://standards-oui.ieee.org/oui/oui.csv,https://web.archive.org/web/20181221090536id_/https://standards-oui.ieee.org/oui/oui.csv
ACA31E,renamed,2018-12-21T09:05:36.000Z,Aruba Networks,"Aruba, a Hewlett Packard Enterprise Company",https://standards-oui.ieee.org/oui/oui.csv,https://web.archive.org/web/20181221090536id_/https://standards-oui.ieee.org/oui/oui.csv
ACFD93,renamed,2018-12-21T09:05:36.000Z,"Weifang GoerTek Technology Co.,Ltd.","WEIFANG GOERTEK ELECTRONICS CO.,LTD",https://standards-oui.ieee.org/oui/oui.csv,https://web.archive.org/web/20181221090536id_/https://standards-oui.ieee.org/oui/oui.csv
B0A37E,renamed,2018-12-21T09:05:36.000Z,Qingdao Haier Telecom Co.，Ltd,"QING DAO HAIER TELECOM CO.,LTD.",https://standards-oui.ieee.org/oui/oui.csv,https://web.archive.org/web/20181221090536id_/https://standards-oui.ieee.org/oui/oui.csv
B4527D,renamed,2018-12-21T09:05:36.000Z,Sony Mobile Communications AB,Sony Mobile Communications Inc,https://standards-oui.ieee.org/oui/oui.csv,https://web.archive.org/web/20181221090536id_/https://standards-oui.ieee.org/oui/oui.csv
B4527E,renamed,2018-12-21T09:05:36.000Z,Sony Mobile Communications AB,Sony Mobile Communications Inc,https://standards-oui.ieee.org/oui/oui.csv,https://web.archive.org/web/20181221090536id_/https://standards-oui.ieee.org/oui/oui.csv
B45D50,renamed,2018-12-21T09:05:36.000Z,Aruba Networks,"Aruba, a Hewlett Packard Enterprise Company",https://standards-oui.ieee.org/oui/oui.csv,https://web.archive.org/web/20181221090536id_/https://standards-oui.ieee.org/oui/oui.csv
B4C799,renamed,2018-12-21T09:05:36.000Z,Extreme Networks,"Extreme Networks, Inc.",https://standards-oui.ieee.org/oui/oui.csv,https://web.archive.org/web/20181221090536id_/https://standards-oui.ieee.org/oui/oui.csv
B82CA0,renamed,2018-12-21T09:05:36.000Z,Honeywell HomMed,Resideo,https://standards-oui.ieee.org/oui/oui.csv,https://web.archive.org/web/20181221090536id_/https://standards-oui.ieee.org/oui/oui.csv
B85001,renamed,2018-12-21T09:05:36.000Z,Extreme Networks,"Extreme Networks, Inc.",https://standards-oui.ieee.org/oui/oui.csv,https://web.archive.org/web/20181221090536id_/https://standards-oui.ieee.org/oui/oui.csv
B8F934,renamed,2018-12-21T09:05:36.000Z,Sony Mobile Communications AB,Sony Mobile Communications Inc,https://standards-oui.ieee.org/oui/oui.csv,https://web.archive.org/web/20181221090536id_/https://standards-oui.ieee.org/oui/oui.csv
BC5FF6,renamed,2018-12-21T09:05:36.000Z,"SHENZHEN MERCURY COMMUNICATION TECHNOLOGIES CO.,LTD.","MERCURY COMMUNICATION TECHNOLOGIES CO.,LTD.",https://standards-oui.ieee.org/oui/oui.csv,https://web.archive.org/web/20181221090536id_/https://standards-oui.ieee.org/oui/oui.csv
BC6E64,renamed,2018-12-21T09:05:36.000Z,Sony Mobile Communications AB,Sony Mobile Communications Inc,https://standards-oui.ieee.org/oui/oui.csv,https://web.archive.org/web/20181221090536id_/https://standards-oui.ieee.org/oui/oui.csv
C02250,renamed,2018-12-21T09:05:36.000Z,Private,Koss Corporation,https://standards-oui.ieee.org/oui/oui.csv,https://web.archive.org/web/20181221090536id_/https://standards-oui.ieee.org/oui/oui.csv
C43ABE,renamed,2018-12-21T09:05:36.000Z,Sony Mobile Communications AB,Sony Mobile Communications Inc,https://standards-oui.ieee.org/oui/oui.csv,https://web.archive.org/web/20181221090536id_/https://standards-oui.ieee.org/oui/oui.csv
C8778B,renamed,2018-12-21T09:05:36.000Z,Themis Computer,"Mercury Systems – Trusted Mission Solutions, Inc.",https://standards-oui.ieee.org/oui/oui.csv,https://web.archive.org/web/20181221090536id_/https://standards-oui.ieee.org/oui/oui.csv
C8D779,renamed,2018-12-21T09:05:36.000Z,Qingdao Haier Telecom Co.，Ltd,"QING DAO HAIER TELECOM CO.,LTD.",https://standards-oui.ieee.org/oui/oui.csv,https://web.archive.org/web/20181221090536id_/https://standards-oui.ieee.org/oui/oui.csv
C8E7D8,renamed,2018-12-21T09:05:36.000Z,"SHENZHEN MERCURY COMMUNICATION TECHNOLOGIES CO.,LTD.","MERCURY COMMUNICATION TECHNOLOGIES CO.,LTD.",https://standards-oui.ieee.org/oui/oui.csv,https://web.archive.org/web/20181221090536id_/https://standards-oui.ieee.org/oui/oui.csv
CCE0C3,renamed,2018-12-21T09:05:36.000Z,"Mangstor, Inc.","EXTEN Technologies, Inc.",https://standards-oui.ieee.org/oui/oui.csv,https://web.archive.org/web/20181221090536id_/https://standards-oui.ieee.org/oui/oui.csv
CCEED9,renamed,2018-12-21T09:05:36.000Z,VAHLE DETO GmbH,VAHLE Automation GmbH,https://standards-oui.ieee.org/oui/oui.csv,https://web.archive.org/web/20181221090536id_/https://standards-oui.ieee.org/oui/oui.csv
D02516,renamed,2018-12-21T09:05:36.000Z,"SHENZHEN MERCURY COMMUNICATION TECHNOLOGIES CO.,LTD.","MERCURY COMMUNICATION TECHNOLOGIES CO.,LTD.",https://standards-oui.ieee.org/oui/oui.csv,https://web.archive.org/web/20181221090536id_/https://standards-oui.ieee.org/oui/oui.csv
D05162,renamed,2018-12-21T09:05:36.000Z,Sony Mobile Communications AB,Sony Mobile Communications Inc,https://standards-oui.ieee.org/oui/oui.csv,https://web.archive.org/web/20181221090536id_/https://standards-oui.ieee.org/oui/oui.csv
D42122,recased,2018-12-21T09:05:36.000Z,Sercomm Corporation,Sercomm Corporation.,https://standards-oui.ieee.org/oui/oui.csv,https://web.archive.org/web/20181221090536id_/https://standards-oui.ieee.org/oui/oui.csv
D4389C,renamed,2018-12-21T09:05:36.000Z,Sony Mobile Communications AB,Sony Mobile Communications Inc,https://standards-oui.ieee.org/oui/oui.csv,https://web.archive.org/web/20181221090536id_/https://standards-oui.ieee.org/oui/oui.csv
D466A8,renamed,2018-12-21T09:05:36.000Z,Riedo Networks GmbH,Riedo Networks Ltd,https://standards-oui.ieee.org/oui/oui.csv,https://web.archive.org/web/20181221090536id_/https://standards-oui.ieee.org/oui/oui.csv
D46761,renamed,2018-12-21T09:05:36.000Z,SAHAB TECHNOLOGY,United Gulf Gate Co.,https://standards-oui.ieee.org/oui/oui.csv,https://web.archive.org/web/20181221090536id_/https://standards-oui.ieee.org/oui/oui.csv
D88466,renamed,2018-12-21T09:05:36.000Z,Extreme Networks,"Extreme Networks, Inc.",https://standards-oui.ieee.org/oui/oui.csv,https://web.archive.org/web/20181221090536id_/https://standards-oui.ieee.org/oui/oui.csv
D8C7C8,renamed,2018-12-21T09:05:36.000Z,Aruba Networks,"Aruba, a Hewlett Packard Enterprise Company",https://standards-oui.ieee.org/oui/oui.csv,https://web.archive.org/web/20181221090536id_/https://standards-oui.ieee.org/oui/oui.csv
DC330D,renamed,2018-12-21T09:05:36.000Z,Qingdao Haier Telecom Co.，Ltd,"QING DAO HAIER TELECOM CO.,LTD.",https://standards-oui.ieee.org/oui/oui.csv,https://web.archive.org/web/20181221090536id_/https://standards-oui.ieee.org/oui/oui.csv
DC3979,renamed,2018-12-21T09:05:36.000Z,Skyport Systems,"Cisco Systems, Inc",https://standards-oui.ieee.org/oui/oui.csv,https://web.archive.org/web/20181221090536id_/https://standards-oui.ieee.org/oui/oui.csv
E06066,recased,2018-12-21T09:05:36.000Z,Sercomm Corporation,Sercomm Corporation.,https://standards-oui.ieee.org/oui/oui.csv,https://web.archive.org/web/20181221090536id_/https://standards-oui.ieee.org/oui/oui.csv
E063E5,renamed,2018-12-21T09:05:36.000Z,Sony Mobile Communications AB,Sony Mobile Communications Inc,https://standards-oui.ieee.org/oui/oui.csv,https://web.archive.org/web/20181221090536id_/https://standards-oui.ieee.org/oui/oui.csv
E0750A,recased,2018-12-21T09:05:36.000Z,"ALPS ELECTRIC CO.,LTD.","ALPS ELECTRIC CO., LTD.",https://standards-oui.ieee.org/oui/oui.csv,https://web.archive.org/web/20181221090536id_/https://standards-oui.ieee.org/oui/oui.csv
E0AE5E,recased,2018-12-21T09:05:36.000Z,"ALPS ELECTRIC CO.,LTD.","ALPS ELECTRIC CO., LTD.",https://standards-oui.ieee.org/oui/oui.csv,https://web.archive.org/web/20181221090536id_/https://standards-oui.ieee.org/oui/oui.csv
E89AFF,recased,2018-12-21T09:05:36.000Z,"Fujian Landi Commercial Equipment Co.,Ltd","Fujian LANDI Commercial Equipment Co.,Ltd",https://standards-oui.ieee.org/oui/oui.csv,https://web.archive.org/web/20181221090536id_/https://standards-oui.ieee.org/oui/oui.csv
EC7D9D,renamed,2018-12-21T09:05:36.000Z,MEI,CPI,https://standards-oui.ieee.org/oui/oui.csv,https://web.archive.org/web/20181221090536id_/https://standards-oui.ieee.org/oui/oui.csv
ECA9FA,recased,2018-12-21T09:05:36.000Z,"GUANGDONG GENIUS TECHNOLOGY CO.,LTD.","GUANGDONG GENIUS TECHNOLOGY CO., LTD.",https://standards-oui.ieee.org/oui/oui.csv,https://web.archive.org/web/20181221090536id_/https://standards-oui.ieee.org/oui/oui.csv
F05C19,renamed,2018-12-21T09:05:36.000Z,Aruba Networks,"Aruba, a Hewlett Packard Enterprise Company",https://standards-oui.ieee.org/oui/oui.csv,https://web.archive.org/web/20181221090536id_/https://standards-oui.ieee.org/oui/oui.csv
F4EE14,renamed,2018-12-21T09:05:36.000Z,"SHENZHEN MERCURY COMMUNICATION TECHNOLOGIES CO.,LTD.","MERCURY COMMUNICATION TECHNOLOGIES CO.,LTD.",https://standards-oui.ieee.org/oui/oui.csv,https://web.archive.org/web/20181221090536id_/https://standards-oui.ieee.org/oui/oui.csv
F82F08,renamed,2018-12-21T09:05:36.000Z,Molex,Molex CMS,https://standards-oui.ieee.org/oui/oui.csv,https://web.archive.org/web/20181221090536id_/https://standards-oui.ieee.org/oui/oui.csv
F85C4D,recased,2018-12-21T09:05:36.000Z,NOKIA,Nokia,https://standards-oui.ieee.org/oui/oui.csv,https://web.archive.org/web/20181221090536id_/https://standards-oui.ieee.org/oui/oui.csv
F8DAE2,renamed,2018-12-21T09:05:36.000Z,Beta LaserMike,NDC Technologies,https://standards-oui.ieee.org/oui/oui.csv,https://web.archive.org/web/20181221090536id_/https://standards-oui.ieee.org/oui/oui.csv
FC0A81,renamed,2018-12-21T09:05:36.000Z,Extreme Networks,"Extreme Networks, Inc.",https://standards-oui.ieee.org/oui/oui.csv,https://web.archive.org/web/20181221090536id_/https://standards-oui.ieee.org/oui/oui.csv
FC62B9,recased,2018-12-21T09:05:36.000Z,"ALPS ELECTRIC CO.,LTD.","ALPS ELECTRIC CO., LTD.",https://standards-oui.ieee.org/oui/oui.csv,https://web.archive.org/web/20181221090536id_/https://standards-oui.ieee.org/oui/oui.csv
00004C,recased,2019-07-04T10:16:16.000Z,NEC CORPORATION,NEC Corporation,https://standards-oui.ieee.org/oui/oui.csv,https://web.archive.org/web/20190704101616id_/https://standards-oui.ieee.org/oui/oui.csv
00006B,renamed,2019-07-04T10:16:16.000Z,SILICON GRAPHICS INC./MIPS,Silicon Graphics,https://standards-oui.ieee.org/oui/oui.csv,https://web.archive.org/web/20190704101616id_/https://standards-oui.ieee.org/oui/oui.csv
000312,renamed,2019-07-04T10:16:16.000Z,TR-Systemtechnik GmbH,TRsystems GmbH,https://standards-oui.ieee.org/oui/oui.csv,https://web.archive.org/web/20190704101616id_/https://standards-oui.ieee.org/oui/oui.csv
0004AB,renamed,2019-07-04T10:16:16.000Z,"Comverse Network Systems, Inc.",Mavenir Inc.,https://standards-oui.ieee.org/oui/oui.csv,https://web.archive.org/web/20190704101616id_/https://standards-oui.ieee.org/oui/oui.csv
0004C4,renamed,2019-07-04T10:16:16.000Z,Allen & Heath Limited,Audiotonix Group Limited,https://standards-oui.ieee.org/oui/oui.csv,https://web.archive.org/web/20190704101616id_/https://standards-oui.ieee.org/oui/oui.csv
000758,renamed,2019-07-04T10:16:16.000Z,Dragonwave,DragonWave Inc.,https://standards-oui.ieee.org/oui/oui.csv,https://web.archive.org/web/20190704101616id_/https://standards-oui.ieee.org/oui/oui.csv
00077C,renamed,2019-07-04T10:16:16.000Z,Westermo Teleindustri AB,Westermo Network Technologies AB,https://standards-oui.ieee.org/oui/oui.csv,https://web.archive.org/web/20190704101616id_/https://standards-oui.ieee.org/oui/oui.csv
000789,renamed,2019-07-04T10:16:16.000Z,DONGWON SYSTEMS,"Allradio Co., Ltd",https://standards-oui.ieee.org/oui/oui.csv,https://web.archive.org/web/20190704101616id_/https://standards-oui.ieee.org/oui/oui.csv
00085D,renamed,2019-07-04T10:16:16.000Z,Aastra,Mitel Corporation,https://standards-oui.ieee.org/oui/oui.csv,https://web.archive.org/web/20190704101616id_/https://standards-oui.ieee.org/oui/oui.csv
000A68,recased,2019-07-04T10:16:16.000Z,Solarflare Communications Inc,Solarflare Communications Inc.,https://standards-oui.ieee.org/oui/oui.csv,https://web.archive.org/web/20190704101616id_/https://standards-oui.ieee.org/oui/oui.csv
000B40,renamed,2019-07-04T10:16:16.000Z,Oclaro,Cambridge Industries Group (CIG),https://standards-oui.ieee.org/oui/oui.csv,https://web.archive.org/web/20190704101616id_/https://standards-oui.ieee.org/oui/oui.csv
000C6C,renamed,2019-07-04T10:16:16.000Z,Elgato Systems LLC,Eve Systems GmbH,https://standards-oui.ieee.org/oui/oui.csv,https://web.archive.org/web/20190704101616id_/https://standards-oui.ieee.org/oui/oui.csv
000CFF,renamed,2019-07-04T10:16:16.000Z,MRO-TEK LIMITED,MRO-TEK Realty Limited,https://standards-oui.ieee.org/oui/oui.csv,https://web.archive.org/web/20190704101616id_/https://standards-oui.ieee.org/oui/oui.csv
000F53,recased,2019-07-04T10:16:16.000Z,Solarflare Communications Inc,Solarflare Communications Inc.,https://standards-oui.ieee.org/oui/oui.csv,https://web.archive.org/web/20190704101616id_/https://standards-oui.ieee.org/oui/oui.csv
0011B4,renamed,2019-07-04T10:16:16.000Z,Westermo Teleindustri AB,Westermo Network Technologies AB,https://standards-oui.ieee.org/oui/oui.csv,https://web.archive.org/web/20190704101616id_/https://standards-oui.ieee.org/oui/oui.csv
001836,renamed,2019-07-04T10:16:16.000Z,Reliance Electric Limited,"REJ Co.,Ltd",https://standards-oui.ieee.org/oui/oui.csv,https://web.archive.org/web/20190704101616id_/https://standards-oui.ieee.org/oui/oui.csv
00198F,renamed,2019-07-04T10:16:16.000Z,Alcatel Bell N.V.,Nokia Bell N.V.,https://standards-oui.ieee.org/oui/oui.csv,https://web.archive.org/web/20190704101616id_/https://standards-oui.ieee.org/oui/oui.csv
001D8D,renamed,2019-07-04T10:16:16.000Z,Raytek GmbH,Fluke Process Instruments GmbH,https://standards-oui.ieee.org/oui/oui.csv,https://web.archive.org/web/20190704101616id_/https://standards-oui.ieee.org/oui/oui.csv
001DDF,recased,2019-07-04T10:16:16.000Z,"Sunitec Enterprise Co., Ltd.","Sunitec Enterprise Co.,Ltd",https://standards-oui.ieee.org/oui/oui.csv,https://web.archive.org/web/20190704101616id_/https://standards-oui.ieee.org/oui/oui.csv
001F53,renamed,2019-07-04T10:16:16.000Z,GEMAC Gesellschaft für Mikroelektronikanwendung Chemnitz mbH,GEMAC Chemnitz GmbH,https://standards-oui.ieee.org/oui/oui.csv,https://web.archive.org/web/20190704101616id_/https://standards-oui.ieee.org/oui/oui.csv
0021B7,recased,2019-07-04T10:16:16.000Z,Lexmark International Inc.,"LEXMARK INTERNATIONAL, INC.",https://standards-oui.ieee.org/oui/oui.csv,https://web.archive.org/web/20190704101616id_/https://standards-oui.ieee.org/oui/oui.csv
002289,renamed,2019-07-04T10:16:16.000Z,Optosecurity Inc.,Vandelrande APC inc.,https://standards-oui.ieee.org/oui/oui.csv,https://web.archive.org/web/20190704101616id_/https://standards-oui.ieee.org/oui/oui.csv
0022AF,renamed,2019-07-04T10:16:16.000Z,Safety Vision,"Safety Vision, LLC",https://standards-oui.ieee.org/oui/oui.csv,https://web.archive.org/web/20190704101616id_/https://standards-oui.ieee.org/oui/oui.csv
00257E,recased,2019-07-04T10:16:16.000Z,NEW POS Technology Limited,NEW POS TECHNOLOGY LIMITED,https://standards-oui.ieee.org/oui/oui.csv,https://web.archive.org/web/20190704101616id_/https://standards-oui.ieee.org/oui/oui.csv
0025A7,renamed,2019-07-04T10:16:16.000Z,"Comverge, Inc.",itron,https://standards-oui.ieee.org/oui/oui.csv,https://web.archive.org/web/20190704101616id_/https://standards-oui.ieee.org/oui/oui.csv
004051,renamed,2019-07-04T10:16:16.000Z,"GRACILIS, INC.",Garbee and Garbee,https://standards-oui.ieee.org/oui/oui.csv,https://web.archive.org/web/20190704101616id_/https://standards-oui.ieee.org/oui/oui.csv
00808C,renamed,2019-07-04T10:16:16.000Z,"NetScout Systems, Inc.",NetAlly,https://standards-oui.ieee.org/oui/oui.csv,https://web.archive.org/web/20190704101616id_/https://standards-oui.ieee.org/oui/oui.csv
00A00E,renamed,2019-07-04T10:16:16.000Z,"NetScout Systems, Inc.",NetAlly,https://standards-oui.ieee.org/oui/oui.csv,https://web.archive.org/web/20190704101616id_/https://standards-oui.ieee.org/oui/oui.csv
00A0B0,recased,2019-07-04T10:16:16.000Z,"I-O DATA DEVICE, INC.","I-O DATA DEVICE,INC.",https://standards-oui.ieee.org/oui/oui.csv,https://web.archive.org/web/20190704101616id_/https://standards-oui.ieee.org/oui/oui.csv
00C017,renamed,2019-07-04T10:16:16.000Z,"NetScout Systems, Inc.",NetAlly,https://standards-oui.ieee.org/oui/oui.csv,https://web.archive.org/web/20190704101616id_/https://standards-oui.ieee.org/oui/oui.csv
049F81,renamed,2019-07-04T10:16:16.000Z,"NetScout Systems, Inc.",NetAlly,https://standards-oui.ieee.org/oui/oui.csv,https://web.archive.org/web/20190704101616id_/https://standards-oui.ieee.org/oui/oui.csv
080069,renamed,2019-07-04T10:16:16.000Z,SILICON GRAPHICS INC.,Silicon Graphics,https://standards-oui.ieee.org/oui/oui.csv,https://web.archive.org/web/20190704101616id_/https://standards-oui.ieee.org/oui/oui.csv
0847D0,recased,2019-07-04T10:16:16.000Z,Nokia Shanghai Bell Co. Ltd.）,"Nokia Shanghai Bell Co., Ltd.",https://standards-oui.ieee.org/oui/oui.csv,https://web.archive.org/web/20190704101616id_/https://standards-oui.ieee.org/oui/oui.csv
089C86,recased,2019-07-04T10:16:16.000Z,Nokia Shanghai Bell Co. Ltd.）,"Nokia Shanghai Bell Co., Ltd.",https://standards-oui.ieee.org/oui/oui.csv,https://web.archive.org/web/20190704101616id_/https://standards-oui.ieee.org/oui/oui.csv
148951,withdrawn,2019-07-04T10:16:16.000Z,"LCFC(HeFei) Electronics Technology co., ltd",,https://standards-oui.ieee.org/oui/oui.csv,https://web.archive.org/web/20190704101616id_/https://standards-oui.ieee.org/oui/oui.csv
3476C5,recased,2019-07-04T10:16:16.000Z,"I-O DATA DEVICE, INC.","I-O DATA DEVICE,INC.",https://standards-oui.ieee.org/oui/oui.csv,https://web.archive.org/web/20190704101616id_/https://standards-oui.ieee.org/oui/oui.csv
68DB67,recased,2019-07-04T10:16:16.000Z,"Nantong Coship Electronics Co., Ltd","Nantong Coship Electronics Co., Ltd.",https://standards-oui.ieee.org/oui/oui.csv,https://web.archive.org/web/20190704101616id_/https://standards-oui.ieee.org/oui/oui.csv
6C40C6,renamed,2019-07-04T10:16:16.000Z,"Nimbus Data Systems, Inc.","Nimbus Data, Inc.",https://standards-oui.ieee.org/oui/oui.csv,https://web.archive.org/web/20190704101616id_/https://standards-oui.ieee.org/oui/oui.csv
6CD146,renamed,2019-07-04T10:16:16.000Z,Smartek d.o.o.,FRAMOS GmbH,https://standards-oui.ieee.org/oui/oui.csv,https://web.archive.org/web/20190704101616id_/https://standards-oui.ieee.org/oui/oui.csv
807B1E,renamed,2019-07-04T10:16:16.000Z,Corsair Components,"Corsair Memory, Inc.",https://standards-oui.ieee.org/oui/oui.csv,https://web.archive.org/web/20190704101616id_/https://standards-oui.ieee.org/oui/oui.csv
88B362,recased,2019-07-04T10:16:16.000Z,Nokia Shanghai Bell Co. Ltd.）,"Nokia Shanghai Bell Co., Ltd.",https://standards-oui.ieee.org/oui/oui.csv,https://web.archive.org/web/20190704101616id_/https://standards-oui.ieee.org/oui/oui.csv
A8D0E3,recased,2019-07-04T10:16:16.000Z,Systech Electronics Ltd.,Systech Electronics Ltd,https://standards-oui.ieee.org/oui/oui.csv,https://web.archive.org/web/20190704101616id_/https://standards-oui.ieee.org/oui/oui.csv
BCC31B,renamed,2019-07-04T10:16:16.000Z,Kygo Life AS,Kygo Life A,https://standards-oui.ieee.org/oui/oui.csv,https://web.archive.org/web/20190704101616id_/https://standards-oui.ieee.org/oui/oui.csv
CC37AB,renamed,2019-07-04T10:16:16.000Z,Edgecore Networks Corportation,Edgecore Networks Corporation,https://standards-oui.ieee.org/oui/oui.csv,https://web.archive.org/web/20190704101616id_/https://standards-oui.ieee.org/oui/oui.csv
D43D39,renamed,2019-07-04T10:16:16.000Z,FCI. Inc,Dialog Semiconductor,https://standards-oui.ieee.org/oui/oui.csv,https://web.archive.org/web/20190704101616id_/https://standards-oui.ieee.org/oui/oui.csv
D4F027,renamed,2019-07-04T10:16:16.000Z,Navetas Energy Management,Trust Power Ltd.,https://standards-oui.ieee.org/oui/oui.csv,https://web.archive.org/web/20190704101616id_/https://standards-oui.ieee.org/oui/oui.csv
D8E72B,renamed,2019-07-04T10:16:16.000Z,"NetScout Systems, Inc.",NetAlly,https://standards-oui.ieee.org/oui/oui.csv,https://web.archive.org/web/20190704101616id_/https://standards-oui.ieee.org/oui/oui.csv
E067B3,renamed,2019-07-04T10:16:16.000Z,"C-Data Technology Co., Ltd","Shenzhen C-Data Technology Co., Ltd",https://standards-oui.ieee.org/oui/oui.csv,https://web.archive.org/web/20190704101616id_/https://standards-oui.ieee.org/oui/oui.csv
E8A4C1,renamed,2019-07-04T10:16:16.000Z,Deep Sea Electronics PLC,Deep Sea Electronics Ltd,https://standards-oui.ieee.org/oui/oui.csv,https://web.archive.org/web/20190704101616id_/https://standards-oui.ieee.org/oui/oui.csv
00C0B6,renamed,2019-08-04T01:28:25.000Z,"Overland Storage, Inc.","HVE, Inc.",https://standards-oui.ieee.org/oui/oui.csv,https://web.archive.org/web/20190804012825id_/https://standards-oui.ieee.org/oui/oui.csv
542160,renamed,2019-08-04T01:28:25.000Z,Resolution Products,Alula,https://standards-oui.ieee.org/oui/oui.csv,https://web.archive.org/web/20190804012825id_/https://standards-oui.ieee.org/oui/oui.csv
A0D86F,renamed,2019-08-04T01:28:25.000Z,Private,"ARGO AI, LLC",https://standards-oui.ieee.org/oui/oui.csv,https://web.archive.org/web/20190804012825id_/https://standards-oui.ieee.org/oui/oui.csv
E0AAB0,renamed,2019-08-04T01:28:25.000Z,GENERAL VISION ELECTRONICS CO. LTD.,"Suntaii Enterprise Co., Ltd.",https://standards-oui.ieee.org/oui/oui.csv,https://web.archive.org/web/20190804012825id_/https://standards-oui.ieee.org/oui/oui.csv
F0264C,renamed,2019-08-04T01:28:25.000Z,Dr. Sigrist AG,Sigrist-Photometer AG,https://standards-oui.ieee.org/oui/oui.csv,https://web.archive.org/web/20190804012825id_/https://standards-oui.ieee.org/oui/oui.csv
FCC233,renamed,2019-08-04T01:28:25.000Z,Private,ASUSTek COMPUTER INC.,https://standards-oui.ieee.org/oui/oui.csv,https://web.archive.org/web/20190804012825id_/https://standards-oui.ieee.org/oui/oui.csv
000088,renamed,2020-03-21T18:23:48.000Z,"Brocade Communications Systems, Inc.",Brocade Communications Systems LLC,https://standards-oui.ieee.org/oui/oui.csv,https://web.archive.org/web/20200321182348id_/https://standards-oui.ieee.org/oui/oui.csv
00010F,renamed,2020-03-21T18:23:48.000Z,"Brocade Communications Systems, Inc.",Brocade Communications Systems LLC,https://standards-oui.ieee.org/oui/oui.csv,https://web.archive.org/web/20200321182348id_/https://standards-oui.ieee.org/oui/oui.csv
0003CB,renamed,2020-03-21T18:23:48.000Z,"Nippon Systems Development Co., Ltd.","SystemGear Co., Ltd.",https://standards-oui.ieee.org/oui/oui.csv,https://web.archive.org/web/20200321182348id_/https://standards-oui.ieee.org/oui/oui.csv
000480,renamed,2020-03-21T18:23:48.000Z,"Brocade Communications Systems, Inc.",Brocade Communications Systems LLC,https://standards-oui.ieee.org/oui/oui.csv,https://web.archive.org/web/20200321182348id_/https://standards-oui.ieee.org/oui/oui.csv
00051E,renamed,2020-03-21T18:23:48.000Z,"Brocade Communications Systems, Inc.",Brocade Communications Systems LLC,https://standards-oui.ieee.org/oui/oui.csv,https://web.archive.org/web/20200321182348id_/https://standards-oui.ieee.org/oui/oui.csv
000533,renamed,2020-03-21T18:23:48.000Z,"Brocade Communications Systems, Inc.",Brocade Communications Systems LLC,https://standards-oui.ieee.org/oui/oui.csv,https://web.archive.org/web/20200321182348id_/https://standards-oui.ieee.org/oui/oui.csv
000829,renamed,2020-03-21T18:23:48.000Z,Aval Nagasaki Corporation,TOKYO ELECTRON DEVICE NAGASAKI LIMITED,https://standards-oui.ieee.org/oui/oui.csv,https://web.archive.org/web/20200321182348id_/https://standards-oui.ieee.org/oui/oui.csv
000991,renamed,2020-03-21T18:23:48.000Z,"GE Fanuc Automation Manufacturing, Inc.","Intelligent Platforms, LLC.",https://standards-oui.ieee.org/oui/oui.csv,https://web.archive.org/web/20200321182348id_/https://standards-oui.ieee.org/oui/oui.csv
000A0D,renamed,2020-03-21T18:23:48.000Z,FCI Deutschland GmbH,Amphenol,https://standards-oui.ieee.org/oui/oui.csv,https://web.archive.org/web/20200321182348id_/https://standards-oui.ieee.org/oui/oui.csv
000C32,renamed,2020-03-21T18:23:48.000Z,Avionic Design Development GmbH,Avionic Design GmbH,https://standards-oui.ieee.org/oui/oui.csv,https://web.archive.org/web/20200321182348id_/https://standards-oui.ieee.org/oui/oui.csv
000CDB,renamed,2020-03-21T18:23:48.000Z,"Brocade Communications Systems, Inc.",Brocade Communications Systems LLC,https://standards-oui.ieee.org/oui/oui.csv,https://web.archive.org/web/20200321182348id_/https://standards-oui.ieee.org/oui/oui.csv
000CDF,renamed,2020-03-21T18:23:48.000Z,"PULNiX America, Inc",JAI Manufacturing,https://standards-oui.ieee.org/oui/oui.csv,https://web.archive.org/web/20200321182348id_/https://standards-oui.ieee.org/oui/oui.csv
000CE6,renamed,2020-03-21T18:23:48.000Z,Meru Networks Inc,Fortinet Inc.,https://standards-oui.ieee.org/oui/oui.csv,https://web.archive.org/web/20200321182348id_/https://standards-oui.ieee.org/oui/oui.csv
000D0A,renamed,2020-03-21T18:23:48.000Z,Projectiondesign as,Barco Projection Systems NV,https://standards-oui.ieee.org/oui/oui.csv,https://web.archive.org/web/20200321182348id_/https://standards-oui.ieee.org/oui/oui.csv
000DB4,renamed,2020-03-21T18:23:48.000Z,NETASQ,Stormshield,https://standards-oui.ieee.org/oui/oui.csv,https://web.archive.org/web/20200321182348id_/https://standards-oui.ieee.org/oui/oui.csv
000EA4,renamed,2020-03-21T18:23:48.000Z,Certance Inc.,Quantum Corp.,https://standards-oui.ieee.org/oui/oui.csv,https://web.archive.org/web/20200321182348id_/https://standards-oui.ieee.org/oui/oui.csv
000EF3,renamed,2020-03-21T18:23:48.000Z,Smarthome,"Smartlabs, Inc.",https://standards-oui.ieee.org/oui/oui.csv,https://web.archive.org/web/20200321182348id_/https://standards-oui.ieee.org/oui/oui.csv
001038,renamed,2020-03-21T18:23:48.000Z,"MICRO RESEARCH INSTITUTE, INC.",Micro Research Ltd.,https://standards-oui.ieee.org/oui/oui.csv,https://web.archive.org/web/20200321182348id_/https://standards-oui.ieee.org/oui/oui.csv
001258,renamed,2020-03-21T18:23:48.000Z,Activis Polska,TechVoIP Sp z o.o.,https://standards-oui.ieee.org/oui/oui.csv,https://web.archive.org/web/20200321182348id_/https://standards-oui.ieee.org/oui/oui.csv
0012E3,renamed,2020-03-21T18:23:48.000Z,"Agat-RT, Ltd.",Agat Soft LLC,https://standards-oui.ieee.org/oui/oui.csv,https://web.archive.org/web/20200321182348id_/https://standards-oui.ieee.org/oui/oui.csv
0012F2,renamed,2020-03-21T18:23:48.000Z,"Brocade Communications Systems, Inc.",Brocade Communications Systems LLC,https://standards-oui.ieee.org/oui/oui.csv,https://web.archive.org/web/20200321182348id_/https://standards-oui.ieee.org/oui/oui.csv
0014C9,renamed,2020-03-21T18:23:48.000Z,"Brocade Communications Systems, Inc.",Brocade Communications Systems LLC,https://standards-oui.ieee.org/oui/oui.csv,https://web.archive.org/web/20200321182348id_/https://standards-oui.ieee.org/oui/oui.csv
001977,renamed,2020-03-21T18:23:48.000Z,Aerohive Networks Inc.,"Extreme Networks, Inc.",https://standards-oui.ieee.org/oui/oui.csv,https://web.archive.org/web/20200321182348id_/https://standards-oui.ieee.org/oui/oui.csv
001B85,renamed,2020-03-21T18:23:48.000Z,MAN Diesel SE,MAN Energy Solutions,https://standards-oui.ieee.org/oui/oui.csv,https://web.archive.org/web/20200321182348id_/https://standards-oui.ieee.org/oui/oui.csv
001BB0,renamed,2020-03-21T18:23:48.000Z,BHARAT ELECTRONICS,Bharat Electronics Limited,https://standards-oui.ieee.org/oui/oui.csv,https://web.archive.org/web/20200321182348id_/https://standards-oui.ieee.org/oui/oui.csv
001BED,renamed,2020-03-21T18:23:48.000Z,"Brocade Communications Systems, Inc.",Brocade Communications Systems LLC,https://standards-oui.ieee.org/oui/oui.csv,https://web.archive.org/web/20200321182348id_/https://standards-oui.ieee.org/oui/oui.csv
001C91,renamed,2020-03-21T18:23:48.000Z,Gefen Inc.,Gefen LLC,https://standards-oui.ieee.org/oui/oui.csv,https://web.archive.org/web/20200321182348id_/https://standards-oui.ieee.org/oui/oui.csv
0022A0,renamed,2020-03-21T18:23:48.000Z,Delphi Corporation,"APTIV SERVICES US, LLC",https://standards-oui.ieee.org/oui/oui.csv,https://web.archive.org/web/20200321182348id_/https://standards-oui.ieee.org/oui/oui.csv
0023E6,renamed,2020-03-21T18:23:48.000Z,"Pirkus, Inc.","Innovation Farm, Inc.",https://standards-oui.ieee.org/oui/oui.csv,https://web.archive.org/web/20200321182348id_/https://standards-oui.ieee.org/oui/oui.csv
002438,renamed,2020-03-21T18:23:48.000Z,"Brocade Communications Systems, Inc.",Brocade Communications Systems LLC,https://standards-oui.ieee.org/oui/oui.csv,https://web.archive.org/web/20200321182348id_/https://standards-oui.ieee.org/oui/oui.csv
002487,renamed,2020-03-21T18:23:48.000Z,Blackboard Inc.,"Transact Campus, Inc.",https://standards-oui.ieee.org/oui/oui.csv,https://web.archive.org/web/20200321182348id_/https://standards-oui.ieee.org/oui/oui.csv
002674,renamed,2020-03-21T18:23:48.000Z,"Electronic Solutions, Inc.",Hunter Douglas,https://standards-oui.ieee.org/oui/oui.csv,https://web.archive.org/web/20200321182348id_/https://standards-oui.ieee.org/oui/oui.csv
0027F8,renamed,2020-03-21T18:23:48.000Z,"Brocade Communications Systems, Inc.",Brocade Communications Systems LLC,https://standards-oui.ieee.org/oui/oui.csv,https://web.archive.org/web/20200321182348id_/https://standards-oui.ieee.org/oui/oui.csv
003056,renamed,2020-03-21T18:23:48.000Z,Beck IPC GmbH,HMS Industrial Networks,https://standards-oui.ieee.org/oui/oui.csv,https://web.archive.org/web/20200321182348id_/https://standards-oui.ieee.org/oui/oui.csv
003092,renamed,2020-03-21T18:23:48.000Z,ModuNORM GmbH,Kontron Electronics AG,https://standards-oui.ieee.org/oui/oui.csv,https://web.archive.org/web/20200321182348id_/https://standards-oui.ieee.org/oui/oui.csv
005084,renamed,2020-03-21T18:23:48.000Z,ATL PRODUCTS,Quantum Corp.,https://standards-oui.ieee.org/oui/oui.csv,https://web.archive.org/web/20200321182348id_/https://standards-oui.ieee.org/oui/oui.csv
006069,renamed,2020-03-21T18:23:48.000Z,"Brocade Communications Systems, Inc.",Brocade Communications Systems LLC,https://standards-oui.ieee.org/oui/oui.csv,https://web.archive.org/web/20200321182348id_/https://standards-oui.ieee.org/oui/oui.csv
0060DF,renamed,2020-03-21T18:23:48.000Z,"Brocade Communications Systems, Inc.",Brocade Communications Systems LLC,https://standards-oui.ieee.org/oui/oui.csv,https://web.archive.org/web/20200321182348id_/https://standards-oui.ieee.org/oui/oui.csv
00E052,renamed,2020-03-21T18:23:48.000Z,"Brocade Communications Systems, Inc.",Brocade Communications Systems LLC,https://standards-oui.ieee.org/oui/oui.csv,https://web.archive.org/web/20200321182348id_/https://standards-oui.ieee.org/oui/oui.csv
080088,renamed,2020-03-21T18:23:48.000Z,"Brocade Communications Systems, Inc.",Brocade Communications Systems LLC,https://standards-oui.ieee.org/oui/oui.csv,https://web.archive.org/web/20200321182348id_/https://standards-oui.ieee.org/oui/oui.csv
08EA44,renamed,2020-03-21T18:23:48.000Z,Aerohive Networks Inc.,"Extreme Networks, Inc.",https://standards-oui.ieee.org/oui/oui.csv,https://web.archive.org/web/20200321182348id_/https://standards-oui.ieee.org/oui/oui.csv
1065A3,renamed,2020-03-21T18:23:48.000Z,Core Brands LLC,Panamax LLC,https://standards-oui.ieee.org/oui/oui.csv,https://web.archive.org/web/20200321182348id_/https://standards-oui.ieee.org/oui/oui.csv
145E45,renamed,2020-03-21T18:23:48.000Z,Kaleao Limited,Bamboo Systems Group,https://standards-oui.ieee.org/oui/oui.csv,https://web.archive.org/web/20200321182348id_/https://standards-oui.ieee.org/oui/oui.csv
206C8A,renamed,2020-03-21T18:23:48.000Z,Aerohive Networks Inc.,"Extreme Networks, Inc.",https://standards-oui.ieee.org/oui/oui.csv,https://web.archive.org/web/20200321182348id_/https://standards-oui.ieee.org/oui/oui.csv
24E124,renamed,2020-03-21T18:23:48.000Z,"Xiamen Ursaconn Technology Co. , Ltd.","Xiamen Ursalink Technology Co., Ltd.",https://standards-oui.ieee.org/oui/oui.csv,https://web.archive.org/web/20200321182348id_/https://standards-oui.ieee.org/oui/oui.csv
2856C1,renamed,2020-03-21T18:23:48.000Z,Harman International,Harman/Becker Automotive Systems GmbH,https://standards-oui.ieee.org/oui/oui.csv,https://web.archive.org/web/20200321182348id_/https://standards-oui.ieee.org/oui/oui.csv
30B216,renamed,2020-03-21T18:23:48.000Z,ABB AG - Power Grids - Grid Automation,ABB Power Grids Germany AG – Grid Automation,https://standards-oui.ieee.org/oui/oui.csv,https://web.archive.org/web/20200321182348id_/https://standards-oui.ieee.org/oui/oui.csv
348584,renamed,2020-03-21T18:23:48.000Z,Aerohive Networks Inc.,"Extreme Networks, Inc.",https://standards-oui.ieee.org/oui/oui.csv,https://web.archive.org/web/20200321182348id_/https://standards-oui.ieee.org/oui/oui.csv
4018B1,renamed,2020-03-21T18:23:48.000Z,Aerohive Networks Inc.,"Extreme Networks, Inc.",https://standards-oui.ieee.org/oui/oui.csv,https://web.archive.org/web/20200321182348id_/https://standards-oui.ieee.org/oui/oui.csv
40476A,renamed,2020-03-21T18:23:48.000Z,AG Acquisition Corp. d.b.a. ASTRO Gaming,Astro Gaming,https://standards-oui.ieee.org/oui/oui.csv,https://web.archive.org/web/20200321182348id_/https://standards-oui.ieee.org/oui/oui.csv
4CA003,renamed,2020-03-21T18:23:48.000Z,T-21 Technologies LLC,VITEC,https://standards-oui.ieee.org/oui/oui.csv,https://web.archive.org/web/20200321182348id_/https://standards-oui.ieee.org/oui/oui.csv
50EB1A,renamed,2020-03-21T18:23:48.000Z,"Brocade Communications Systems, Inc.",Brocade Communications Systems LLC,https://standards-oui.ieee.org/oui/oui.csv,https://web.archive.org/web/20200321182348id_/https://standards-oui.ieee.org/oui/oui.csv
540384,renamed,2020-03-21T18:23:48.000Z,"Hangkong Nano IC Technologies Co., Ltd","Hongkong Nano IC Technologies Co., Ltd",https://standards-oui.ieee.org/oui/oui.csv,https://web.archive.org/web/20200321182348id_/https://standards-oui.ieee.org/oui/oui.csv
5859C2,renamed,2020-03-21T18:23:48.000Z,Aerohive Networks Inc.,"Extreme Networks, Inc.",https://standards-oui.ieee.org/oui/oui.csv,https://web.archive.org/web/20200321182348id_/https://standards-oui.ieee.org/oui/oui.csv
5C2AEF,renamed,2020-03-21T18:23:48.000Z,Open Access Pty Ltd,r2p Asia-Pacific Pty Ltd,https://standards-oui.ieee.org/oui/oui.csv,https://web.archive.org/web/20200321182348id_/https://standards-oui.ieee.org/oui/oui.csv
609C9F,renamed,2020-03-21T18:23:48.000Z,"Brocade Communications Systems, Inc.",Brocade Communications Systems LLC,https://standards-oui.ieee.org/oui/oui.csv,https://web.archive.org/web/20200321182348id_/https://standards-oui.ieee.org/oui/oui.csv
703811,renamed,2020-03-21T18:23:48.000Z,Invensys Rail,Siemens Mobility Limited,https://standards-oui.ieee.org/oui/oui.csv,https://web.archive.org/web/20200321182348id_/https://standards-oui.ieee.org/oui/oui.csv
7076DD,renamed,2020-03-21T18:23:48.000Z,Oxyguard International A/S,OxyGuard Internation A/S,https://standards-oui.ieee.org/oui/oui.csv,https://web.archive.org/web/20200321182348id_/https://standards-oui.ieee.org/oui/oui.csv
748EF8,renamed,2020-03-21T18:23:48.000Z,"Brocade Communications Systems, Inc.",Brocade Communications Systems LLC,https://standards-oui.ieee.org/oui/oui.csv,https://web.archive.org/web/20200321182348id_/https://standards-oui.ieee.org/oui/oui.csv
787D53,renamed,2020-03-21T18:23:48.000Z,Aerohive Networks Inc.,"Extreme Networks, Inc.",https://standards-oui.ieee.org/oui/oui.csv,https://web.archive.org/web/20200321182348id_/https://standards-oui.ieee.org/oui/oui.csv
78A6E1,renamed,2020-03-21T18:23:48.000Z,"Brocade Communications Systems, Inc.",Brocade Communications Systems LLC,https://standards-oui.ieee.org/oui/oui.csv,https://web.archive.org/web/20200321182348id_/https://standards-oui.ieee.org/oui/oui.csv
7C95B1,renamed,2020-03-21T18:23:48.000Z,Aerohive Networks Inc.,"Extreme Networks, Inc.",https://standards-oui.ieee.org/oui/oui.csv,https://web.archive.org/web/20200321182348id_/https://standards-oui.ieee.org/oui/oui.csv
885BDD,renamed,2020-03-21T18:23:48.000Z,Aerohive Networks Inc.,"Extreme Networks, Inc.",https://standards-oui.ieee.org/oui/oui.csv,https://web.archive.org/web/20200321182348id_/https://standards-oui.ieee.org/oui/oui.csv
889471,renamed,2020-03-21T18:23:48.000Z,"Brocade Communications Systems, Inc.",Brocade Communications Systems LLC,https://standards-oui.ieee.org/oui/oui.csv,https://web.archive.org/web/20200321182348id_/https://standards-oui.ieee.org/oui/oui.csv
8C7CFF,renamed,2020-03-21T18:23:48.000Z,"Brocade Communications Systems, Inc.",Brocade Communications Systems LLC,https://standards-oui.ieee.org/oui/oui.csv,https://web.archive.org/web/20200321182348id_/https://standards-oui.ieee.org/oui/oui.csv
8CE38E,renamed,2020-03-21T18:23:48.000Z,Toshiba Memory Corporation,Kioxia Corporation,https://standards-oui.ieee.org/oui/oui.csv,https://web.archive.org/web/20200321182348id_/https://standards-oui.ieee.org/oui/oui.csv
90B832,renamed,2020-03-21T18:23:48.000Z,Aerohive Networks Inc.,"Extreme Networks, Inc.",https://standards-oui.ieee.org/oui/oui.csv,https://web.archive.org/web/20200321182348id_/https://standards-oui.ieee.org/oui/oui.csv
98ED5C,renamed,2020-03-21T18:23:48.000Z,"Tesla Motors, Inc","Tesla,Inc.",https://standards-oui.ieee.org/oui/oui.csv,https://web.archive.org/web/20200321182348id_/https://standards-oui.ieee.org/oui/oui.csv
9C5D12,renamed,2020-03-21T18:23:48.000Z,Aerohive Networks Inc.,"Extreme Networks, Inc.",https://standards-oui.ieee.org/oui/oui.csv,https://web.archive.org/web/20200321182348id_/https://standards-oui.ieee.org/oui/oui.csv
9C611D,renamed,2020-03-21T18:23:48.000Z,"Omni-ID USA, Inc.",Panasonic Corporation of North America,https://standards-oui.ieee.org/oui/oui.csv,https://web.archive.org/web/20200321182348id_/https://standards-oui.ieee.org/oui/oui.csv
ACBD0B,renamed,2020-03-21T18:23:48.000Z,"IMAC CO.,LTD",Leimac Ltd.,https://standards-oui.ieee.org/oui/oui.csv,https://web.archive.org/web/20200321182348id_/https://standards-oui.ieee.org/oui/oui.csv
B4E9A3,renamed,2020-03-21T18:23:48.000Z,port GmbH,port industrial automation GmbH,https://standards-oui.ieee.org/oui/oui.csv,https://web.archive.org/web/20200321182348id_/https://standards-oui.ieee.org/oui/oui.csv
B87CF2,renamed,2020-03-21T18:23:48.000Z,Aerohive Networks Inc.,"Extreme Networks, Inc.",https://standards-oui.ieee.org/oui/oui.csv,https://web.archive.org/web/20200321182348id_/https://standards-oui.ieee.org/oui/oui.csv
BCF310,renamed,2020-03-21T18:23:48.000Z,Aerohive Networks Inc.,"Extreme Networks, Inc.",https://standards-oui.ieee.org/oui/oui.csv,https://web.archive.org/web/20200321182348id_/https://standards-oui.ieee.org/oui/oui.csv
C413E2,renamed,2020-03-21T18:23:48.000Z,Aerohive Networks Inc.,"Extreme Networks, Inc.",https://standards-oui.ieee.org/oui/oui.csv,https://web.archive.org/web/20200321182348id_/https://standards-oui.ieee.org/oui/oui.csv
C4F57C,renamed,2020-03-21T18:23:48.000Z,"Brocade Communications Systems, Inc.",Brocade Communications Systems LLC,https://standards-oui.ieee.org/oui/oui.csv,https://web.archive.org/web/20200321182348id_/https://standards-oui.ieee.org/oui/oui.csv
C8665D,renamed,2020-03-21T18:23:48.000Z,Aerohive Networks Inc.,"Extreme Networks, Inc.",https://standards-oui.ieee.org/oui/oui.csv,https://web.archive.org/web/20200321182348id_/https://standards-oui.ieee.org/oui/oui.csv
C8675E,renamed,2020-03-21T18:23:48.000Z,Aerohive Networks Inc.,"Extreme Networks, Inc.",https://standards-oui.ieee.org/oui/oui.csv,https://web.archive.org/web/20200321182348id_/https://standards-oui.ieee.org/oui/oui.csv
CC4E24,renamed,2020-03-21T18:23:48.000Z,"Brocade Communications Systems, Inc.",Brocade Communications Systems LLC,https://standards-oui.ieee.org/oui/oui.csv,https://web.archive.org/web/20200321182348id_/https://standards-oui.ieee.org/oui/oui.csv
CC593E,renamed,2020-03-21T18:23:48.000Z,TOUMAZ LTD,Sensium Healthcare Limited,https://standards-oui.ieee.org/oui/oui.csv,https://web.archive.org/web/20200321182348id_/https://standards-oui.ieee.org/oui/oui.csv
D41F0C,renamed,2020-03-21T18:23:48.000Z,JAI Oy,JAI Manufacturing,https://standards-oui.ieee.org/oui/oui.csv,https://web.archive.org/web/20200321182348id_/https://standards-oui.ieee.org/oui/oui.csv
D46761,renamed,2020-03-21T18:23:48.000Z,United Gulf Gate Co.,XonTel Technology Co.,https://standards-oui.ieee.org/oui/oui.csv,https://web.archive.org/web/20200321182348id_/https://standards-oui.ieee.org/oui/oui.csv
D4CFF9,renamed,2020-03-21T18:23:48.000Z,"Shenzhen Sen5 Technology Co., Ltd.","Shenzhen SEI Robotics Co.,Ltd",https://standards-oui.ieee.org/oui/oui.csv,https://web.archive.org/web/20200321182348id_/https://standards-oui.ieee.org/oui/oui.csv
D81FCC,renamed,2020-03-21T18:23:48.000Z,"Brocade Communications Systems, Inc.",Brocade Communications Systems LLC,https://standards-oui.ieee.org/oui/oui.csv,https://web.archive.org/web/20200321182348id_/https://standards-oui.ieee.org/oui/oui.csv
D854A2,renamed,2020-03-21T18:23:48.000Z,Aerohive Networks Inc.,"Extreme Networks, Inc.",https://standards-oui.ieee.org/oui/oui.csv,https://web.archive.org/web/20200321182348id_/https://standards-oui.ieee.org/oui/oui.csv
DC35F1,renamed,2020-03-21T18:23:48.000Z,Positivo Informática SA.,Positivo Tecnologia S.A.,https://standards-oui.ieee.org/oui/oui.csv,https://web.archive.org/web/20200321182348id_/https://standards-oui.ieee.org/oui/oui.csv
E01C41,renamed,2020-03-21T18:23:48.000Z,Aerohive Networks Inc.,"Extreme Networks, Inc.",https://standards-oui.ieee.org/oui/oui.csv,https://web.archive.org/web/20200321182348id_/https://standards-oui.ieee.org/oui/oui.csv
E0AAB0,renamed,2020-03-21T18:23:48.000Z,"Suntaii Enterprise Co., Ltd.","SUNTAILI ENTERPRISE CO. LTD,",https://standards-oui.ieee.org/oui/oui.csv,https://web.archive.org/web/20200321182348id_/https://standards-oui.ieee.org/oui/oui.csv
F09CE9,renamed,2020-03-21T18:23:48.000Z,Aerohive Networks Inc.,"Extreme Networks, Inc.",https://standards-oui.ieee.org/oui/oui.csv,https://web.archive.org/web/20200321182348id_/https://standards-oui.ieee.org/oui/oui.csv
F4EAB5,renamed,2020-03-21T18:23:48.000Z,Aerohive Networks Inc.,"Extreme Networks, Inc.",https://standards-oui.ieee.org/oui/oui.csv,https://web.archive.org/web/20200321182348id_/https://standards-oui.ieee.org/oui/oui.csv
001932,renamed,2020-04-23T13:58:20.000Z,Gude Analog- und Digialsysteme GmbH,Gude Systems GmbH,https://standards-oui.ieee.org/oui/oui.csv,https://web.archive.org/web/20200423135820id_/https://standards-oui.ieee.org/oui/oui.csv
001D05,renamed,2020-04-23T13:58:20.000Z,Eaton Corporation,Cooper Lighting Solutions,https://standards-oui.ieee.org/oui/oui.csv,https://web.archive.org/web/20200423135820id_/https://standards-oui.ieee.org/oui/oui.csv
001EE0,renamed,2020-04-23T13:58:20.000Z,Urmet Domus SpA,Urmet SpA,https://standards-oui.ieee.org/oui/oui.csv,https://web.archive.org/web/20200423135820id_/https://standards-oui.ieee.org/oui/oui.csv
00E0B7,renamed,2020-04-23T13:58:20.000Z,"PI GROUP, LTD.",Cosworth Electronics Ltd,https://standards-oui.ieee.org/oui/oui.csv,https://web.archive.org/web/20200423135820id_/https://standards-oui.ieee.org/oui/oui.csv
38F0C8,renamed,2020-04-23T13:58:20.000Z,Livestream,Mevo Inc.,https://standards-oui.ieee.org/oui/oui.csv,https://web.archive.org/web/20200423135820id_/https://standards-oui.ieee.org/oui/oui.csv
C83DFC,renamed,2020-04-23T13:58:20.000Z,Pioneer DJ Corporation,AlphaTheta Corporation,https://standards-oui.ieee.org/oui/oui.csv,https://web.archive.org/web/20200423135820id_/https://standards-oui.ieee.org/oui/oui.csv
0002C4,renamed,2020-05-13T21:25:05.000Z,Vector International BVBA,"OPT Machine Vision Tech Co., Ltd",https://standards-oui.ieee.org/oui/oui.csv,https://web.archive.org/web/20200513212505id_/https://standards-oui.ieee.org/oui/oui.csv
0005C9,renamed,2020-05-13T21:25:05.000Z,"LG Innotek Co., Ltd.",LG Innotek,https://standards-oui.ieee.org/oui/oui.csv,https://web.archive.org/web/20200513212505id_/https://standards-oui.ieee.org/oui/oui.csv
001EB2,recased,2020-05-13T21:25:05.000Z,LG innotek,LG Innotek,https://standards-oui.ieee.org/oui/oui.csv,https://web.archive.org/web/20200513212505id_/https://standards-oui.ieee.org/oui/oui.csv
1C08C1,recased,2020-05-13T21:25:05.000Z,Lg Innotek,LG Innotek,https://standards-oui.ieee.org/oui/oui.csv,https://web.archive.org/web/20200513212505id_/https://standards-oui.ieee.org/oui/oui.csv
5448E6,recased,2020-05-13T21:25:05.000Z,"Beijing Xiaomi Mobile Software Co.,Ltd","Beijing Xiaomi Mobile Software Co., Ltd",https://standards-oui.ieee.org/oui/oui.csv,https://web.archive.org/web/20200513212505id_/https://standards-oui.ieee.org/oui/oui.csv
00005F,recased,2020-08-05T03:20:28.000Z,"Sumitomo Electric Industries,Ltd","Sumitomo Electric Industries, Ltd",https://standards-oui.ieee.org/oui/oui.csv,https://web.archive.org/web/20200805032028id_/https://standards-oui.ieee.org/oui/oui.csv
0003E8,renamed,2020-08-05T03:20:28.000Z,Wavelength Digital Limited,Wavesight Limited,https://standards-oui.ieee.org/oui/oui.csv,https://web.archive.org/web/20200805032028id_/https://standards-oui.ieee.org/oui/oui.csv
00078E,renamed,2020-08-05T03:20:28.000Z,Garz & Friche GmbH,Garz & Fricke GmbH,https://standards-oui.ieee.org/oui/oui.csv,https://web.archive.org/web/20200805032028id_/https://standards-oui.ieee.org/oui/oui.csv
0008F6,recased,2020-08-05T03:20:28.000Z,"Sumitomo Electric Industries,Ltd","Sumitomo Electric Industries, Ltd",https://standards-oui.ieee.org/oui/oui.csv,https://web.archive.org/web/20200805032028id_/https://standards-oui.ieee.org/oui/oui.csv
000BA2,recased,2020-08-05T03:20:28.000Z,"Sumitomo Electric Industries,Ltd","Sumitomo Electric Industries, Ltd",https://standards-oui.ieee.org/oui/oui.csv,https://web.archive.org/web/20200805032028id_/https://standards-oui.ieee.org/oui/oui.csv
001636,recased,2020-08-05T03:20:28.000Z,QUANTA COMPUTER INC.,Quanta Computer Inc.,https://standards-oui.ieee.org/oui/oui.csv,https://web.archive.org/web/20200805032028id_/https://standards-oui.ieee.org/oui/oui.csv
001711,renamed,2020-08-05T03:20:28.000Z,GE Healthcare Bio-Sciences AB,Cytiva Sweden AB,https://standards-oui.ieee.org/oui/oui.csv,https://web.archive.org/web/20200805032028id_/https://standards-oui.ieee.org/oui/oui.csv
001B24,recased,2020-08-05T03:20:28.000Z,QUANTA COMPUTER INC.,Quanta Computer Inc.,https://standards-oui.ieee.org/oui/oui.csv,https://web.archive.org/web/20200805032028id_/https://standards-oui.ieee.org/oui/oui.csv
001CFC,recased,2020-08-05T03:20:28.000Z,"Sumitomo Electric Industries,Ltd","Sumitomo Electric Industries, Ltd",https://standards-oui.ieee.org/oui/oui.csv,https://web.archive.org/web/20200805032028id_/https://standards-oui.ieee.org/oui/oui.csv
001E31,renamed,2020-08-05T03:20:28.000Z,"INFOMARK CO.,LTD.",infomark,https://standards-oui.ieee.org/oui/oui.csv,https://web.archive.org/web/20200805032028id_/https://standards-oui.ieee.org/oui/oui.csv
001E68,recased,2020-08-05T03:20:28.000Z,QUANTA COMPUTER INC.,Quanta Computer Inc.,https://standards-oui.ieee.org/oui/oui.csv,https://web.archive.org/web/20200805032028id_/https://standards-oui.ieee.org/oui/oui.csv
00238B,recased,2020-08-05T03:20:28.000Z,QUANTA COMPUTER INC.,Quanta Computer Inc.,https://standards-oui.ieee.org/oui/oui.csv,https://web.archive.org/web/20200805032028id_/https://standards-oui.ieee.org/oui/oui.csv
0025DC,recased,2020-08-05T03:20:28.000Z,"Sumitomo Electric Industries,Ltd","Sumitomo Electric Industries, Ltd",https://standards-oui.ieee.org/oui/oui.csv,https://web.archive.org/web/20200805032028id_/https://standards-oui.ieee.org/oui/oui.csv
00269E,recased,2020-08-05T03:20:28.000Z,QUANTA COMPUTER INC.,Quanta Computer Inc.,https://standards-oui.ieee.org/oui/oui.csv,https://web.archive.org/web/20200805032028id_/https://standards-oui.ieee.org/oui/oui.csv
003054,recased,2020-08-05T03:20:28.000Z,"CASTLENET TECHNOLOGY, INC.",Castlenet Technology Inc.,https://standards-oui.ieee.org/oui/oui.csv,https://web.archive.org/web/20200805032028id_/https://standards-oui.ieee.org/oui/oui.csv
0050F1,renamed,2020-08-05T03:20:28.000Z,Intel Corporation,"Maxlinear, Inc",https://standards-oui.ieee.org/oui/oui.csv,https://web.archive.org/web/20200805032028id_/https://standards-oui.ieee.org/oui/oui.csv
0090D2,recased,2020-08-05T03:20:28.000Z,ARTEL VIDEO SYSTEMS,Artel Video Systems,https://standards-oui.ieee.org/oui/oui.csv,https://web.archive.org/web/20200805032028id_/https://standards-oui.ieee.org/oui/oui.csv
00C09F,recased,2020-08-05T03:20:28.000Z,QUANTA COMPUTER INC.,Quanta Computer Inc.,https://standards-oui.ieee.org/oui/oui.csv,https://web.archive.org/web/20200805032028id_/https://standards-oui.ieee.org/oui/oui.csv
00CBBD,renamed,2020-08-05T03:20:28.000Z,Cambridge Broadband Networks Ltd.,Cambridge Broadband Networks Group,https://standards-oui.ieee.org/oui/oui.csv,https://web.archive.org/web/20200805032028id_/https://standards-oui.ieee.org/oui/oui.csv
047D7B,recased,2020-08-05T03:20:28.000Z,QUANTA COMPUTER INC.,Quanta Computer Inc.,https://standards-oui.ieee.org/oui/oui.csv,https://web.archive.org/web/20200805032028id_/https://standards-oui.ieee.org/oui/oui.csv
084EBF,renamed,2020-08-05T03:20:28.000Z,Broad Net Mux Corporation,"Sumitomo Electric Industries, Ltd",https://standards-oui.ieee.org/oui/oui.csv,https://web.archive.org/web/20200805032028id_/https://standards-oui.ieee.org/oui/oui.csv
088F2C,renamed,2020-08-05T03:20:28.000Z,Hills Sound Vision & Lighting,Amber Technology Ltd.,https://standards-oui.ieee.org/oui/oui.csv,https://web.archive.org/web/20200805032028id_/https://standards-oui.ieee.org/oui/oui.csv
089E01,recased,2020-08-05T03:20:28.000Z,QUANTA COMPUTER INC.,Quanta Computer Inc.,https://standards-oui.ieee.org/oui/oui.csv,https://web.archive.org/web/20200805032028id_/https://standards-oui.ieee.org/oui/oui.csv
24FD0D,renamed,2020-08-05T03:20:28.000Z,INDÚSTRIA DE TELECOMUNICAÇÃO ELETRÔNICA,Intelbras,https://standards-oui.ieee.org/oui/oui.csv,https://web.archive.org/web/20200805032028id_/https://standards-oui.ieee.org/oui/oui.csv
2C600C,recased,2020-08-05T03:20:28.000Z,QUANTA COMPUTER INC.,Quanta Computer Inc.,https://standards-oui.ieee.org/oui/oui.csv,https://web.archive.org/web/20200805032028id_/https://standards-oui.ieee.org/oui/oui.csv
30B216,renamed,2020-08-05T03:20:28.000Z,ABB Power Grids Germany AG – Grid Automation,Hitachi ABB Power Grids – Grid Automation,https://standards-oui.ieee.org/oui/oui.csv,https://web.archive.org/web/20200805032028id_/https://standards-oui.ieee.org/oui/oui.csv
340F66,renamed,2020-08-05T03:20:28.000Z,MicroArx Corporation,Web Sensing LLC,https://standards-oui.ieee.org/oui/oui.csv,https://web.archive.org/web/20200805032028id_/https://standards-oui.ieee.org/oui/oui.csv
34873D,renamed,2020-08-05T03:20:28.000Z,"Quectel Wireless Solution Co.,Ltd.","Quectel Wireless Solutions Co., Ltd.",https://standards-oui.ieee.org/oui/oui.csv,https://web.archive.org/web/20200805032028id_/https://standards-oui.ieee.org/oui/oui.csv
54AB3A,recased,2020-08-05T03:20:28.000Z,QUANTA COMPUTER INC.,Quanta Computer Inc.,https://standards-oui.ieee.org/oui/oui.csv,https://web.archive.org/web/20200805032028id_/https://standards-oui.ieee.org/oui/oui.csv
5865E6,renamed,2020-08-05T03:20:28.000Z,"INFOMARK CO., LTD.",infomark,https://standards-oui.ieee.org/oui/oui.csv,https://web.archive.org/web/20200805032028id_/https://standards-oui.ieee.org/oui/oui.csv
60EB69,recased,2020-08-05T03:20:28.000Z,QUANTA COMPUTER INC.,Quanta Computer Inc.,https://standards-oui.ieee.org/oui/oui.csv,https://web.archive.org/web/20200805032028id_/https://standards-oui.ieee.org/oui/oui.csv
702F4B,renamed,2020-08-05T03:20:28.000Z,PolyVision Inc.,Steelcase Inc.,https://standards-oui.ieee.org/oui/oui.csv,https://web.archive.org/web/20200805032028id_/https://standards-oui.ieee.org/oui/oui.csv
7853F2,renamed,2020-08-05T03:20:28.000Z,ROXTON Ltd.,Roxton Systems Ltd.,https://standards-oui.ieee.org/oui/oui.csv,https://web.archive.org/web/20200805032028id_/https://standards-oui.ieee.org/oui/oui.csv
84EA97,recased,2020-08-05T03:20:28.000Z,"Shenzhen iComm Semiconductor Co., Ltd.","Shenzhen iComm Semiconductor CO.,LTD",https://standards-oui.ieee.org/oui/oui.csv,https://web.archive.org/web/20200805032028id_/https://standards-oui.ieee.org/oui/oui.csv
98C97C,recased,2020-08-05T03:20:28.000Z,"Shenzhen iComm Semiconductor CO,LTD","Shenzhen iComm Semiconductor CO.,LTD",https://standards-oui.ieee.org/oui/oui.csv,https://web.archive.org/web/20200805032028id_/https://standards-oui.ieee.org/oui/oui.csv
9C6937,renamed,2020-08-05T03:20:28.000Z,Qorvo Utrecht B.V.,Qorvo International Pte. Ltd.,https://standards-oui.ieee.org/oui/oui.csv,https://web.archive.org/web/20200805032028id_/https://standards-oui.ieee.org/oui/oui.csv
9CF61A,renamed,2020-08-05T03:20:28.000Z,UTC Fire and Security,Carrier Fire & Security,https://standards-oui.ieee.org/oui/oui.csv,https://web.archive.org/web/20200805032028id_/https://standards-oui.ieee.org/oui/oui.csv
A486AE,renamed,2020-08-05T03:20:28.000Z,Quectel Wireless Solutions,"Quectel Wireless Solutions Co., Ltd.",https://standards-oui.ieee.org/oui/oui.csv,https://web.archive.org/web/20200805032028id_/https://standards-oui.ieee.org/oui/oui.csv
A81E84,recased,2020-08-05T03:20:28.000Z,QUANTA COMPUTER INC.,Quanta Computer Inc.,https://standards-oui.ieee.org/oui/oui.csv,https://web.archive.org/web/20200805032028id_/https://standards-oui.ieee.org/oui/oui.csv
AC9A96,renamed,2020-08-05T03:20:28.000Z,Lantiq Deutschland GmbH,"Maxlinear, Inc",https://standards-oui.ieee.org/oui/oui.csv,https://web.archive.org/web/20200805032028id_/https://standards-oui.ieee.org/oui/oui.csv
C45444,recased,2020-08-05T03:20:28.000Z,QUANTA COMPUTER INC.,Quanta Computer Inc.,https://standards-oui.ieee.org/oui/oui.csv,https://web.archive.org/web/20200805032028id_/https://standards-oui.ieee.org/oui/oui.csv
C49886,renamed,2020-08-05T03:20:28.000Z,Qorvo Utrecht B.V.,Qorvo International Pte. Ltd.,https://standards-oui.ieee.org/oui/oui.csv,https://web.archive.org/web/20200805032028id_/https://standards-oui.ieee.org/oui/oui.csv
C80AA9,recased,2020-08-05T03:20:28.000Z,QUANTA COMPUTER INC.,Quanta Computer Inc.,https://standards-oui.ieee.org/oui/oui.csv,https://web.archive.org/web/20200805032028id_/https://standards-oui.ieee.org/oui/oui.csv
D03D52,renamed,2020-08-05T03:20:28.000Z,Vaion Limited,Ava Security Limited,https://standards-oui.ieee.org/oui/oui.csv,https://web.archive.org/web/20200805032028id_/https://standards-oui.ieee.org/oui/oui.csv
D46A91,renamed,2020-08-05T03:20:28.000Z,Snap AV,SnapAV,https://standards-oui.ieee.org/oui/oui.csv,https://web.archive.org/web/20200805032028id_/https://standards-oui.ieee.org/oui/oui.csv
D4A651,renamed,2020-08-05T03:20:28.000Z,Tuya HK Limited,"HANGZHOU AIXIANGJI TECHNOLOGY CO., LTD",https://standards-oui.ieee.org/oui/oui.csv,https://web.archive.org/web/20200805032028id_/https://standards-oui.ieee.org/oui/oui.csv
E89A8F,recased,2020-08-05T03:20:28.000Z,QUANTA COMPUTER INC.,Quanta Computer Inc.,https://standards-oui.ieee.org/oui/oui.csv,https://web.archive.org/web/20200805032028id_/https://standards-oui.ieee.org/oui/oui.csv
0002C7,renamed,2020-11-28T14:05:02.000Z,"ALPS ELECTRIC CO., LTD.","ALPSALPINE CO,.LTD",https://standards-oui.ieee.org/oui/oui.csv,https://web.archive.org/web/20201128140502id_/https://standards-oui.ieee.org/oui/oui.csv
000334,renamed,2020-11-28T14:05:02.000Z,Newport Electronics,Omega Engineering Inc.,https://standards-oui.ieee.org/oui/oui.csv,https://web.archive.org/web/20201128140502id_/https://standards-oui.ieee.org/oui/oui.csv
0006F5,renamed,2020-11-28T14:05:02.000Z,"ALPS ELECTRIC CO., LTD.","ALPSALPINE CO,.LTD",https://standards-oui.ieee.org/oui/oui.csv,https://web.archive.org/web/20201128140502id_/https://standards-oui.ieee.org/oui/oui.csv
0006F7,renamed,2020-11-28T14:05:02.000Z,"ALPS ELECTRIC CO., LTD.","ALPSALPINE CO,.LTD",https://standards-oui.ieee.org/oui/oui.csv,https://web.archive.org/web/20201128140502id_/https://standards-oui.ieee.org/oui/oui.csv
000704,renamed,2020-11-28T14:05:02.000Z,"ALPS ELECTRIC CO., LTD.","ALPSALPINE CO,.LTD",https://standards-oui.ieee.org/oui/oui.csv,https://web.archive.org/web/20201128140502id_/https://standards-oui.ieee.org/oui/oui.csv
0008B0,renamed,2020-11-28T14:05:02.000Z,BKtel communications GmbH,HUBER+SUHNER BKtel GmbH,https://standards-oui.ieee.org/oui/oui.csv,https://web.archive.org/web/20201128140502id_/https://standards-oui.ieee.org/oui/oui.csv
000B4E,renamed,2020-11-28T14:05:02.000Z,"VertexRSI, General Dynamics SatCOM Technologies, Inc.",Communications & Power Industries,https://standards-oui.ieee.org/oui/oui.csv,https://web.archive.org/web/20201128140502id_/https://standards-oui.ieee.org/oui/oui.csv
001293,renamed,2020-11-28T14:05:02.000Z,GE Energy,ABB Power Protection (CH),https://standards-oui.ieee.org/oui/oui.csv,https://web.archive.org/web/20201128140502id_/https://standards-oui.ieee.org/oui/oui.csv
0012AD,renamed,2020-11-28T14:05:02.000Z,IDS GmbH,VIVAVIS AG,https://standards-oui.ieee.org/oui/oui.csv,https://web.archive.org/web/20201128140502id_/https://standards-oui.ieee.org/oui/oui.csv
00145A,renamed,2020-11-28T14:05:02.000Z,Neratec Solutions AG,Westermo Neratec AG,https://standards-oui.ieee.org/oui/oui.csv,https://web.archive.org/web/20201128140502id_/https://standards-oui.ieee.org/oui/oui.csv
00163B,renamed,2020-11-28T14:05:02.000Z,VertexRSI/General Dynamics,Communications & Power Industries,https://standards-oui.ieee.org/oui/oui.csv,https://web.archive.org/web/20201128140502id_/https://standards-oui.ieee.org/oui/oui.csv
0016FE,renamed,2020-11-28T14:05:02.000Z,"ALPS ELECTRIC CO., LTD.","ALPSALPINE CO,.LTD",https://standards-oui.ieee.org/oui/oui.csv,https://web.archive.org/web/20201128140502id_/https://standards-oui.ieee.org/oui/oui.csv
0019C1,renamed,2020-11-28T14:05:02.000Z,"ALPS ELECTRIC CO., LTD.","ALPSALPINE CO,.LTD",https://standards-oui.ieee.org/oui/oui.csv,https://web.archive.org/web/20201128140502id_/https://standards-oui.ieee.org/oui/oui.csv
001BFB,renamed,2020-11-28T14:05:02.000Z,"ALPS ELECTRIC CO., LTD.","ALPSALPINE CO,.LTD",https://standards-oui.ieee.org/oui/oui.csv,https://web.archive.org/web/20201128140502id_/https://standards-oui.ieee.org/oui/oui.csv
001E3D,renamed,2020-11-28T14:05:02.000Z,"ALPS ELECTRIC CO., LTD.","ALPSALPINE CO,.LTD",https://standards-oui.ieee.org/oui/oui.csv,https://web.archive.org/web/20201128140502id_/https://standards-oui.ieee.org/oui/oui.csv
00213E,renamed,2020-11-28T14:05:02.000Z,TomTom,TomTom International BV,https://standards-oui.ieee.org/oui/oui.csv,https://web.archive.org/web/20201128140502id_/https://standards-oui.ieee.org/oui/oui.csv
00214F,renamed,2020-11-28T14:05:02.000Z,"ALPS ELECTRIC CO., LTD.","ALPSALPINE CO,.LTD",https://standards-oui.ieee.org/oui/oui.csv,https://web.archive.org/web/20201128140502id_/https://standards-oui.ieee.org/oui/oui.csv
002306,renamed,2020-11-28T14:05:02.000Z,"ALPS ELECTRIC CO., LTD.","ALPSALPINE CO,.LTD",https://standards-oui.ieee.org/oui/oui.csv,https://web.archive.org/web/20201128140502id_/https://standards-oui.ieee.org/oui/oui.csv
002386,renamed,2020-11-28T14:05:02.000Z,Tour & Andersson AB,IMI Hydronic Engineering international SA,https://standards-oui.ieee.org/oui/oui.csv,https://web.archive.org/web/20201128140502id_/https://standards-oui.ieee.org/oui/oui.csv
002433,renamed,2020-11-28T14:05:02.000Z,"ALPS ELECTRIC CO., LTD.","ALPSALPINE CO,.LTD",https://standards-oui.ieee.org/oui/oui.csv,https://web.archive.org/web/20201128140502id_/https://standards-oui.ieee.org/oui/oui.csv
002643,renamed,2020-11-28T14:05:02.000Z,"ALPS ELECTRIC CO., LTD.","ALPSALPINE CO,.LTD",https://standards-oui.ieee.org/oui/oui.csv,https://web.archive.org/web/20201128140502id_/https://standards-oui.ieee.org/oui/oui.csv
00264E,renamed,2020-11-28T14:05:02.000Z,Rail & Road Protec GmbH,r2p GmbH,https://standards-oui.ieee.org/oui/oui.csv,https://web.archive.org/web/20201128140502id_/https://standards-oui.ieee.org/oui/oui.csv
006065,renamed,2020-11-28T14:05:02.000Z,BERNECKER & RAINER INDUSTRIE-ELEKTRONIC GmbH,B&R Industrial Automation GmbH,https://standards-oui.ieee.org/oui/oui.csv,https://web.archive.org/web/20201128140502id_/https://standards-oui.ieee.org/oui/oui.csv
0077E4,renamed,2020-11-28T14:05:02.000Z,Nokia,Nokia Solutions and Networks GmbH & Co. KG,https://standards-oui.ieee.org/oui/oui.csv,https://web.archive.org/web/20201128140502id_/https://standards-oui.ieee.org/oui/oui.csv
00A0FB,renamed,2020-11-28T14:05:02.000Z,"TORAY ENGINEERING CO., LTD.","Toray Engineering D Solutions Co., Ltd.",https://standards-oui.ieee.org/oui/oui.csv,https://web.archive.org/web/20201128140502id_/https://standards-oui.ieee.org/oui/oui.csv
04766E,renamed,2020-11-28T14:05:02.000Z,"ALPS ELECTRIC CO., LTD.","ALPSALPINE CO,.LTD",https://standards-oui.ieee.org/oui/oui.csv,https://web.archive.org/web/20201128140502id_/https://standards-oui.ieee.org/oui/oui.csv
0498F3,renamed,2020-11-28T14:05:02.000Z,"ALPS ELECTRIC CO., LTD.","ALPSALPINE CO,.LTD",https://standards-oui.ieee.org/oui/oui.csv,https://web.archive.org/web/20201128140502id_/https://standards-oui.ieee.org/oui/oui.csv
089BB9,renamed,2020-11-28T14:05:02.000Z,Nokia,Nokia Solutions and Networks GmbH & Co. KG,https://standards-oui.ieee.org/oui/oui.csv,https://web.archive.org/web/20201128140502id_/https://standards-oui.ieee.org/oui/oui.csv
0C7C28,renamed,2020-11-28T14:05:02.000Z,Nokia,Nokia Solutions and Networks GmbH & Co. KG,https://standards-oui.ieee.org/oui/oui.csv,https://web.archive.org/web/20201128140502id_/https://standards-oui.ieee.org/oui/oui.csv
1869D8,renamed,2020-11-28T14:05:02.000Z,"HANGZHOU AIXIANGJI TECHNOLOGY CO., LTD",Tuya Smart Inc.,https://standards-oui.ieee.org/oui/oui.csv,https://web.archive.org/web/20201128140502id_/https://standards-oui.ieee.org/oui/oui.csv
207852,renamed,2020-11-28T14:05:02.000Z,Nokia,Nokia Solutions and Networks GmbH & Co. KG,https://standards-oui.ieee.org/oui/oui.csv,https://web.archive.org/web/20201128140502id_/https://standards-oui.ieee.org/oui/oui.csv
28A183,renamed,2020-11-28T14:05:02.000Z,"ALPS ELECTRIC CO., LTD.","ALPSALPINE CO,.LTD",https://standards-oui.ieee.org/oui/oui.csv,https://web.archive.org/web/20201128140502id_/https://standards-oui.ieee.org/oui/oui.csv
30C3D9,renamed,2020-11-28T14:05:02.000Z,"ALPS ELECTRIC CO., LTD.","ALPSALPINE CO,.LTD",https://standards-oui.ieee.org/oui/oui.csv,https://web.archive.org/web/20201128140502id_/https://standards-oui.ieee.org/oui/oui.csv
34C731,renamed,2020-11-28T14:05:02.000Z,"ALPS ELECTRIC CO., LTD.","ALPSALPINE CO,.LTD",https://standards-oui.ieee.org/oui/oui.csv,https://web.archive.org/web/20201128140502id_/https://standards-oui.ieee.org/oui/oui.csv
38C096,renamed,2020-11-28T14:05:02.000Z,"ALPS ELECTRIC CO., LTD.","ALPSALPINE CO,.LTD",https://standards-oui.ieee.org/oui/oui.csv,https://web.archive.org/web/20201128140502id_/https://standards-oui.ieee.org/oui/oui.csv
48EC5B,renamed,2020-11-28T14:05:02.000Z,Nokia,Nokia Solutions and Networks GmbH & Co. KG,https://standards-oui.ieee.org/oui/oui.csv,https://web.archive.org/web/20201128140502id_/https://standards-oui.ieee.org/oui/oui.csv
48F07B,renamed,2020-11-28T14:05:02.000Z,"ALPS ELECTRIC CO., LTD.","ALPSALPINE CO,.LTD",https://standards-oui.ieee.org/oui/oui.csv,https://web.archive.org/web/20201128140502id_/https://standards-oui.ieee.org/oui/oui.csv
54FA96,renamed,2020-11-28T14:05:02.000Z,Nokia,Nokia Solutions and Networks GmbH & Co. KG,https://standards-oui.ieee.org/oui/oui.csv,https://web.archive.org/web/20201128140502id_/https://standards-oui.ieee.org/oui/oui.csv
5816D7,renamed,2020-11-28T14:05:02.000Z,"ALPS ELECTRIC CO., LTD.","ALPSALPINE CO,.LTD",https://standards-oui.ieee.org/oui/oui.csv,https://web.archive.org/web/20201128140502id_/https://standards-oui.ieee.org/oui/oui.csv
5C3400,renamed,2020-11-28T14:05:02.000Z,"HISENSE VISUAL TECHNOLOGY CO.,LTD","Hisense Electric Co.,Ltd",https://standards-oui.ieee.org/oui/oui.csv,https://web.archive.org/web/20201128140502id_/https://standards-oui.ieee.org/oui/oui.csv
60380E,renamed,2020-11-28T14:05:02.000Z,"ALPS ELECTRIC CO., LTD.","ALPSALPINE CO,.LTD",https://standards-oui.ieee.org/oui/oui.csv,https://web.archive.org/web/20201128140502id_/https://standards-oui.ieee.org/oui/oui.csv
60812B,renamed,2020-11-28T14:05:02.000Z,Custom Control Concepts,Astronics Custom Control Concepts,https://standards-oui.ieee.org/oui/oui.csv,https://web.archive.org/web/20201128140502id_/https://standards-oui.ieee.org/oui/oui.csv
60A8FE,renamed,2020-11-28T14:05:02.000Z,Nokia,Nokia Solutions and Networks GmbH & Co. KG,https://standards-oui.ieee.org/oui/oui.csv,https://web.archive.org/web/20201128140502id_/https://standards-oui.ieee.org/oui/oui.csv
64D4BD,renamed,2020-11-28T14:05:02.000Z,"ALPS ELECTRIC CO., LTD.","ALPSALPINE CO,.LTD",https://standards-oui.ieee.org/oui/oui.csv,https://web.archive.org/web/20201128140502id_/https://standards-oui.ieee.org/oui/oui.csv
68572D,renamed,2020-11-28T14:05:02.000Z,"HANGZHOU AIXIANGJI TECHNOLOGY CO., LTD",Tuya Smart Inc.,https://standards-oui.ieee.org/oui/oui.csv,https://web.archive.org/web/20201128140502id_/https://standards-oui.ieee.org/oui/oui.csv
687848,recased,2020-11-28T14:05:02.000Z,"Westunitis Co., Ltd.","WESTUNITIS CO., LTD.",https://standards-oui.ieee.org/oui/oui.csv,https://web.archive.org/web/20201128140502id_/https://standards-oui.ieee.org/oui/oui.csv
6CF712,renamed,2020-11-28T14:05:02.000Z,Nokia,Nokia Solutions and Networks GmbH & Co. KG,https://standards-oui.ieee.org/oui/oui.csv,https://web.archive.org/web/20201128140502id_/https://standards-oui.ieee.org/oui/oui.csv
748F4D,renamed,2020-11-28T14:05:02.000Z,MEN Mikro Elektronik GmbH,duagon Germany GmbH,https://standards-oui.ieee.org/oui/oui.csv,https://web.archive.org/web/20201128140502id_/https://standards-oui.ieee.org/oui/oui.csv
7495EC,renamed,2020-11-28T14:05:02.000Z,"ALPS ELECTRIC CO., LTD.","ALPSALPINE CO,.LTD",https://standards-oui.ieee.org/oui/oui.csv,https://web.archive.org/web/20201128140502id_/https://standards-oui.ieee.org/oui/oui.csv
78F9B4,renamed,2020-11-28T14:05:02.000Z,Nokia,Nokia Solutions and Networks GmbH & Co. KG,https://standards-oui.ieee.org/oui/oui.csv,https://web.archive.org/web/20201128140502id_/https://standards-oui.ieee.org/oui/oui.csv
84DB9E,renamed,2020-11-28T14:05:02.000Z,Aifloo AB,Pink Nectarine Health AB,https://standards-oui.ieee.org/oui/oui.csv,https://web.archive.org/web/20201128140502id_/https://standards-oui.ieee.org/oui/oui.csv
947BBE,renamed,2020-11-28T14:05:02.000Z,Ubicquia,Ubicquia LLC,https://standards-oui.ieee.org/oui/oui.csv,https://web.archive.org/web/20201128140502id_/https://standards-oui.ieee.org/oui/oui.csv
9C8D7C,renamed,2020-11-28T14:05:02.000Z,"ALPS ELECTRIC CO., LTD.","ALPSALPINE CO,.LTD",https://standards-oui.ieee.org/oui/oui.csv,https://web.archive.org/web/20201128140502id_/https://standards-oui.ieee.org/oui/oui.csv
A468BC,renamed,2020-11-28T14:05:02.000Z,Private,Oakley Inc.,https://standards-oui.ieee.org/oui/oui.csv,https://web.archive.org/web/20201128140502id_/https://standards-oui.ieee.org/oui/oui.csv
AC7A4D,renamed,2020-11-28T14:05:02.000Z,"ALPS ELECTRIC CO., LTD.","ALPSALPINE CO,.LTD",https://standards-oui.ieee.org/oui/oui.csv,https://web.archive.org/web/20201128140502id_/https://standards-oui.ieee.org/oui/oui.csv
ACF85C,renamed,2020-11-28T14:05:02.000Z,Private,"Chengdu Higon Integrated Circuit Design Co,. Ltd.",https://standards-oui.ieee.org/oui/oui.csv,https://web.archive.org/web/20201128140502id_/https://standards-oui.ieee.org/oui/oui.csv
B4EC02,renamed,2020-11-28T14:05:02.000Z,"ALPS ELECTRIC CO., LTD.","ALPSALPINE CO,.LTD",https://standards-oui.ieee.org/oui/oui.csv,https://web.archive.org/web/20201128140502id_/https://standards-oui.ieee.org/oui/oui.csv
BC428C,renamed,2020-11-28T14:05:02.000Z,"ALPS ELECTRIC CO., LTD.","ALPSALPINE CO,.LTD",https://standards-oui.ieee.org/oui/oui.csv,https://web.archive.org/web/20201128140502id_/https://standards-oui.ieee.org/oui/oui.csv
BC7536,renamed,2020-11-28T14:05:02.000Z,"ALPS ELECTRIC CO., LTD.","ALPSALPINE CO,.LTD",https://standards-oui.ieee.org/oui/oui.csv,https://web.archive.org/web/20201128140502id_/https://standards-oui.ieee.org/oui/oui.csv
C04121,renamed,2020-11-28T14:05:02.000Z,Nokia,Nokia Solutions and Networks GmbH & Co. KG,https://standards-oui.ieee.org/oui/oui.csv,https://web.archive.org/web/20201128140502id_/https://standards-oui.ieee.org/oui/oui.csv
D4A651,renamed,2020-11-28T14:05:02.000Z,"HANGZHOU AIXIANGJI TECHNOLOGY CO., LTD",Tuya Smart Inc.,https://standards-oui.ieee.org/oui/oui.csv,https://web.archive.org/web/20201128140502id_/https://standards-oui.ieee.org/oui/oui.csv
D8EFCD,renamed,2020-11-28T14:05:02.000Z,Nokia,Nokia Solutions and Networks GmbH & Co. KG,https://standards-oui.ieee.org/oui/oui.csv,https://web.archive.org/web/20201128140502id_/https://standards-oui.ieee.org/oui/oui.csv
E0750A,renamed,2020-11-28T14:05:02.000Z,"ALPS ELECTRIC CO., LTD.","ALPSALPINE CO,.LTD",https://standards-oui.ieee.org/oui/oui.csv,https://web.archive.org/web/20201128140502id_/https://standards-oui.ieee.org/oui/oui.csv
E0AE5E,renamed,2020-11-28T14:05:02.000Z,"ALPS ELECTRIC CO., LTD.","ALPSALPINE CO,.LTD",https://standards-oui.ieee.org/oui/oui.csv,https://web.archive.org/web/20201128140502id_/https://standards-oui.ieee.org/oui/oui.csv
E8C320,renamed,2020-11-28T14:05:02.000Z,Austco Communication Systems Pty Ltd,Austco Marketing & Service (USA) ltd.,https://standards-oui.ieee.org/oui/oui.csv,https://web.archive.org/web/20201128140502id_/https://standards-oui.ieee.org/oui/oui.csv
F04F7C,renamed,2020-11-28T14:05:02.000Z,Private,Amazon Technologies Inc.,https://standards-oui.ieee.org/oui/oui.csv,https://web.archive.org/web/20201128140502id_/https://standards-oui.ieee.org/oui/oui.csv
F0A225,renamed,2020-11-28T14:05:02.000Z,Private,Amazon Technologies Inc.,https://standards-oui.ieee.org/oui/oui.csv,https://web.archive.org/web/20201128140502id_/https://standards-oui.ieee.org/oui/oui.csv
FC62B9,renamed,2020-11-28T14:05:02.000Z,"ALPS ELECTRIC CO., LTD.","ALPSALPINE CO,.LTD",https://standards-oui.ieee.org/oui/oui.csv,https://web.archive.org/web/20201128140502id_/https://standards-oui.ieee.org/oui/oui.csv
00047D,renamed,2021-02-25T00:24:09.000Z,Pelco,Motorola Solutions Inc.,https://standards-oui.ieee.org/oui/oui.csv,https://web.archive.org/web/20210225002409id_/https://standards-oui.ieee.org/oui/oui.csv
00080C,renamed,2021-02-25T00:24:09.000Z,VDA Elettronica spa,VDA Group S.p.a.,https://standards-oui.ieee.org/oui/oui.csv,https://web.archive.org/web/20210225002409id_/https://standards-oui.ieee.org/oui/oui.csv
00141D,renamed,2021-02-25T00:24:09.000Z,LTI-Motion GmbH,KEBA Industrial Automation Germany GmbH,https://standards-oui.ieee.org/oui/oui.csv,https://web.archive.org/web/20210225002409id_/https://standards-oui.ieee.org/oui/oui.csv
001885,renamed,2021-02-25T00:24:09.000Z,Avigilon Corporation,Motorola Solutions Inc.,https://standards-oui.ieee.org/oui/oui.csv,https://web.archive.org/web/20210225002409id_/https://standards-oui.ieee.org/oui/oui.csv
001A86,renamed,2021-02-25T00:24:09.000Z,AdvancedIO Systems Inc,New Wave Design & Verification,https://standards-oui.ieee.org/oui/oui.csv,https://web.archive.org/web/20210225002409id_/https://standards-oui.ieee.org/oui/oui.csv
001F92,renamed,2021-02-25T00:24:09.000Z,Avigilon Corporation,Motorola Solutions Inc.,https://standards-oui.ieee.org/oui/oui.csv,https://web.archive.org/web/20210225002409id_/https://standards-oui.ieee.org/oui/oui.csv
002289,renamed,2021-02-25T00:24:09.000Z,Vandelrande APC inc.,Vanderlande APC inc.,https://standards-oui.ieee.org/oui/oui.csv,https://web.archive.org/web/20210225002409id_/https://standards-oui.ieee.org/oui/oui.csv
0023BB,renamed,2021-02-25T00:24:09.000Z,Schmitt Industries,"Accretech SBS, Inc.",https://standards-oui.ieee.org/oui/oui.csv,https://web.archive.org/web/20210225002409id_/https://standards-oui.ieee.org/oui/oui.csv
00808C,renamed,2021-02-25T00:24:09.000Z,NetAlly,NETSCOUT SYSTEMS INC,https://standards-oui.ieee.org/oui/oui.csv,https://web.archive.org/web/20210225002409id_/https://standards-oui.ieee.org/oui/oui.csv
00A00E,renamed,2021-02-25T00:24:09.000Z,NetAlly,NETSCOUT SYSTEMS INC,https://standards-oui.ieee.org/oui/oui.csv,https://web.archive.org/web/20210225002409id_/https://standards-oui.ieee.org/oui/oui.csv
00C06A,renamed,2021-02-25T00:24:09.000Z,ZAHNER-ELEKTRIK GMBH & CO. KG,Zahner-Elektrik Ingeborg Zahner-Schiller GmbH & Co. KG.,https://standards-oui.ieee.org/oui/oui.csv,https://web.archive.org/web/20210225002409id_/https://standards-oui.ieee.org/oui/oui.csv
00E0DF,renamed,2021-02-25T00:24:09.000Z,KEYMILE GmbH,DZS GmbH,https://standards-oui.ieee.org/oui/oui.csv,https://web.archive.org/web/20210225002409id_/https://standards-oui.ieee.org/oui/oui.csv
00E5E4,recased,2021-02-25T00:24:09.000Z,"Sichuan Tianyi Comheart Telecom Co., Ltd.","Sichuan Tianyi Comheart Telecom Co.,LTD",https://standards-oui.ieee.org/oui/oui.csv,https://web.archive.org/web/20210225002409id_/https://standards-oui.ieee.org/oui/oui.csv
046B25,recased,2021-02-25T00:24:09.000Z,"SICHUAN TIANYI COMHEART TELECOM CO.,LTD","Sichuan Tianyi Comheart Telecom Co.,LTD",https://standards-oui.ieee.org/oui/oui.csv,https://web.archive.org/web/20210225002409id_/https://standards-oui.ieee.org/oui/oui.csv
049F81,renamed,2021-02-25T00:24:09.000Z,NetAlly,NETSCOUT SYSTEMS INC,https://standards-oui.ieee.org/oui/oui.csv,https://web.archive.org/web/20210225002409id_/https://standards-oui.ieee.org/oui/oui.csv
08010F,renamed,2021-02-25T00:24:09.000Z,"SICHUAN TIANYI COMHEART TELECOMCO.,LTD","Sichuan Tianyi Comheart Telecom Co.,LTD",https://standards-oui.ieee.org/oui/oui.csv,https://web.archive.org/web/20210225002409id_/https://standards-oui.ieee.org/oui/oui.csv
0C51D0,withdrawn,2021-02-25T00:24:09.000Z,Altice Labs S.A.,,https://standards-oui.ieee.org/oui/oui.csv,https://web.archive.org/web/20210225002409id_/https://standards-oui.ieee.org/oui/oui.csv
1012B4,recased,2021-02-25T00:24:09.000Z,"SICHUAN TIANYI COMHEART TELECOM CO.,LTD","Sichuan Tianyi Comheart Telecom Co.,LTD",https://standards-oui.ieee.org/oui/oui.csv,https://web.archive.org/web/20210225002409id_/https://standards-oui.ieee.org/oui/oui.csv
1469A2,recased,2021-02-25T00:24:09.000Z,"SICHUAN TIANYI COMHEART TELECOM CO.,LTD","Sichuan Tianyi Comheart Telecom Co.,LTD",https://standards-oui.ieee.org/oui/oui.csv,https://web.archive.org/web/20210225002409id_/https://standards-oui.ieee.org/oui/oui.csv
185207,renamed,2021-02-25T00:24:09.000Z,"SICHUAN TIANYI COMHEART TELECOMCO., LTD","Sichuan Tianyi Comheart Telecom Co.,LTD",https://standards-oui.ieee.org/oui/oui.csv,https://web.archive.org/web/20210225002409id_/https://standards-oui.ieee.org/oui/oui.csv
187532,renamed,2021-02-25T00:24:09.000Z,"SICHUAN TIANYI COMHEART TELECOMCO., LTD","Sichuan Tianyi Comheart Telecom Co.,LTD",https://standards-oui.ieee.org/oui/oui.csv,https://web.archive.org/web/20210225002409id_/https://standards-oui.ieee.org/oui/oui.csv
1CFF59,recased,2021-02-25T00:24:09.000Z,"Sichuan Tianyi Comheart Telecom Co., Ltd.","Sichuan Tianyi Comheart Telecom Co.,LTD",https://standards-oui.ieee.org/oui/oui.csv,https://web.archive.org/web/20210225002409id_/https://standards-oui.ieee.org/oui/oui.csv
248BE0,renamed,2021-02-25T00:24:09.000Z,"SICHUAN TIANYI COMHEART TELECOMCO., LTD","Sichuan Tianyi Comheart Telecom Co.,LTD",https://standards-oui.ieee.org/oui/oui.csv,https://web.archive.org/web/20210225002409id_/https://standards-oui.ieee.org/oui/oui.csv
28EF01,renamed,2021-02-25T00:24:09.000Z,Private,Amazon Technologies Inc.,https://standards-oui.ieee.org/oui/oui.csv,https://web.archive.org/web/20210225002409id_/https://standards-oui.ieee.org/oui/oui.csv
2C6373,renamed,2021-02-25T00:24:09.000Z,"SICHUAN TIANYI COMHEART TELECOMCO., LTD","Sichuan Tianyi Comheart Telecom Co.,LTD",https://standards-oui.ieee.org/oui/oui.csv,https://web.archive.org/web/20210225002409id_/https://standards-oui.ieee.org/oui/oui.csv
38AFD0,renamed,2021-02-25T00:24:09.000Z,Private,Nevro,https://standards-oui.ieee.org/oui/oui.csv,https://web.archive.org/web/20210225002409id_/https://standards-oui.ieee.org/oui/oui.csv
40F420,renamed,2021-02-25T00:24:09.000Z,"SICHUAN TIANYI COMHEART TELECOMCO.,LTD","Sichuan Tianyi Comheart Telecom Co.,LTD",https://standards-oui.ieee.org/oui/oui.csv,https://web.archive.org/web/20210225002409id_/https://standards-oui.ieee.org/oui/oui.csv
4456E2,recased,2021-02-25T00:24:09.000Z,"Sichuan Tianyi Comheart Telecom Co., Ltd.","Sichuan Tianyi Comheart Telecom Co.,LTD",https://standards-oui.ieee.org/oui/oui.csv,https://web.archive.org/web/20210225002409id_/https://standards-oui.ieee.org/oui/oui.csv
44BA46,renamed,2021-02-25T00:24:09.000Z,"SICHUAN TIANYI COMHEART TELECOMCO.,LTD","Sichuan Tianyi Comheart Telecom Co.,LTD",https://standards-oui.ieee.org/oui/oui.csv,https://web.archive.org/web/20210225002409id_/https://standards-oui.ieee.org/oui/oui.csv
54E061,renamed,2021-02-25T00:24:09.000Z,"SICHUAN TIANYI COMHEART TELECOMCO., LTD","Sichuan Tianyi Comheart Telecom Co.,LTD",https://standards-oui.ieee.org/oui/oui.csv,https://web.archive.org/web/20210225002409id_/https://standards-oui.ieee.org/oui/oui.csv
58FD20,renamed,2021-02-25T00:24:09.000Z,Bravida Sakerhet AB,Systemhouse Solutions AB,https://standards-oui.ieee.org/oui/oui.csv,https://web.archive.org/web/20210225002409id_/https://standards-oui.ieee.org/oui/oui.csv
5C4A1F,renamed,2021-02-25T00:24:09.000Z,"SICHUAN TIANYI COMHEART TELECOMCO., LTD","Sichuan Tianyi Comheart Telecom Co.,LTD",https://standards-oui.ieee.org/oui/oui.csv,https://web.archive.org/web/20210225002409id_/https://standards-oui.ieee.org/oui/oui.csv
5CA176,renamed,2021-02-25T00:24:09.000Z,"SICHUAN TIANYI COMHEART TELECOMCO., LTD","Sichuan Tianyi Comheart Telecom Co.,LTD",https://standards-oui.ieee.org/oui/oui.csv,https://web.archive.org/web/20210225002409id_/https://standards-oui.ieee.org/oui/oui.csv
643AB1,renamed,2021-02-25T00:24:09.000Z,"SICHUAN TIANYI COMHEART TELECOMCO.,LTD","Sichuan Tianyi Comheart Telecom Co.,LTD",https://standards-oui.ieee.org/oui/oui.csv,https://web.archive.org/web/20210225002409id_/https://standards-oui.ieee.org/oui/oui.csv
645D92,renamed,2021-02-25T00:24:09.000Z,"SICHUAN TIANYI COMHEART TELECOMCO.,LTD","Sichuan Tianyi Comheart Telecom Co.,LTD",https://standards-oui.ieee.org/oui/oui.csv,https://web.archive.org/web/20210225002409id_/https://standards-oui.ieee.org/oui/oui.csv
68262A,renamed,2021-02-25T00:24:09.000Z,"SICHUAN TIANYI COMHEART TELECOMCO., LTD","Sichuan Tianyi Comheart Telecom Co.,LTD",https://standards-oui.ieee.org/oui/oui.csv,https://web.archive.org/web/20210225002409id_/https://standards-oui.ieee.org/oui/oui.csv
7847E3,recased,2021-02-25T00:24:09.000Z,"SICHUAN TIANYI COMHEART TELECOM CO.,LTD","Sichuan Tianyi Comheart Telecom Co.,LTD",https://standards-oui.ieee.org/oui/oui.csv,https://web.archive.org/web/20210225002409id_/https://standards-oui.ieee.org/oui/oui.csv
78B84B,renamed,2021-02-25T00:24:09.000Z,"SICHUAN TIANYI COMHEART TELECOMCO.,LTD","Sichuan Tianyi Comheart Telecom Co.,LTD",https://standards-oui.ieee.org/oui/oui.csv,https://web.archive.org/web/20210225002409id_/https://standards-oui.ieee.org/oui/oui.csv
7CCC1F,renamed,2021-02-25T00:24:09.000Z,"SICHUAN TIANYI COMHEART TELECOMCO.,LTD","Sichuan Tianyi Comheart Telecom Co.,LTD",https://standards-oui.ieee.org/oui/oui.csv,https://web.archive.org/web/20210225002409id_/https://standards-oui.ieee.org/oui/oui.csv
8048A5,renamed,2021-02-25T00:24:09.000Z,"SICHUAN TIANYI COMHEART TELECOMCO.,LTD","Sichuan Tianyi Comheart Telecom Co.,LTD",https://standards-oui.ieee.org/oui/oui.csv,https://web.archive.org/web/20210225002409id_/https://standards-oui.ieee.org/oui/oui.csv
849000,renamed,2021-02-25T00:24:09.000Z,Arnold & Richter Cine Technik,Arnold&Richter Cine Technik GmbH & Co. Betriebs KG,https://standards-oui.ieee.org/oui/oui.csv,https://web.archive.org/web/20210225002409id_/https://standards-oui.ieee.org/oui/oui.csv
84C78F,renamed,2021-02-25T00:24:09.000Z,STORDIS GmbH,APS Networks GmbH,https://standards-oui.ieee.org/oui/oui.csv,https://web.archive.org/web/20210225002409id_/https://standards-oui.ieee.org/oui/oui.csv
8CE748,renamed,2021-02-25T00:24:09.000Z,Private,"Hangzhou Hikvision Digital Technology Co.,Ltd.",https://standards-oui.ieee.org/oui/oui.csv,https://web.archive.org/web/20210225002409id_/https://standards-oui.ieee.org/oui/oui.csv
908674,renamed,2021-02-25T00:24:09.000Z,"SICHUAN TIANYI COMHEART TELECOMCO., LTD","Sichuan Tianyi Comheart Telecom Co.,LTD",https://standards-oui.ieee.org/oui/oui.csv,https://web.archive.org/web/20210225002409id_/https://standards-oui.ieee.org/oui/oui.csv
9C32A9,renamed,2021-02-25T00:24:09.000Z,"SICHUAN TIANYI COMHEART TELECOMCO., LTD","Sichuan Tianyi Comheart Telecom Co.,LTD",https://standards-oui.ieee.org/oui/oui.csv,https://web.archive.org/web/20210225002409id_/https://standards-oui.ieee.org/oui/oui.csv
9C6121,renamed,2021-02-25T00:24:09.000Z,"SICHUAN TIANYI COMHEART TELECOMCO.,LTD","Sichuan Tianyi Comheart Telecom Co.,LTD",https://standards-oui.ieee.org/oui/oui.csv,https://web.archive.org/web/20210225002409id_/https://standards-oui.ieee.org/oui/oui.csv
9C9C40,renamed,2021-02-25T00:24:09.000Z,"SICHUAN TIANYI COMHEART TELECOMCO., LTD","Sichuan Tianyi Comheart Telecom Co.,LTD",https://standards-oui.ieee.org/oui/oui.csv,https://web.archive.org/web/20210225002409id_/https://standards-oui.ieee.org/oui/oui.csv
ACE77B,renamed,2021-02-25T00:24:09.000Z,"SICHUAN TIANYI COMHEART TELECOMCO.,LTD","Sichuan Tianyi Comheart Telecom Co.,LTD",https://standards-oui.ieee.org/oui/oui.csv,https://web.archive.org/web/20210225002409id_/https://standards-oui.ieee.org/oui/oui.csv
B8224F,renamed,2021-02-25T00:24:09.000Z,"SICHUAN TIANYI COMHEART TELECOMCO., LTD","Sichuan Tianyi Comheart Telecom Co.,LTD",https://standards-oui.ieee.org/oui/oui.csv,https://web.archive.org/web/20210225002409id_/https://standards-oui.ieee.org/oui/oui.csv
C01B23,recased,2021-02-25T00:24:09.000Z,"SICHUAN TIANYI COMHEART TELECOM CO.,LTD","Sichuan Tianyi Comheart Telecom Co.,LTD",https://standards-oui.ieee.org/oui/oui.csv,https://web.archive.org/web/20210225002409id_/https://standards-oui.ieee.org/oui/oui.csv
C0CC42,recased,2021-02-25T00:24:09.000Z,"Sichuan Tianyi Comheart Telecom Co., Ltd.","Sichuan Tianyi Comheart Telecom Co.,LTD",https://standards-oui.ieee.org/oui/oui.csv,https://web.archive.org/web/20210225002409id_/https://standards-oui.ieee.org/oui/oui.csv
C4A151,recased,2021-02-25T00:24:09.000Z,"Sichuan Tianyi Comheart Telecom Co., Ltd.","Sichuan Tianyi Comheart Telecom Co.,LTD",https://standards-oui.ieee.org/oui/oui.csv,https://web.archive.org/web/20210225002409id_/https://standards-oui.ieee.org/oui/oui.csv
CCA260,renamed,2021-02-25T00:24:09.000Z,"SICHUAN TIANYI COMHEART TELECOMCO.,LTD","Sichuan Tianyi Comheart Telecom Co.,LTD",https://standards-oui.ieee.org/oui/oui.csv,https://web.archive.org/web/20210225002409id_/https://standards-oui.ieee.org/oui/oui.csv
D44165,renamed,2021-02-25T00:24:09.000Z,"SICHUAN TIANYI COMHEART TELECOMCO.,LTD","Sichuan Tianyi Comheart Telecom Co.,LTD",https://standards-oui.ieee.org/oui/oui.csv,https://web.archive.org/web/20210225002409id_/https://standards-oui.ieee.org/oui/oui.csv
D8E72B,renamed,2021-02-25T00:24:09.000Z,NetAlly,NETSCOUT SYSTEMS INC,https://standards-oui.ieee.org/oui/oui.csv,https://web.archive.org/web/20210225002409id_/https://standards-oui.ieee.org/oui/oui.csv
E04FBD,renamed,2021-02-25T00:24:09.000Z,"SICHUAN TIANYI COMHEART TELECOMCO.,LTD","Sichuan Tianyi Comheart Telecom Co.,LTD",https://standards-oui.ieee.org/oui/oui.csv,https://web.archive.org/web/20210225002409id_/https://standards-oui.ieee.org/oui/oui.csv
E0C63C,renamed,2021-02-25T00:24:09.000Z,"SICHUAN TIANYI COMHEART TELECOMCO., LTD","Sichuan Tianyi Comheart Telecom Co.,LTD",https://standards-oui.ieee.org/oui/oui.csv,https://web.archive.org/web/20210225002409id_/https://standards-oui.ieee.org/oui/oui.csv
E405F8,renamed,2021-02-25T00:24:09.000Z,"Delta Innovation Technology Co., Ltd.",Bytedance,https://standards-oui.ieee.org/oui/oui.csv,https://web.archive.org/web/20210225002409id_/https://standards-oui.ieee.org/oui/oui.csv
E89E0C,renamed,2021-02-25T00:24:09.000Z,Private,MAX8USA DISTRIBUTORS INC.,https://standards-oui.ieee.org/oui/oui.csv,https://web.archive.org/web/20210225002409id_/https://standards-oui.ieee.org/oui/oui.csv
ECF8EB,renamed,2021-02-25T00:24:09.000Z,"SICHUAN TIANYI COMHEART TELECOMCO., LTD","Sichuan Tianyi Comheart Telecom Co.,LTD",https://standards-oui.ieee.org/oui/oui.csv,https://web.archive.org/web/20210225002409id_/https://standards-oui.ieee.org/oui/oui.csv
F092B4,renamed,2021-02-25T00:24:09.000Z,"SICHUAN TIANYI COMHEART TELECOMCO., LTD","Sichuan Tianyi Comheart Telecom Co.,LTD",https://standards-oui.ieee.org/oui/oui.csv,https://web.archive.org/web/20210225002409id_/https://standards-oui.ieee.org/oui/oui.csv
F4C795,renamed,2021-02-25T00:24:09.000Z,WEY Elektronik AG,WEY Technology AG,https://standards-oui.ieee.org/oui/oui.csv,https://web.archive.org/web/20210225002409id_/https://standards-oui.ieee.org/oui/oui.csv
FC372B,renamed,2021-02-25T00:24:09.000Z,"SICHUAN TIANYI COMHEART TELECOMCO.,LTD","Sichuan Tianyi Comheart Telecom Co.,LTD",https://standards-oui.ieee.org/oui/oui.csv,https://web.archive.org/web/20210225002409id_/https://standards-oui.ieee.org/oui/oui.csv
000060,renamed,2021-06-10T04:55:27.000Z,KONTRON ELEKTRONIK GMBH,Kontron Europe GmbH,https://standards-oui.ieee.org/oui/oui.csv,https://web.archive.org/web/20210610045527id_/https://standards-oui.ieee.org/oui/oui.csv
000324,renamed,2021-06-10T04:55:27.000Z,"SANYO Consumer Electronics Co., Ltd.","SANYO Techno Solutions Tottori Co., Ltd.",https://standards-oui.ieee.org/oui/oui.csv,https://web.archive.org/web/20210610045527id_/https://standards-oui.ieee.org/oui/oui.csv
0008AC,renamed,2021-06-10T04:55:27.000Z,Eltromat GmbH,BST GmbH,https://standards-oui.ieee.org/oui/oui.csv,https://web.archive.org/web/20210610045527id_/https://standards-oui.ieee.org/oui/oui.csv
000AD9,renamed,2021-06-10T04:55:27.000Z,Sony Mobile Communications Inc,Sony Corporation,https://standards-oui.ieee.org/oui/oui.csv,https://web.archive.org/web/20210610045527id_/https://standards-oui.ieee.org/oui/oui.csv
000B3A,renamed,2021-06-10T04:55:27.000Z,QuStream Corporation,PESA,https://standards-oui.ieee.org/oui/oui.csv,https://web.archive.org/web/20210610045527id_/https://standards-oui.ieee.org/oui/oui.csv
000CEC,renamed,2021-06-10T04:55:27.000Z,Spectracom Corp.,Orolia USA,https://standards-oui.ieee.org/oui/oui.csv,https://web.archive.org/web/20210610045527id_/https://standards-oui.ieee.org/oui/oui.csv
000E07,renamed,2021-06-10T04:55:27.000Z,Sony Mobile Communications Inc,Sony Corporation,https://standards-oui.ieee.org/oui/oui.csv,https://web.archive.org/web/20210610045527id_/https://standards-oui.ieee.org/oui/oui.csv
000E82,renamed,2021-06-10T04:55:27.000Z,Commtech Wireless,Infinity Tech,https://standards-oui.ieee.org/oui/oui.csv,https://web.archive.org/web/20210610045527id_/https://standards-oui.ieee.org/oui/oui.csv
000FDE,renamed,2021-06-10T04:55:27.000Z,Sony Mobile Communications Inc,Sony Corporation,https://standards-oui.ieee.org/oui/oui.csv,https://web.archive.org/web/20210610045527id_/https://standards-oui.ieee.org/oui/oui.csv
0012EE,renamed,2021-06-10T04:55:27.000Z,Sony Mobile Communications Inc,Sony Corporation,https://standards-oui.ieee.org/oui/oui.csv,https://web.archive.org/web/20210610045527id_/https://standards-oui.ieee.org/oui/oui.csv
001620,renamed,2021-06-10T04:55:27.000Z,Sony Mobile Communications Inc,Sony Corporation,https://standards-oui.ieee.org/oui/oui.csv,https://web.archive.org/web/20210610045527id_/https://standards-oui.ieee.org/oui/oui.csv
0016B8,renamed,2021-06-10T04:55:27.000Z,Sony Mobile Communications Inc,Sony Corporation,https://standards-oui.ieee.org/oui/oui.csv,https://web.archive.org/web/20210610045527id_/https://standards-oui.ieee.org/oui/oui.csv
0016E8,renamed,2021-06-10T04:55:27.000Z,"Sigma Designs, Inc.",Lumissil Microsystems,https://standards-oui.ieee.org/oui/oui.csv,https://web.archive.org/web/20210610045527id_/https://standards-oui.ieee.org/oui/oui.csv
001813,renamed,2021-06-10T04:55:27.000Z,Sony Mobile Communications Inc,Sony Corporation,https://standards-oui.ieee.org/oui/oui.csv,https://web.archive.org/web/20210610045527id_/https://standards-oui.ieee.org/oui/oui.csv
001963,renamed,2021-06-10T04:55:27.000Z,Sony Mobile Communications Inc,Sony Corporation,https://standards-oui.ieee.org/oui/oui.csv,https://web.archive.org/web/20210610045527id_/https://standards-oui.ieee.org/oui/oui.csv
001A75,renamed,2021-06-10T04:55:27.000Z,Sony Mobile Communications Inc,Sony Corporation,https://standards-oui.ieee.org/oui/oui.csv,https://web.archive.org/web/20210610045527id_/https://standards-oui.ieee.org/oui/oui.csv
001B59,renamed,2021-06-10T04:55:27.000Z,Sony Mobile Communications Inc,Sony Corporation,https://standards-oui.ieee.org/oui/oui.csv,https://web.archive.org/web/20210610045527id_/https://standards-oui.ieee.org/oui/oui.csv
001CA4,renamed,2021-06-10T04:55:27.000Z,Sony Mobile Communications Inc,Sony Corporation,https://standards-oui.ieee.org/oui/oui.csv,https://web.archive.org/web/20210610045527id_/https://standards-oui.ieee.org/oui/oui.csv
001D28,renamed,2021-06-10T04:55:27.000Z,Sony Mobile Communications Inc,Sony Corporation,https://standards-oui.ieee.org/oui/oui.csv,https://web.archive.org/web/20210610045527id_/https://standards-oui.ieee.org/oui/oui.csv
001E45,renamed,2021-06-10T04:55:27.000Z,Sony Mobile Communications Inc,Sony Corporation,https://standards-oui.ieee.org/oui/oui.csv,https://web.archive.org/web/20210610045527id_/https://standards-oui.ieee.org/oui/oui.csv
001EDC,renamed,2021-06-10T04:55:27.000Z,Sony Mobile Communications Inc,Sony Corporation,https://standards-oui.ieee.org/oui/oui.csv,https://web.archive.org/web/20210610045527id_/https://standards-oui.ieee.org/oui/oui.csv
001FE4,renamed,2021-06-10T04:55:27.000Z,Sony Mobile Communications Inc,Sony Corporation,https://standards-oui.ieee.org/oui/oui.csv,https://web.archive.org/web/20210610045527id_/https://standards-oui.ieee.org/oui/oui.csv
00219E,renamed,2021-06-10T04:55:27.000Z,Sony Mobile Communications Inc,Sony Corporation,https://standards-oui.ieee.org/oui/oui.csv,https://web.archive.org/web/20210610045527id_/https://standards-oui.ieee.org/oui/oui.csv
002298,renamed,2021-06-10T04:55:27.000Z,Sony Mobile Communications Inc,Sony Corporation,https://standards-oui.ieee.org/oui/oui.csv,https://web.archive.org/web/20210610045527id_/https://standards-oui.ieee.org/oui/oui.csv
002345,renamed,2021-06-10T04:55:27.000Z,Sony Mobile Communications Inc,Sony Corporation,https://standards-oui.ieee.org/oui/oui.csv,https://web.archive.org/web/20210610045527id_/https://standards-oui.ieee.org/oui/oui.csv
0023F1,renamed,2021-06-10T04:55:27.000Z,Sony Mobile Communications Inc,Sony Corporation,https://standards-oui.ieee.org/oui/oui.csv,https://web.archive.org/web/20210610045527id_/https://standards-oui.ieee.org/oui/oui.csv
0024EF,renamed,2021-06-10T04:55:27.000Z,Sony Mobile Communications Inc,Sony Corporation,https://standards-oui.ieee.org/oui/oui.csv,https://web.archive.org/web/20210610045527id_/https://standards-oui.ieee.org/oui/oui.csv
0025E7,renamed,2021-06-10T04:55:27.000Z,Sony Mobile Communications Inc,Sony Corporation,https://standards-oui.ieee.org/oui/oui.csv,https://web.archive.org/web/20210610045527id_/https://standards-oui.ieee.org/oui/oui.csv
003059,renamed,2021-06-10T04:55:27.000Z,KONTRON COMPACT COMPUTERS AG,Kontron Europe GmbH,https://standards-oui.ieee.org/oui/oui.csv,https://web.archive.org/web/20210610045527id_/https://standards-oui.ieee.org/oui/oui.csv
00EB2D,renamed,2021-06-10T04:55:27.000Z,Sony Mobile Communications Inc,Sony Corporation,https://standards-oui.ieee.org/oui/oui.csv,https://web.archive.org/web/20210610045527id_/https://standards-oui.ieee.org/oui/oui.csv
080037,renamed,2021-06-10T04:55:27.000Z,FUJI-XEROX CO. LTD.,FUJIFILM Business Innovation Corp.,https://standards-oui.ieee.org/oui/oui.csv,https://web.archive.org/web/20210610045527id_/https://standards-oui.ieee.org/oui/oui.csv
101331,renamed,2021-06-10T04:55:27.000Z,Technicolor,Technicolor Delivery Technologies Belgium NV,https://standards-oui.ieee.org/oui/oui.csv,https://web.archive.org/web/20210610045527id_/https://standards-oui.ieee.org/oui/oui.csv
18002D,renamed,2021-06-10T04:55:27.000Z,Sony Mobile Communications Inc,Sony Corporation,https://standards-oui.ieee.org/oui/oui.csv,https://web.archive.org/web/20210610045527id_/https://standards-oui.ieee.org/oui/oui.csv
1C7B21,renamed,2021-06-10T04:55:27.000Z,Sony Mobile Communications Inc,Sony Corporation,https://standards-oui.ieee.org/oui/oui.csv,https://web.archive.org/web/20210610045527id_/https://standards-oui.ieee.org/oui/oui.csv
1C7D22,renamed,2021-06-10T04:55:27.000Z,"Fuji Xerox Co., Ltd.",FUJIFILM Business Innovation Corp.,https://standards-oui.ieee.org/oui/oui.csv,https://web.archive.org/web/20210610045527id_/https://standards-oui.ieee.org/oui/oui.csv
205476,renamed,2021-06-10T04:55:27.000Z,Sony Mobile Communications Inc,Sony Corporation,https://standards-oui.ieee.org/oui/oui.csv,https://web.archive.org/web/20210610045527id_/https://standards-oui.ieee.org/oui/oui.csv
20B001,renamed,2021-06-10T04:55:27.000Z,Technicolor,Technicolor Delivery Technologies Belgium NV,https://standards-oui.ieee.org/oui/oui.csv,https://web.archive.org/web/20210610045527id_/https://standards-oui.ieee.org/oui/oui.csv
2421AB,renamed,2021-06-10T04:55:27.000Z,Sony Mobile Communications Inc,Sony Corporation,https://standards-oui.ieee.org/oui/oui.csv,https://web.archive.org/web/20210610045527id_/https://standards-oui.ieee.org/oui/oui.csv
24E124,renamed,2021-06-10T04:55:27.000Z,"Xiamen Ursalink Technology Co., Ltd.","Xiamen Milesight IoT Co., Ltd.",https://standards-oui.ieee.org/oui/oui.csv,https://web.archive.org/web/20210610045527id_/https://standards-oui.ieee.org/oui/oui.csv
283F69,renamed,2021-06-10T04:55:27.000Z,Sony Mobile Communications Inc,Sony Corporation,https://standards-oui.ieee.org/oui/oui.csv,https://web.archive.org/web/20210610045527id_/https://standards-oui.ieee.org/oui/oui.csv
2C3557,renamed,2021-06-10T04:55:27.000Z,ELLIY Power CO..Ltd,"ELIIY Power CO., Ltd.",https://standards-oui.ieee.org/oui/oui.csv,https://web.archive.org/web/20210610045527id_/https://standards-oui.ieee.org/oui/oui.csv
3017C8,renamed,2021-06-10T04:55:27.000Z,Sony Mobile Communications Inc,Sony Corporation,https://standards-oui.ieee.org/oui/oui.csv,https://web.archive.org/web/20210610045527id_/https://standards-oui.ieee.org/oui/oui.csv
303926,renamed,2021-06-10T04:55:27.000Z,Sony Mobile Communications Inc,Sony Corporation,https://standards-oui.ieee.org/oui/oui.csv,https://web.archive.org/web/20210610045527id_/https://standards-oui.ieee.org/oui/oui.csv
307512,renamed,2021-06-10T04:55:27.000Z,Sony Mobile Communications Inc,Sony Corporation,https://standards-oui.ieee.org/oui/oui.csv,https://web.archive.org/web/20210610045527id_/https://standards-oui.ieee.org/oui/oui.csv
30918F,renamed,2021-06-10T04:55:27.000Z,Technicolor,Technicolor Delivery Technologies Belgium NV,https://standards-oui.ieee.org/oui/oui.csv,https://web.archive.org/web/20210610045527id_/https://standards-oui.ieee.org/oui/oui.csv
30A8DB,renamed,2021-06-10T04:55:27.000Z,Sony Mobile Communications Inc,Sony Corporation,https://standards-oui.ieee.org/oui/oui.csv,https://web.archive.org/web/20210610045527id_/https://standards-oui.ieee.org/oui/oui.csv
387862,renamed,2021-06-10T04:55:27.000Z,Sony Mobile Communications Inc,Sony Corporation,https://standards-oui.ieee.org/oui/oui.csv,https://web.archive.org/web/20210610045527id_/https://standards-oui.ieee.org/oui/oui.csv
3C01EF,renamed,2021-06-10T04:55:27.000Z,Sony Mobile Communications Inc,Sony Corporation,https://standards-oui.ieee.org/oui/oui.csv,https://web.archive.org/web/20210610045527id_/https://standards-oui.ieee.org/oui/oui.csv
402BA1,renamed,2021-06-10T04:55:27.000Z,Sony Mobile Communications Inc,Sony Corporation,https://standards-oui.ieee.org/oui/oui.csv,https://web.archive.org/web/20210610045527id_/https://standards-oui.ieee.org/oui/oui.csv
4040A7,renamed,2021-06-10T04:55:27.000Z,Sony Mobile Communications Inc,Sony Corporation,https://standards-oui.ieee.org/oui/oui.csv,https://web.archive.org/web/20210610045527id_/https://standards-oui.ieee.org/oui/oui.csv
40B837,renamed,2021-06-10T04:55:27.000Z,Sony Mobile Communications Inc,Sony Corporation,https://standards-oui.ieee.org/oui/oui.csv,https://web.archive.org/web/20210610045527id_/https://standards-oui.ieee.org/oui/oui.csv
44356F,renamed,2021-06-10T04:55:27.000Z,Neterix,Neterix Ltd,https://standards-oui.ieee.org/oui/oui.csv,https://web.archive.org/web/20210610045527id_/https://standards-oui.ieee.org/oui/oui.csv
44746C,renamed,2021-06-10T04:55:27.000Z,Sony Mobile Communications Inc,Sony Corporation,https://standards-oui.ieee.org/oui/oui.csv,https://web.archive.org/web/20210610045527id_/https://standards-oui.ieee.org/oui/oui.csv
44D4E0,renamed,2021-06-10T04:55:27.000Z,Sony Mobile Communications Inc,Sony Corporation,https://standards-oui.ieee.org/oui/oui.csv,https://web.archive.org/web/20210610045527id_/https://standards-oui.ieee.org/oui/oui.csv
4C21D0,renamed,2021-06-10T04:55:27.000Z,Sony Mobile Communications Inc,Sony Corporation,https://standards-oui.ieee.org/oui/oui.csv,https://web.archive.org/web/20210610045527id_/https://standards-oui.ieee.org/oui/oui.csv
4CE2F1,renamed,2021-06-10T04:55:27.000Z,sclak srl,Udino srl,https://standards-oui.ieee.org/oui/oui.csv,https://web.archive.org/web/20210610045527id_/https://standards-oui.ieee.org/oui/oui.csv
58170C,renamed,2021-06-10T04:55:27.000Z,Sony Mobile Communications Inc,Sony Corporation,https://standards-oui.ieee.org/oui/oui.csv,https://web.archive.org/web/20210610045527id_/https://standards-oui.ieee.org/oui/oui.csv
584822,renamed,2021-06-10T04:55:27.000Z,Sony Mobile Communications Inc,Sony Corporation,https://standards-oui.ieee.org/oui/oui.csv,https://web.archive.org/web/20210610045527id_/https://standards-oui.ieee.org/oui/oui.csv
589835,renamed,2021-06-10T04:55:27.000Z,Technicolor,Technicolor Delivery Technologies Belgium NV,https://standards-oui.ieee.org/oui/oui.csv,https://web.archive.org/web/20210610045527id_/https://standards-oui.ieee.org/oui/oui.csv
5CB524,renamed,2021-06-10T04:55:27.000Z,Sony Mobile Communications Inc,Sony Corporation,https://standards-oui.ieee.org/oui/oui.csv,https://web.archive.org/web/20210610045527id_/https://standards-oui.ieee.org/oui/oui.csv
64D02D,renamed,2021-06-10T04:55:27.000Z,Next Generation Integration (NGI),NEXT GENERATION INTEGRATION LIMITED (NGI),https://standards-oui.ieee.org/oui/oui.csv,https://web.archive.org/web/20210610045527id_/https://standards-oui.ieee.org/oui/oui.csv
68764F,renamed,2021-06-10T04:55:27.000Z,Sony Mobile Communications Inc,Sony Corporation,https://standards-oui.ieee.org/oui/oui.csv,https://web.archive.org/web/20210610045527id_/https://standards-oui.ieee.org/oui/oui.csv
6C0E0D,renamed,2021-06-10T04:55:27.000Z,Sony Mobile Communications Inc,Sony Corporation,https://standards-oui.ieee.org/oui/oui.csv,https://web.archive.org/web/20210610045527id_/https://standards-oui.ieee.org/oui/oui.csv
6C23B9,renamed,2021-06-10T04:55:27.000Z,Sony Mobile Communications Inc,Sony Corporation,https://standards-oui.ieee.org/oui/oui.csv,https://web.archive.org/web/20210610045527id_/https://standards-oui.ieee.org/oui/oui.csv
708976,renamed,2021-06-10T04:55:27.000Z,Tuya (HK) Limietd,Tuya Smart Inc.,https://standards-oui.ieee.org/oui/oui.csv,https://web.archive.org/web/20210610045527id_/https://standards-oui.ieee.org/oui/oui.csv
8400D2,renamed,2021-06-10T04:55:27.000Z,Sony Mobile Communications Inc,Sony Corporation,https://standards-oui.ieee.org/oui/oui.csv,https://web.archive.org/web/20210610045527id_/https://standards-oui.ieee.org/oui/oui.csv
848EDF,renamed,2021-06-10T04:55:27.000Z,Sony Mobile Communications Inc,Sony Corporation,https://standards-oui.ieee.org/oui/oui.csv,https://web.archive.org/web/20210610045527id_/https://standards-oui.ieee.org/oui/oui.csv
84C7EA,renamed,2021-06-10T04:55:27.000Z,Sony Mobile Communications Inc,Sony Corporation,https://standards-oui.ieee.org/oui/oui.csv,https://web.archive.org/web/20210610045527id_/https://standards-oui.ieee.org/oui/oui.csv
84E342,renamed,2021-06-10T04:55:27.000Z,Tuya (HK) Limietd,Tuya Smart Inc.,https://standards-oui.ieee.org/oui/oui.csv,https://web.archive.org/web/20210610045527id_/https://standards-oui.ieee.org/oui/oui.csv
8C6422,renamed,2021-06-10T04:55:27.000Z,Sony Mobile Communications Inc,Sony Corporation,https://standards-oui.ieee.org/oui/oui.csv,https://web.archive.org/web/20210610045527id_/https://standards-oui.ieee.org/oui/oui.csv
8CAEDB,renamed,2021-06-10T04:55:27.000Z,NAG LLC,NAGTECH LLC,https://standards-oui.ieee.org/oui/oui.csv,https://web.archive.org/web/20210610045527id_/https://standards-oui.ieee.org/oui/oui.csv
90C115,renamed,2021-06-10T04:55:27.000Z,Sony Mobile Communications Inc,Sony Corporation,https://standards-oui.ieee.org/oui/oui.csv,https://web.archive.org/web/20210610045527id_/https://standards-oui.ieee.org/oui/oui.csv
94CE2C,renamed,2021-06-10T04:55:27.000Z,Sony Mobile Communications Inc,Sony Corporation,https://standards-oui.ieee.org/oui/oui.csv,https://web.archive.org/web/20210610045527id_/https://standards-oui.ieee.org/oui/oui.csv
9C5CF9,renamed,2021-06-10T04:55:27.000Z,Sony Mobile Communications Inc,Sony Corporation,https://standards-oui.ieee.org/oui/oui.csv,https://web.archive.org/web/20210610045527id_/https://standards-oui.ieee.org/oui/oui.csv
9C9726,renamed,2021-06-10T04:55:27.000Z,Technicolor,Technicolor Delivery Technologies Belgium NV,https://standards-oui.ieee.org/oui/oui.csv,https://web.archive.org/web/20210610045527id_/https://standards-oui.ieee.org/oui/oui.csv
A0C4A5,renamed,2021-06-10T04:55:27.000Z,"SYGN HOUSE CO.,LTD",SYGN HOUSE INC.,https://standards-oui.ieee.org/oui/oui.csv,https://web.archive.org/web/20210610045527id_/https://standards-oui.ieee.org/oui/oui.csv
A0E453,renamed,2021-06-10T04:55:27.000Z,Sony Mobile Communications Inc,Sony Corporation,https://standards-oui.ieee.org/oui/oui.csv,https://web.archive.org/web/20210610045527id_/https://standards-oui.ieee.org/oui/oui.csv
A491B1,renamed,2021-06-10T04:55:27.000Z,Technicolor,Technicolor Delivery Technologies Belgium NV,https://standards-oui.ieee.org/oui/oui.csv,https://web.archive.org/web/20210610045527id_/https://standards-oui.ieee.org/oui/oui.csv
A4B1E9,renamed,2021-06-10T04:55:27.000Z,Technicolor,Technicolor Delivery Technologies Belgium NV,https://standards-oui.ieee.org/oui/oui.csv,https://web.archive.org/web/20210610045527id_/https://standards-oui.ieee.org/oui/oui.csv
A4D094,renamed,2021-06-10T04:55:27.000Z,Erwin Peters Systemtechnik GmbH,VIVAVIS AG,https://standards-oui.ieee.org/oui/oui.csv,https://web.archive.org/web/20210610045527id_/https://standards-oui.ieee.org/oui/oui.csv
A8556A,renamed,2021-06-10T04:55:27.000Z,Pocketnet Technology Inc.,3S System Technology Inc.,https://standards-oui.ieee.org/oui/oui.csv,https://web.archive.org/web/20210610045527id_/https://standards-oui.ieee.org/oui/oui.csv
B4527D,renamed,2021-06-10T04:55:27.000Z,Sony Mobile Communications Inc,Sony Corporation,https://standards-oui.ieee.org/oui/oui.csv,https://web.archive.org/web/20210610045527id_/https://standards-oui.ieee.org/oui/oui.csv
B4527E,renamed,2021-06-10T04:55:27.000Z,Sony Mobile Communications Inc,Sony Corporation,https://standards-oui.ieee.org/oui/oui.csv,https://web.archive.org/web/20210610045527id_/https://standards-oui.ieee.org/oui/oui.csv
B4C810,renamed,2021-06-10T04:55:27.000Z,UMPI Elettronica,Umpi srl,https://standards-oui.ieee.org/oui/oui.csv,https://web.archive.org/web/20210610045527id_/https://standards-oui.ieee.org/oui/oui.csv
B8F934,renamed,2021-06-10T04:55:27.000Z,Sony Mobile Communications Inc,Sony Corporation,https://standards-oui.ieee.org/oui/oui.csv,https://web.archive.org/web/20210610045527id_/https://standards-oui.ieee.org/oui/oui.csv
BC6E64,renamed,2021-06-10T04:55:27.000Z,Sony Mobile Communications Inc,Sony Corporation,https://standards-oui.ieee.org/oui/oui.csv,https://web.archive.org/web/20210610045527id_/https://standards-oui.ieee.org/oui/oui.csv
C43ABE,renamed,2021-06-10T04:55:27.000Z,Sony Mobile Communications Inc,Sony Corporation,https://standards-oui.ieee.org/oui/oui.csv,https://web.archive.org/web/20210610045527id_/https://standards-oui.ieee.org/oui/oui.csv
C4EA1D,renamed,2021-06-10T04:55:27.000Z,Technicolor,Technicolor Delivery Technologies Belgium NV,https://standards-oui.ieee.org/oui/oui.csv,https://web.archive.org/web/20210610045527id_/https://standards-oui.ieee.org/oui/oui.csv
CC3ADF,renamed,2021-06-10T04:55:27.000Z,Private,Neptune Technology Group Inc.,https://standards-oui.ieee.org/oui/oui.csv,https://web.archive.org/web/20210610045527id_/https://standards-oui.ieee.org/oui/oui.csv
D05162,renamed,2021-06-10T04:55:27.000Z,Sony Mobile Communications Inc,Sony Corporation,https://standards-oui.ieee.org/oui/oui.csv,https://web.archive.org/web/20210610045527id_/https://standards-oui.ieee.org/oui/oui.csv
D4351D,renamed,2021-06-10T04:55:27.000Z,Technicolor,Technicolor Delivery Technologies Belgium NV,https://standards-oui.ieee.org/oui/oui.csv,https://web.archive.org/web/20210610045527id_/https://standards-oui.ieee.org/oui/oui.csv
D4389C,renamed,2021-06-10T04:55:27.000Z,Sony Mobile Communications Inc,Sony Corporation,https://standards-oui.ieee.org/oui/oui.csv,https://web.archive.org/web/20210610045527id_/https://standards-oui.ieee.org/oui/oui.csv
E063E5,renamed,2021-06-10T04:55:27.000Z,Sony Mobile Communications Inc,Sony Corporation,https://standards-oui.ieee.org/oui/oui.csv,https://web.archive.org/web/20210610045527id_/https://standards-oui.ieee.org/oui/oui.csv
E0B9E5,renamed,2021-06-10T04:55:27.000Z,Technicolor,Technicolor Delivery Technologies Belgium NV,https://standards-oui.ieee.org/oui/oui.csv,https://web.archive.org/web/20210610045527id_/https://standards-oui.ieee.org/oui/oui.csv
F8F082,renamed,2021-06-10T04:55:27.000Z,NAG LLC,NAGTECH LLC,https://standards-oui.ieee.org/oui/oui.csv,https://web.archive.org/web/20210610045527id_/https://standards-oui.ieee.org/oui/oui.csv
0000BD,renamed,2022-07-11T21:58:20.000Z,"Mitsubishi Cable Industries, Ltd. / Ryosei Systems","RYOSEI, Ltd.",https://standards-oui.ieee.org/oui/oui.csv,https://web.archive.org/web/20220711215820id_/https://standards-oui.ieee.org/oui/oui.csv
0002A3,renamed,2022-07-11T21:58:20.000Z,"ABB Switzerland Ltd, Power Systems",Hitachi Energy Switzerland Ltd,https://standards-oui.ieee.org/oui/oui.csv,https://web.archive.org/web/20220711215820id_/https://standards-oui.ieee.org/oui/oui.csv
0003B1,renamed,2022-07-11T21:58:20.000Z,Hospira Inc.,"ICU Medical, Inc.",https://standards-oui.ieee.org/oui/oui.csv,https://web.archive.org/web/20220711215820id_/https://standards-oui.ieee.org/oui/oui.csv
0009B0,renamed,2022-07-11T21:58:20.000Z,Onkyo Corporation,Onkyo Technology K.K.,https://standards-oui.ieee.org/oui/oui.csv,https://web.archive.org/web/20220711215820id_/https://standards-oui.ieee.org/oui/oui.csv
0009DF,renamed,2022-07-11T21:58:20.000Z,Vestel Elektronik San ve Tic. A.Ş.,Vestel Elektronik San ve Tic. A.S.,https://standards-oui.ieee.org/oui/oui.csv,https://web.archive.org/web/20220711215820id_/https://standards-oui.ieee.org/oui/oui.csv
0009E5,renamed,2022-07-11T21:58:20.000Z,Hottinger Baldwin Messtechnik GmbH,Hottinger Brüel & Kjaer GmbH,https://standards-oui.ieee.org/oui/oui.csv,https://web.archive.org/web/20220711215820id_/https://standards-oui.ieee.org/oui/oui.csv
000A08,renamed,2022-07-11T21:58:20.000Z,"Alpine Electronics, Inc.",Alps Alpine,https://standards-oui.ieee.org/oui/oui.csv,https://web.archive.org/web/20220711215820id_/https://standards-oui.ieee.org/oui/oui.csv
000B3A,renamed,2022-07-11T21:58:20.000Z,PESA,PESA Inc.,https://standards-oui.ieee.org/oui/oui.csv,https://web.archive.org/web/20220711215820id_/https://standards-oui.ieee.org/oui/oui.csv
000B44,recased,2022-07-11T21:58:20.000Z,Concord IDea Corp.,Concord Idea Corp.,https://standards-oui.ieee.org/oui/oui.csv,https://web.archive.org/web/20220711215820id_/https://standards-oui.ieee.org/oui/oui.csv
000BF8,renamed,2022-07-11T21:58:20.000Z,Infinera,"Infinera, Inc.",https://standards-oui.ieee.org/oui/oui.csv,https://web.archive.org/web/20220711215820id_/https://standards-oui.ieee.org/oui/oui.csv
000C36,renamed,2022-07-11T21:58:20.000Z,"SHARP TAKAYA ELECTRONICS INDUSTRY CO.,LTD.","S-Takaya Electronics Industry Co.,Ltd.",https://standards-oui.ieee.org/oui/oui.csv,https://web.archive.org/web/20220711215820id_/https://standards-oui.ieee.org/oui/oui.csv
000D9C,renamed,2022-07-11T21:58:20.000Z,Elan GmbH & Co KG,K.A. Schmersal GmbH & Co. KG,https://standards-oui.ieee.org/oui/oui.csv,https://web.archive.org/web/20220711215820id_/https://standards-oui.ieee.org/oui/oui.csv
000DA9,renamed,2022-07-11T21:58:20.000Z,T.E.A.M. S.L.,INGETEAM,https://standards-oui.ieee.org/oui/oui.csv,https://web.archive.org/web/20220711215820id_/https://standards-oui.ieee.org/oui/oui.csv
000F32,recased,2022-07-11T21:58:20.000Z,Lootom Telcovideo Network Wuxi Co Ltd,Lootom Telcovideo Network (Wuxi) Co Ltd,https://standards-oui.ieee.org/oui/oui.csv,https://web.archive.org/web/20220711215820id_/https://standards-oui.ieee.org/oui/oui.csv
000FA0,renamed,2022-07-11T21:58:20.000Z,CANON KOREA BUSINESS SOLUTIONS INC.,Canon Korea Inc.,https://standards-oui.ieee.org/oui/oui.csv,https://web.archive.org/web/20220711215820id_/https://standards-oui.ieee.org/oui/oui.csv
0010EC,renamed,2022-07-11T21:58:20.000Z,"RPCG, LLC",Embedded Planet,https://standards-oui.ieee.org/oui/oui.csv,https://web.archive.org/web/20220711215820id_/https://standards-oui.ieee.org/oui/oui.csv
001293,renamed,2022-07-11T21:58:20.000Z,ABB Power Protection (CH),ABB Switzerland Ltd.,https://standards-oui.ieee.org/oui/oui.csv,https://web.archive.org/web/20220711215820id_/https://standards-oui.ieee.org/oui/oui.csv
001395,renamed,2022-07-11T21:58:20.000Z,congatec AG,congatec GmbH,https://standards-oui.ieee.org/oui/oui.csv,https://web.archive.org/web/20220711215820id_/https://standards-oui.ieee.org/oui/oui.csv
0013B4,renamed,2022-07-11T21:58:20.000Z,Appear TV,Appear AS,https://standards-oui.ieee.org/oui/oui.csv,https://web.archive.org/web/20220711215820id_/https://standards-oui.ieee.org/oui/oui.csv
0013CA,renamed,2022-07-11T21:58:20.000Z,Pico Digital,ATX,https://standards-oui.ieee.org/oui/oui.csv,https://web.archive.org/web/20220711215820id_/https://standards-oui.ieee.org/oui/oui.csv
001682,renamed,2022-07-11T21:58:20.000Z,"Pro Dex, Inc",OMS Motion,https://standards-oui.ieee.org/oui/oui.csv,https://web.archive.org/web/20220711215820id_/https://standards-oui.ieee.org/oui/oui.csv
0016A3,renamed,2022-07-11T21:58:20.000Z,"Ingeteam Transmission&Distribution, S.A.",INGETEAM,https://standards-oui.ieee.org/oui/oui.csv,https://web.archive.org/web/20220711215820id_/https://standards-oui.ieee.org/oui/oui.csv
00198E,renamed,2022-07-11T21:58:20.000Z,Oticon A/S,Demant A/S,https://standards-oui.ieee.org/oui/oui.csv,https://web.archive.org/web/20220711215820id_/https://standards-oui.ieee.org/oui/oui.csv
0019FB,renamed,2022-07-11T21:58:20.000Z,BSkyB Ltd,SKY UK LIMITED,https://standards-oui.ieee.org/oui/oui.csv,https://web.archive.org/web/20220711215820id_/https://standards-oui.ieee.org/oui/oui.csv
001A0F,renamed,2022-07-11T21:58:20.000Z,"Sistemas Avanzados de Control, S.A.",ARTECHE GROUP,https://standards-oui.ieee.org/oui/oui.csv,https://web.archive.org/web/20220711215820id_/https://standards-oui.ieee.org/oui/oui.csv
001D5B,renamed,2022-07-11T21:58:20.000Z,Tecvan Informática Ltda,Tecvan Informatica Ltda,https://standards-oui.ieee.org/oui/oui.csv,https://web.archive.org/web/20220711215820id_/https://standards-oui.ieee.org/oui/oui.csv
001E70,renamed,2022-07-11T21:58:20.000Z,Cobham Antenna Systems,Chelton Limited,https://standards-oui.ieee.org/oui/oui.csv,https://web.archive.org/web/20220711215820id_/https://standards-oui.ieee.org/oui/oui.csv
002469,renamed,2022-07-11T21:58:20.000Z,Smart Doorphones,Fasttel - Smart Doorphones,https://standards-oui.ieee.org/oui/oui.csv,https://web.archive.org/web/20220711215820id_/https://standards-oui.ieee.org/oui/oui.csv
0025CA,renamed,2022-07-11T21:58:20.000Z,"LS Research, LLC",Laird Connectivity,https://standards-oui.ieee.org/oui/oui.csv,https://web.archive.org/web/20220711215820id_/https://standards-oui.ieee.org/oui/oui.csv
002604,renamed,2022-07-11T21:58:20.000Z,Audio Processing Technology Ltd,WorldCast Systems,https://standards-oui.ieee.org/oui/oui.csv,https://web.archive.org/web/20220711215820id_/https://standards-oui.ieee.org/oui/oui.csv
00267F,renamed,2022-07-11T21:58:20.000Z,Zenterio AB,Oregan Networks Ltd.,https://standards-oui.ieee.org/oui/oui.csv,https://web.archive.org/web/20220711215820id_/https://standards-oui.ieee.org/oui/oui.csv
004036,renamed,2022-07-11T21:58:20.000Z,"Zoom Telephonics, Inc",Minim Inc.,https://standards-oui.ieee.org/oui/oui.csv,https://web.archive.org/web/20220711215820id_/https://standards-oui.ieee.org/oui/oui.csv
004058,renamed,2022-07-11T21:58:20.000Z,"KRONOS, INC.",UKG,https://standards-oui.ieee.org/oui/oui.csv,https://web.archive.org/web/20220711215820id_/https://standards-oui.ieee.org/oui/oui.csv
004084,renamed,2022-07-11T21:58:20.000Z,Honeywell International HPS,Honeywell,https://standards-oui.ieee.org/oui/oui.csv,https://web.archive.org/web/20220711215820id_/https://standards-oui.ieee.org/oui/oui.csv
0050E8,recased,2022-07-11T21:58:20.000Z,NOMADIX INC.,"Nomadix, Inc",https://standards-oui.ieee.org/oui/oui.csv,https://web.archive.org/web/20220711215820id_/https://standards-oui.ieee.org/oui/oui.csv
0080C2,renamed,2022-07-11T21:58:20.000Z,IEEE 802.1 Working Group,IEEE 802.1 Chair,https://standards-oui.ieee.org/oui/oui.csv,https://web.archive.org/web/20220711215820id_/https://standards-oui.ieee.org/oui/oui.csv
0080DA,renamed,2022-07-11T21:58:20.000Z,Bruel & Kjaer Sound & Vibration Measurement A/S,Hottinger Brüel & Kjær A/S,https://standards-oui.ieee.org/oui/oui.csv,https://web.archive.org/web/20220711215820id_/https://standards-oui.ieee.org/oui/oui.csv
0080E7,renamed,2022-07-11T21:58:20.000Z,Leonardo Tactical Systems.,Leonardo UK Ltd,https://standards-oui.ieee.org/oui/oui.csv,https://web.archive.org/web/20220711215820id_/https://standards-oui.ieee.org/oui/oui.csv
0084ED,renamed,2022-07-11T21:58:20.000Z,Private,"LEXMARK INTERNATIONAL, INC.",https://standards-oui.ieee.org/oui/oui.csv,https://web.archive.org/web/20220711215820id_/https://standards-oui.ieee.org/oui/oui.csv
00903F,renamed,2022-07-11T21:58:20.000Z,AZTEC RADIOMEDIA,WorldCast Systems,https://standards-oui.ieee.org/oui/oui.csv,https://web.archive.org/web/20220711215820id_/https://standards-oui.ieee.org/oui/oui.csv
00A0A2,renamed,2022-07-11T21:58:20.000Z,DIGICOM S.P.A.,B810 S.R.L.,https://standards-oui.ieee.org/oui/oui.csv,https://web.archive.org/web/20220711215820id_/https://standards-oui.ieee.org/oui/oui.csv
00A388,renamed,2022-07-11T21:58:20.000Z,BSkyB Ltd,SKY UK LIMITED,https://standards-oui.ieee.org/oui/oui.csv,https://web.archive.org/web/20220711215820id_/https://standards-oui.ieee.org/oui/oui.csv
00C09B,renamed,2022-07-11T21:58:20.000Z,"RELIANCE COMM/TEC, R-TEC","Tellabs Enterprise, Inc.",https://standards-oui.ieee.org/oui/oui.csv,https://web.archive.org/web/20220711215820id_/https://standards-oui.ieee.org/oui/oui.csv
00D04C,renamed,2022-07-11T21:58:20.000Z,EUROTEL TELECOM LTD.,Eseye Design Ltd,https://standards-oui.ieee.org/oui/oui.csv,https://web.archive.org/web/20220711215820id_/https://standards-oui.ieee.org/oui/oui.csv
00F871,renamed,2022-07-11T21:58:20.000Z,DGS Denmark A/S,Demant A/S,https://standards-oui.ieee.org/oui/oui.csv,https://web.archive.org/web/20220711215820id_/https://standards-oui.ieee.org/oui/oui.csv
042605,renamed,2022-07-11T21:58:20.000Z,GFR Gesellschaft für Regelungstechnik und Energieeinsparung mbH,Bosch Building Automation GmbH,https://standards-oui.ieee.org/oui/oui.csv,https://web.archive.org/web/20220711215820id_/https://standards-oui.ieee.org/oui/oui.csv
04819B,renamed,2022-07-11T21:58:20.000Z,BSkyB Ltd,SKY UK LIMITED,https://standards-oui.ieee.org/oui/oui.csv,https://web.archive.org/web/20220711215820id_/https://standards-oui.ieee.org/oui/oui.csv
04B86A,renamed,2022-07-11T21:58:20.000Z,BSkyB Ltd,SKY UK LIMITED,https://standards-oui.ieee.org/oui/oui.csv,https://web.archive.org/web/20220711215820id_/https://standards-oui.ieee.org/oui/oui.csv
080042,renamed,2022-07-11T21:58:20.000Z,JAPAN MACNICS CORP.,"MACNICA, Inc.",https://standards-oui.ieee.org/oui/oui.csv,https://web.archive.org/web/20220711215820id_/https://standards-oui.ieee.org/oui/oui.csv
08CBE5,renamed,2022-07-11T21:58:20.000Z,R3 - Reliable Realtime Radio Communications GmbH,R3 Solutions GmbH,https://standards-oui.ieee.org/oui/oui.csv,https://web.archive.org/web/20220711215820id_/https://standards-oui.ieee.org/oui/oui.csv
0CF9C0,renamed,2022-07-11T21:58:20.000Z,BSkyB Ltd,SKY UK LIMITED,https://standards-oui.ieee.org/oui/oui.csv,https://web.archive.org/web/20220711215820id_/https://standards-oui.ieee.org/oui/oui.csv
10090C,renamed,2022-07-11T21:58:20.000Z,"Janome Sewing Machine Co., Ltd.",JANOME Corporation,https://standards-oui.ieee.org/oui/oui.csv,https://web.archive.org/web/20220711215820id_/https://standards-oui.ieee.org/oui/oui.csv
103711,renamed,2022-07-11T21:58:20.000Z,Simlink AS,NORBIT ITS,https://standards-oui.ieee.org/oui/oui.csv,https://web.archive.org/web/20220711215820id_/https://standards-oui.ieee.org/oui/oui.csv
10AE60,renamed,2022-07-11T21:58:20.000Z,Private,Amazon Technologies Inc.,https://standards-oui.ieee.org/oui/oui.csv,https://web.archive.org/web/20220711215820id_/https://standards-oui.ieee.org/oui/oui.csv
140708,renamed,2022-07-11T21:58:20.000Z,Private,CP PLUS GMBH & CO. KG,https://standards-oui.ieee.org/oui/oui.csv,https://web.archive.org/web/20220711215820id_/https://standards-oui.ieee.org/oui/oui.csv
146102,renamed,2022-07-11T21:58:20.000Z,"Alpine Electronics, Inc.",Alps Alpine,https://standards-oui.ieee.org/oui/oui.csv,https://web.archive.org/web/20220711215820id_/https://standards-oui.ieee.org/oui/oui.csv
1C24CD,recased,2022-07-11T21:58:20.000Z,Askey Computer Corp.,ASKEY COMPUTER CORP,https://standards-oui.ieee.org/oui/oui.csv,https://web.archive.org/web/20220711215820id_/https://standards-oui.ieee.org/oui/oui.csv
1CA0B8,renamed,2022-07-11T21:58:20.000Z,"Hon Hai Precision Ind. Co., Ltd.","Hon Hai Precision Industry Co., Ltd.",https://standards-oui.ieee.org/oui/oui.csv,https://web.archive.org/web/20220711215820id_/https://standards-oui.ieee.org/oui/oui.csv
2047ED,renamed,2022-07-11T21:58:20.000Z,BSkyB Ltd,SKY UK LIMITED,https://standards-oui.ieee.org/oui/oui.csv,https://web.archive.org/web/20220711215820id_/https://standards-oui.ieee.org/oui/oui.csv
24A7DC,renamed,2022-07-11T21:58:20.000Z,BSkyB Ltd,SKY UK LIMITED,https://standards-oui.ieee.org/oui/oui.csv,https://web.archive.org/web/20220711215820id_/https://standards-oui.ieee.org/oui/oui.csv
28C13C,renamed,2022-07-11T21:58:20.000Z,"Hon Hai Precision Ind. Co., Ltd.","Hon Hai Precision Industry Co., Ltd.",https://standards-oui.ieee.org/oui/oui.csv,https://web.archive.org/web/20220711215820id_/https://standards-oui.ieee.org/oui/oui.csv
28D244,recased,2022-07-11T21:58:20.000Z,"LCFC(HeFei) Electronics Technology Co., Ltd.","LCFC(HeFei) Electronics Technology co., ltd",https://standards-oui.ieee.org/oui/oui.csv,https://web.archive.org/web/20220711215820id_/https://standards-oui.ieee.org/oui/oui.csv
2C553C,renamed,2022-07-11T21:58:20.000Z,"Gainspeed, Inc.",Vecima Networks Inc.,https://standards-oui.ieee.org/oui/oui.csv,https://web.archive.org/web/20220711215820id_/https://standards-oui.ieee.org/oui/oui.csv
2CD1DA,renamed,2022-07-11T21:58:20.000Z,"Sanjole, Inc.","Keysight Technologies, Inc.",https://standards-oui.ieee.org/oui/oui.csv,https://web.archive.org/web/20220711215820id_/https://standards-oui.ieee.org/oui/oui.csv
2CFDB3,renamed,2022-07-11T21:58:20.000Z,"TCL Technoly Electronics(Huizhou).,Ltd",Tonly Technology Co. Ltd,https://standards-oui.ieee.org/oui/oui.csv,https://web.archive.org/web/20220711215820id_/https://standards-oui.ieee.org/oui/oui.csv
3027CF,renamed,2022-07-11T21:58:20.000Z,Private,Canopy Growth Corp,https://standards-oui.ieee.org/oui/oui.csv,https://web.archive.org/web/20220711215820id_/https://standards-oui.ieee.org/oui/oui.csv
30B216,renamed,2022-07-11T21:58:20.000Z,Hitachi ABB Power Grids – Grid Automation,Hitachi Energy,https://standards-oui.ieee.org/oui/oui.csv,https://web.archive.org/web/20220711215820id_/https://standards-oui.ieee.org/oui/oui.csv
30E090,renamed,2022-07-11T21:58:20.000Z,"Linctronix Ltd,",Genevisio Ltd.,https://standards-oui.ieee.org/oui/oui.csv,https://web.archive.org/web/20220711215820id_/https://standards-oui.ieee.org/oui/oui.csv
3438AF,renamed,2022-07-11T21:58:20.000Z,Inlab Software GmbH,Inlab Networks GmbH,https://standards-oui.ieee.org/oui/oui.csv,https://web.archive.org/web/20220711215820id_/https://standards-oui.ieee.org/oui/oui.csv
38A6CE,renamed,2022-07-11T21:58:20.000Z,BSkyB Ltd,SKY UK LIMITED,https://standards-oui.ieee.org/oui/oui.csv,https://web.archive.org/web/20220711215820id_/https://standards-oui.ieee.org/oui/oui.csv
38F0C8,renamed,2022-07-11T21:58:20.000Z,Mevo Inc.,Logitech,https://standards-oui.ieee.org/oui/oui.csv,https://web.archive.org/web/20220711215820id_/https://standards-oui.ieee.org/oui/oui.csv
3C8994,renamed,2022-07-11T21:58:20.000Z,BSkyB Ltd,SKY UK LIMITED,https://standards-oui.ieee.org/oui/oui.csv,https://web.archive.org/web/20220711215820id_/https://standards-oui.ieee.org/oui/oui.csv
3CE038,renamed,2022-07-11T21:58:20.000Z,"Plumeria Networks, Inc.",Omnifi Inc.,https://standards-oui.ieee.org/oui/oui.csv,https://web.archive.org/web/20220711215820id_/https://standards-oui.ieee.org/oui/oui.csv
443C9C,renamed,2022-07-11T21:58:20.000Z,Pintsch Tiefenbach GmbH,Pintsch GmbH,https://standards-oui.ieee.org/oui/oui.csv,https://web.archive.org/web/20220711215820id_/https://standards-oui.ieee.org/oui/oui.csv
486DBB,renamed,2022-07-11T21:58:20.000Z,Vestel Elektronik San ve Tic. A.Ş.,Vestel Elektronik San ve Tic. A.S.,https://standards-oui.ieee.org/oui/oui.csv,https://web.archive.org/web/20220711215820id_/https://standards-oui.ieee.org/oui/oui.csv
4C364E,renamed,2022-07-11T21:58:20.000Z,Panasonic Corporation  Connected Solutions Company,"Panasonic Connect Co., Ltd.",https://standards-oui.ieee.org/oui/oui.csv,https://web.archive.org/web/20220711215820id_/https://standards-oui.ieee.org/oui/oui.csv
505FB5,recased,2022-07-11T21:58:20.000Z,Askey Computer Corp.,ASKEY COMPUTER CORP,https://standards-oui.ieee.org/oui/oui.csv,https://web.archive.org/web/20220711215820id_/https://standards-oui.ieee.org/oui/oui.csv
507043,renamed,2022-07-11T21:58:20.000Z,BSkyB Ltd,SKY UK LIMITED,https://standards-oui.ieee.org/oui/oui.csv,https://web.archive.org/web/20220711215820id_/https://standards-oui.ieee.org/oui/oui.csv
58F387,renamed,2022-07-11T21:58:20.000Z,HCCP,Airios,https://standards-oui.ieee.org/oui/oui.csv,https://web.archive.org/web/20220711215820id_/https://standards-oui.ieee.org/oui/oui.csv
5C16C7,renamed,2022-07-11T21:58:20.000Z,Big Switch Networks,Arista Networks,https://standards-oui.ieee.org/oui/oui.csv,https://web.archive.org/web/20220711215820id_/https://standards-oui.ieee.org/oui/oui.csv
608CDF,renamed,2022-07-11T21:58:20.000Z,Private,Beamtrail-Sole Proprietorship,https://standards-oui.ieee.org/oui/oui.csv,https://web.archive.org/web/20220711215820id_/https://standards-oui.ieee.org/oui/oui.csv
64B623,renamed,2022-07-11T21:58:20.000Z,CCS Care Communication Solutions GmbH,Schrack Seconet Care Communication GmbH,https://standards-oui.ieee.org/oui/oui.csv,https://web.archive.org/web/20220711215820id_/https://standards-oui.ieee.org/oui/oui.csv
68EC8A,renamed,2022-07-11T21:58:20.000Z,Private,IKEA of Sweden AB,https://standards-oui.ieee.org/oui/oui.csv,https://web.archive.org/web/20220711215820id_/https://standards-oui.ieee.org/oui/oui.csv
6CA0B4,renamed,2022-07-11T21:58:20.000Z,BSkyB Ltd,SKY UK LIMITED,https://standards-oui.ieee.org/oui/oui.csv,https://web.archive.org/web/20220711215820id_/https://standards-oui.ieee.org/oui/oui.csv
702084,renamed,2022-07-11T21:58:20.000Z,"Hon Hai Precision Ind. Co., Ltd.","Hon Hai Precision Industry Co., Ltd.",https://standards-oui.ieee.org/oui/oui.csv,https://web.archive.org/web/20220711215820id_/https://standards-oui.ieee.org/oui/oui.csv
7050AF,renamed,2022-07-11T21:58:20.000Z,BSkyB Ltd,SKY UK LIMITED,https://standards-oui.ieee.org/oui/oui.csv,https://web.archive.org/web/20220711215820id_/https://standards-oui.ieee.org/oui/oui.csv
7054B4,renamed,2022-07-11T21:58:20.000Z,Vestel Elektronik San ve Tic. A.Ş.,Vestel Elektronik San ve Tic. A.S.,https://standards-oui.ieee.org/oui/oui.csv,https://web.archive.org/web/20220711215820id_/https://standards-oui.ieee.org/oui/oui.csv
783E53,renamed,2022-07-11T21:58:20.000Z,BSkyB Ltd,SKY UK LIMITED,https://standards-oui.ieee.org/oui/oui.csv,https://web.archive.org/web/20220711215820id_/https://standards-oui.ieee.org/oui/oui.csv
78524A,renamed,2022-07-11T21:58:20.000Z,Ensenso GmbH,Optonic GmbH,https://standards-oui.ieee.org/oui/oui.csv,https://web.archive.org/web/20220711215820id_/https://standards-oui.ieee.org/oui/oui.csv
78C6BB,renamed,2022-07-11T21:58:20.000Z,"Innovasic, Inc.","Analog Devices, Inc.",https://standards-oui.ieee.org/oui/oui.csv,https://web.archive.org/web/20220711215820id_/https://standards-oui.ieee.org/oui/oui.csv
7C4CA5,renamed,2022-07-11T21:58:20.000Z,BSkyB Ltd,SKY UK LIMITED,https://standards-oui.ieee.org/oui/oui.csv,https://web.archive.org/web/20220711215820id_/https://standards-oui.ieee.org/oui/oui.csv
7C50DA,renamed,2022-07-11T21:58:20.000Z,Private,E.J Ward,https://standards-oui.ieee.org/oui/oui.csv,https://web.archive.org/web/20220711215820id_/https://standards-oui.ieee.org/oui/oui.csv
807215,renamed,2022-07-11T21:58:20.000Z,BSkyB Ltd,SKY UK LIMITED,https://standards-oui.ieee.org/oui/oui.csv,https://web.archive.org/web/20220711215820id_/https://standards-oui.ieee.org/oui/oui.csv
80751F,renamed,2022-07-11T21:58:20.000Z,BSkyB Ltd,SKY UK LIMITED,https://standards-oui.ieee.org/oui/oui.csv,https://web.archive.org/web/20220711215820id_/https://standards-oui.ieee.org/oui/oui.csv
80A796,renamed,2022-07-11T21:58:20.000Z,Neurotek LLC,Neuralink Corp.,https://standards-oui.ieee.org/oui/oui.csv,https://web.archive.org/web/20220711215820id_/https://standards-oui.ieee.org/oui/oui.csv
843B10,renamed,2022-07-11T21:58:20.000Z,Lv switch Inc.,LVSWITCHES INC.,https://standards-oui.ieee.org/oui/oui.csv,https://web.archive.org/web/20220711215820id_/https://standards-oui.ieee.org/oui/oui.csv
88B436,renamed,2022-07-11T21:58:20.000Z,Private,FUJIFILM Corporation,https://standards-oui.ieee.org/oui/oui.csv,https://web.archive.org/web/20220711215820id_/https://standards-oui.ieee.org/oui/oui.csv
88D039,renamed,2022-07-11T21:58:20.000Z,"TCL Technoly Electronics(Huizhou).,Ltd",Tonly Technology Co. Ltd,https://standards-oui.ieee.org/oui/oui.csv,https://web.archive.org/web/20220711215820id_/https://standards-oui.ieee.org/oui/oui.csv
88DC96,renamed,2022-07-11T21:58:20.000Z,"SENAO Networks, Inc.","EnGenius Technologies, Inc.",https://standards-oui.ieee.org/oui/oui.csv,https://web.archive.org/web/20220711215820id_/https://standards-oui.ieee.org/oui/oui.csv
88DE7C,recased,2022-07-11T21:58:20.000Z,Askey Computer Corp.,ASKEY COMPUTER CORP,https://standards-oui.ieee.org/oui/oui.csv,https://web.archive.org/web/20220711215820id_/https://standards-oui.ieee.org/oui/oui.csv
900218,renamed,2022-07-11T21:58:20.000Z,BSkyB Ltd,SKY UK LIMITED,https://standards-oui.ieee.org/oui/oui.csv,https://web.archive.org/web/20220711215820id_/https://standards-oui.ieee.org/oui/oui.csv
902106,renamed,2022-07-11T21:58:20.000Z,BSkyB Ltd,SKY UK LIMITED,https://standards-oui.ieee.org/oui/oui.csv,https://web.archive.org/web/20220711215820id_/https://standards-oui.ieee.org/oui/oui.csv
9C31C3,renamed,2022-07-11T21:58:20.000Z,BSkyB Ltd,SKY UK LIMITED,https://standards-oui.ieee.org/oui/oui.csv,https://web.archive.org/web/20220711215820id_/https://standards-oui.ieee.org/oui/oui.csv
9C4F5F,renamed,2022-07-11T21:58:20.000Z,TAP Sound System,"Google, Inc.",https://standards-oui.ieee.org/oui/oui.csv,https://web.archive.org/web/20220711215820id_/https://standards-oui.ieee.org/oui/oui.csv
A0BDCD,renamed,2022-07-11T21:58:20.000Z,BSkyB Ltd,SKY UK LIMITED,https://standards-oui.ieee.org/oui/oui.csv,https://web.archive.org/web/20220711215820id_/https://standards-oui.ieee.org/oui/oui.csv
A4AE11,renamed,2022-07-11T21:58:20.000Z,"Hon Hai Precision Ind. Co., Ltd.","Hon Hai Precision Industry Co., Ltd.",https://standards-oui.ieee.org/oui/oui.csv,https://web.archive.org/web/20220711215820id_/https://standards-oui.ieee.org/oui/oui.csv
A4AE12,renamed,2022-07-11T21:58:20.000Z,"Hon Hai Precision Ind. Co., Ltd.","Hon Hai Precision Industry Co., Ltd.",https://standards-oui.ieee.org/oui/oui.csv,https://web.archive.org/web/20220711215820id_/https://standards-oui.ieee.org/oui/oui.csv
A8B0AE,renamed,2022-07-11T21:58:20.000Z,LEONI,BizLink Special Cables Germany GmbH,https://standards-oui.ieee.org/oui/oui.csv,https://web.archive.org/web/20220711215820id_/https://standards-oui.ieee.org/oui/oui.csv
AC83F0,renamed,2022-07-11T21:58:20.000Z,ImmediaTV Corporation,Cobalt Digital Inc.,https://standards-oui.ieee.org/oui/oui.csv,https://web.archive.org/web/20220711215820id_/https://standards-oui.ieee.org/oui/oui.csv
B03E51,renamed,2022-07-11T21:58:20.000Z,BSkyB Ltd,SKY UK LIMITED,https://standards-oui.ieee.org/oui/oui.csv,https://web.archive.org/web/20220711215820id_/https://standards-oui.ieee.org/oui/oui.csv
B04530,renamed,2022-07-11T21:58:20.000Z,BSkyB Ltd,SKY UK LIMITED,https://standards-oui.ieee.org/oui/oui.csv,https://web.archive.org/web/20220711215820id_/https://standards-oui.ieee.org/oui/oui.csv
BC69CB,renamed,2022-07-11T21:58:20.000Z,"Panasonic Life Solutions Networks Co., Ltd.","Panasonic Electric Works Networks Co., Ltd.",https://standards-oui.ieee.org/oui/oui.csv,https://web.archive.org/web/20220711215820id_/https://standards-oui.ieee.org/oui/oui.csv
BCD767,renamed,2022-07-11T21:58:20.000Z,Private,BAE Systems Apllied Intelligence,https://standards-oui.ieee.org/oui/oui.csv,https://web.archive.org/web/20220711215820id_/https://standards-oui.ieee.org/oui/oui.csv
C02E26,renamed,2022-07-11T21:58:20.000Z,Private,"iRhythm Technologies, Inc.",https://standards-oui.ieee.org/oui/oui.csv,https://web.archive.org/web/20220711215820id_/https://standards-oui.ieee.org/oui/oui.csv
C03E0F,renamed,2022-07-11T21:58:20.000Z,BSkyB Ltd,SKY UK LIMITED,https://standards-oui.ieee.org/oui/oui.csv,https://web.archive.org/web/20220711215820id_/https://standards-oui.ieee.org/oui/oui.csv
C0A36E,renamed,2022-07-11T21:58:20.000Z,BSkyB Ltd,SKY UK LIMITED,https://standards-oui.ieee.org/oui/oui.csv,https://web.archive.org/web/20220711215820id_/https://standards-oui.ieee.org/oui/oui.csv
C0BAE6,renamed,2022-07-11T21:58:20.000Z,Application Solutions (Electronics and Vision) Ltd,Application Solutions (Safety and Security) Ltd,https://standards-oui.ieee.org/oui/oui.csv,https://web.archive.org/web/20220711215820id_/https://standards-oui.ieee.org/oui/oui.csv
C0EE40,renamed,2022-07-11T21:58:20.000Z,Laird Technologies,Laird Connectivity,https://standards-oui.ieee.org/oui/oui.csv,https://web.archive.org/web/20220711215820id_/https://standards-oui.ieee.org/oui/oui.csv
CC3F1D,renamed,2022-07-11T21:58:20.000Z,Intesis Software SL,HMS Industrial Networks SLU,https://standards-oui.ieee.org/oui/oui.csv,https://web.archive.org/web/20220711215820id_/https://standards-oui.ieee.org/oui/oui.csv
CCD3C1,renamed,2022-07-11T21:58:20.000Z,Vestel Elektronik San ve Tic. A.Ş.,Vestel Elektronik San ve Tic. A.S.,https://standards-oui.ieee.org/oui/oui.csv,https://web.archive.org/web/20220711215820id_/https://standards-oui.ieee.org/oui/oui.csv
D021AC,renamed,2022-07-11T21:58:20.000Z,Yo Labs LLC,Yohana,https://standards-oui.ieee.org/oui/oui.csv,https://web.archive.org/web/20220711215820id_/https://standards-oui.ieee.org/oui/oui.csv
D058FC,renamed,2022-07-11T21:58:20.000Z,BSkyB Ltd,SKY UK LIMITED,https://standards-oui.ieee.org/oui/oui.csv,https://web.archive.org/web/20220711215820id_/https://standards-oui.ieee.org/oui/oui.csv
D0A0D6,renamed,2022-07-11T21:58:20.000Z,Chengdu TD Tech Ltd.,ChengDu TD Tech,https://standards-oui.ieee.org/oui/oui.csv,https://web.archive.org/web/20220711215820id_/https://standards-oui.ieee.org/oui/oui.csv
D42DC5,renamed,2022-07-11T21:58:20.000Z,"Panasonic i-PRO Sensing Solutions Co., Ltd.","i-PRO Co., Ltd.",https://standards-oui.ieee.org/oui/oui.csv,https://web.archive.org/web/20220711215820id_/https://standards-oui.ieee.org/oui/oui.csv
D452EE,renamed,2022-07-11T21:58:20.000Z,BSkyB Ltd,SKY UK LIMITED,https://standards-oui.ieee.org/oui/oui.csv,https://web.archive.org/web/20220711215820id_/https://standards-oui.ieee.org/oui/oui.csv
D4DACD,renamed,2022-07-11T21:58:20.000Z,BSkyB Ltd,SKY UK LIMITED,https://standards-oui.ieee.org/oui/oui.csv,https://web.archive.org/web/20220711215820id_/https://standards-oui.ieee.org/oui/oui.csv
D834EE,renamed,2022-07-11T21:58:20.000Z,Stem Audio,SHURE INCORPORATED,https://standards-oui.ieee.org/oui/oui.csv,https://web.archive.org/web/20220711215820id_/https://standards-oui.ieee.org/oui/oui.csv
E0CB1D,renamed,2022-07-11T21:58:20.000Z,Private,Amazon Technologies Inc.,https://standards-oui.ieee.org/oui/oui.csv,https://web.archive.org/web/20220711215820id_/https://standards-oui.ieee.org/oui/oui.csv
E86D6E,renamed,2022-07-11T21:58:20.000Z,voestalpine SIGNALING Fareham Ltd.,voestalpine Signaling UK Ltd.,https://standards-oui.ieee.org/oui/oui.csv,https://web.archive.org/web/20220711215820id_/https://standards-oui.ieee.org/oui/oui.csv
EC71DB,renamed,2022-07-11T21:58:20.000Z,"Shenzhen Baichuan Digital Technology Co., Ltd.",Reolink Innovation Limited,https://standards-oui.ieee.org/oui/oui.csv,https://web.archive.org/web/20220711215820id_/https://standards-oui.ieee.org/oui/oui.csv
ECBE5F,renamed,2022-07-11T21:58:20.000Z,Vestel Elektronik San ve Tic. A.Ş.,Vestel Elektronik San ve Tic. A.S.,https://standards-oui.ieee.org/oui/oui.csv,https://web.archive.org/web/20220711215820id_/https://standards-oui.ieee.org/oui/oui.csv
F46B8C,renamed,2022-07-11T21:58:20.000Z,"Hon Hai Precision Ind. Co., Ltd.","Hon Hai Precision Industry Co., Ltd.",https://standards-oui.ieee.org/oui/oui.csv,https://web.archive.org/web/20220711215820id_/https://standards-oui.ieee.org/oui/oui.csv
F4939F,renamed,2022-07-11T21:58:20.000Z,"Hon Hai Precision Ind. Co., Ltd.","Hon Hai Precision Industry Co., Ltd.",https://standards-oui.ieee.org/oui/oui.csv,https://web.archive.org/web/20220711215820id_/https://standards-oui.ieee.org/oui/oui.csv
F4E204,renamed,2022-07-11T21:58:20.000Z,Traqueur,COYOTE SYSTEM,https://standards-oui.ieee.org/oui/oui.csv,https://web.archive.org/web/20220711215820id_/https://standards-oui.ieee.org/oui/oui.csv
00090F,recased,2022-09-05T16:29:31.000Z,Fortinet Inc.,"Fortinet, Inc.",https://standards-oui.ieee.org/oui/oui.csv,https://web.archive.org/web/20220905162931id_/https://standards-oui.ieee.org/oui/oui.csv
000CE6,recased,2022-09-05T16:29:31.000Z,Fortinet Inc.,"Fortinet, Inc.",https://standards-oui.ieee.org/oui/oui.csv,https://web.archive.org/web/20220905162931id_/https://standards-oui.ieee.org/oui/oui.csv
0012F3,renamed,2022-09-05T16:29:31.000Z,connectBlue AB,u-blox AG,https://standards-oui.ieee.org/oui/oui.csv,https://web.archive.org/web/20220905162931id_/https://standards-oui.ieee.org/oui/oui.csv
18188B,renamed,2022-09-05T16:29:31.000Z,FUJITSU CONNECTED TECHNOLOGIES LIMITED,FCNT LMITED,https://standards-oui.ieee.org/oui/oui.csv,https://web.archive.org/web/20220905162931id_/https://standards-oui.ieee.org/oui/oui.csv
389592,renamed,2022-09-05T16:29:31.000Z,Beijing Tendyron Corporation,Tendyron Corporation,https://standards-oui.ieee.org/oui/oui.csv,https://web.archive.org/web/20220905162931id_/https://standards-oui.ieee.org/oui/oui.csv
38A9EA,renamed,2022-09-05T16:29:31.000Z,Private,"HK DAPU ELECTRONIC TECHNOLOGY CO., LIMITED",https://standards-oui.ieee.org/oui/oui.csv,https://web.archive.org/web/20220905162931id_/https://standards-oui.ieee.org/oui/oui.csv
440CEE,renamed,2022-09-05T16:29:31.000Z,Robert Bosch Elektronika Kft,Robert Bosch Elektronikai Kft.,https://standards-oui.ieee.org/oui/oui.csv,https://web.archive.org/web/20220905162931id_/https://standards-oui.ieee.org/oui/oui.csv
6444D5,renamed,2022-09-05T16:29:31.000Z,Private,TD Tech,https://standards-oui.ieee.org/oui/oui.csv,https://web.archive.org/web/20220905162931id_/https://standards-oui.ieee.org/oui/oui.csv
6C9106,renamed,2022-09-05T16:29:31.000Z,Private,Katena Computing Technologies,https://standards-oui.ieee.org/oui/oui.csv,https://web.archive.org/web/20220905162931id_/https://standards-oui.ieee.org/oui/oui.csv
80C3BA,renamed,2022-09-05T16:29:31.000Z,Sennheiser Consumer Audio GmbH,Sonova Consumer Hearing GmbH,https://standards-oui.ieee.org/oui/oui.csv,https://web.archive.org/web/20220905162931id_/https://standards-oui.ieee.org/oui/oui.csv
846082,renamed,2022-09-05T16:29:31.000Z,Private,"Hyperloop Technologies, Inc dba Virgin Hyperloop",https://standards-oui.ieee.org/oui/oui.csv,https://web.archive.org/web/20220905162931id_/https://standards-oui.ieee.org/oui/oui.csv
9C5440,renamed,2022-09-05T16:29:31.000Z,Private,ChengDu TD Tech,https://standards-oui.ieee.org/oui/oui.csv,https://web.archive.org/web/20220905162931id_/https://standards-oui.ieee.org/oui/oui.csv
9CDB07,renamed,2022-09-05T16:29:31.000Z,Thum+Mahr GmbH,Yellowtec GmbH,https://standards-oui.ieee.org/oui/oui.csv,https://web.archive.org/web/20220905162931id_/https://standards-oui.ieee.org/oui/oui.csv
D4ADFC,renamed,2022-09-05T16:29:31.000Z,Private,"Shenzhen Intellirocks Tech co.,ltd",https://standards-oui.ieee.org/oui/oui.csv,https://web.archive.org/web/20220905162931id_/https://standards-oui.ieee.org/oui/oui.csv
E4D3AA,renamed,2022-09-05T16:29:31.000Z,FUJITSU CONNECTED TECHNOLOGIES LIMITED,FCNT LMITED,https://standards-oui.ieee.org/oui/oui.csv,https://web.archive.org/web/20220905162931id_/https://standards-oui.ieee.org/oui/oui.csv
E826B6,renamed,2022-09-05T16:29:31.000Z,Inside Biometrics International Limited,Companies House to GlucoRx Technologies Ltd.,https://standards-oui.ieee.org/oui/oui.csv,https://web.archive.org/web/20220905162931id_/https://standards-oui.ieee.org/oui/oui.csv
F8C249,renamed,2022-09-05T16:29:31.000Z,Private,AMPERE COMPUTING LLC,https://standards-oui.ieee.org/oui/oui.csv,https://web.archive.org/web/20220905162931id_/https://standards-oui.ieee.org/oui/oui.csv
000147,renamed,2023-07-11T15:51:12.000Z,Zhone Technologies,DZS Inc.,https://standards-oui.ieee.org/oui/oui.csv,https://web.archive.org/web/20230711155112id_/https://standards-oui.ieee.org/oui/oui.csv
000263,renamed,2023-07-11T15:51:12.000Z,UPS Manufacturing SRL,RPS S.p.A.,https://standards-oui.ieee.org/oui/oui.csv,https://web.archive.org/web/20230711155112id_/https://standards-oui.ieee.org/oui/oui.csv
000271,renamed,2023-07-11T15:51:12.000Z,Zhone Technologies,DZS Inc.,https://standards-oui.ieee.org/oui/oui.csv,https://web.archive.org/web/20230711155112id_/https://standards-oui.ieee.org/oui/oui.csv
000327,renamed,2023-07-11T15:51:12.000Z,ACT'L,HMS Industrial Networks,https://standards-oui.ieee.org/oui/oui.csv,https://web.archive.org/web/20230711155112id_/https://standards-oui.ieee.org/oui/oui.csv
000351,renamed,2023-07-11T15:51:12.000Z,"Diebold, Inc.",Diebold Nixdorf,https://standards-oui.ieee.org/oui/oui.csv,https://web.archive.org/web/20230711155112id_/https://standards-oui.ieee.org/oui/oui.csv
000356,renamed,2023-07-11T15:51:12.000Z,Wincor Nixdorf International GmbH,Diebold Nixdorf,https://standards-oui.ieee.org/oui/oui.csv,https://web.archive.org/web/20230711155112id_/https://standards-oui.ieee.org/oui/oui.csv
0008B9,renamed,2023-07-11T15:51:12.000Z,"Kaonmedia CO., LTD.","Kaon Group Co., Ltd.",https://standards-oui.ieee.org/oui/oui.csv,https://web.archive.org/web/20230711155112id_/https://standards-oui.ieee.org/oui/oui.csv
000941,renamed,2023-07-11T15:51:12.000Z,Allied Telesis R&D Center K.K.,Allied Telesis K.K.,https://standards-oui.ieee.org/oui/oui.csv,https://web.archive.org/web/20230711155112id_/https://standards-oui.ieee.org/oui/oui.csv
000AD7,renamed,2023-07-11T15:51:12.000Z,"Origin ELECTRIC CO.,LTD.","Origin Co., Ltd.",https://standards-oui.ieee.org/oui/oui.csv,https://web.archive.org/web/20230711155112id_/https://standards-oui.ieee.org/oui/oui.csv
000CEC,renamed,2023-07-11T15:51:12.000Z,Orolia USA,Safran Trusted 4D Inc.,https://standards-oui.ieee.org/oui/oui.csv,https://web.archive.org/web/20230711155112id_/https://standards-oui.ieee.org/oui/oui.csv
000D39,renamed,2023-07-11T15:51:12.000Z,Network Electronics,Nevion,https://standards-oui.ieee.org/oui/oui.csv,https://web.archive.org/web/20230711155112id_/https://standards-oui.ieee.org/oui/oui.csv
000E51,renamed,2023-07-11T15:51:12.000Z,tecna elettronica srl,TECNA SpA,https://standards-oui.ieee.org/oui/oui.csv,https://web.archive.org/web/20230711155112id_/https://standards-oui.ieee.org/oui/oui.csv
000E72,renamed,2023-07-11T15:51:12.000Z,CTS electronics,Arca Technologies S.r.l.,https://standards-oui.ieee.org/oui/oui.csv,https://web.archive.org/web/20230711155112id_/https://standards-oui.ieee.org/oui/oui.csv
0011A9,renamed,2023-07-11T15:51:12.000Z,"MOIMSTONE Co., LTD","Nurivoice Co., Ltd",https://standards-oui.ieee.org/oui/oui.csv,https://web.archive.org/web/20230711155112id_/https://standards-oui.ieee.org/oui/oui.csv
001277,renamed,2023-07-11T15:51:12.000Z,"Korenix Technologies Co., Ltd.",Beijer Electronics Corp.,https://standards-oui.ieee.org/oui/oui.csv,https://web.archive.org/web/20230711155112id_/https://standards-oui.ieee.org/oui/oui.csv
001457,renamed,2023-07-11T15:51:12.000Z,T-VIPS AS,Nevion,https://standards-oui.ieee.org/oui/oui.csv,https://web.archive.org/web/20230711155112id_/https://standards-oui.ieee.org/oui/oui.csv
001491,renamed,2023-07-11T15:51:12.000Z,Daniels Electronics Ltd. dbo Codan Rado Communications,Daniels Electronics Ltd. dba Codan Radio Communications,https://standards-oui.ieee.org/oui/oui.csv,https://web.archive.org/web/20230711155112id_/https://standards-oui.ieee.org/oui/oui.csv
00156D,renamed,2023-07-11T15:51:12.000Z,Ubiquiti Networks Inc.,Ubiquiti Inc,https://standards-oui.ieee.org/oui/oui.csv,https://web.archive.org/web/20230711155112id_/https://standards-oui.ieee.org/oui/oui.csv
001616,renamed,2023-07-11T15:51:12.000Z,BROWAN COMMUNICATION INC.,BROWAN COMMUNICATIONS INCORPORATION,https://standards-oui.ieee.org/oui/oui.csv,https://web.archive.org/web/20230711155112id_/https://standards-oui.ieee.org/oui/oui.csv
0016F6,renamed,2023-07-11T15:51:12.000Z,Video Products Group,Nevion,https://standards-oui.ieee.org/oui/oui.csv,https://web.archive.org/web/20230711155112id_/https://standards-oui.ieee.org/oui/oui.csv
00180C,renamed,2023-07-11T15:51:12.000Z,Optelian Access Networks,DZS Inc.,https://standards-oui.ieee.org/oui/oui.csv,https://web.archive.org/web/20230711155112id_/https://standards-oui.ieee.org/oui/oui.csv
00181C,renamed,2023-07-11T15:51:12.000Z,Exterity Limited,VITEC,https://standards-oui.ieee.org/oui/oui.csv,https://web.archive.org/web/20230711155112id_/https://standards-oui.ieee.org/oui/oui.csv
0018AD,renamed,2023-07-11T15:51:12.000Z,NIDEC SANKYO CORPORATION,NIDEC INSTRUMENTS CORPORATION,https://standards-oui.ieee.org/oui/oui.csv,https://web.archive.org/web/20230711155112id_/https://standards-oui.ieee.org/oui/oui.csv
001982,renamed,2023-07-11T15:51:12.000Z,SmarDTV,SmarDTV Corporation,https://standards-oui.ieee.org/oui/oui.csv,https://web.archive.org/web/20230711155112id_/https://standards-oui.ieee.org/oui/oui.csv
0019F0,renamed,2023-07-11T15:51:12.000Z,"UNIONMAN TECHNOLOGY CO.,LTD","UNION MAN TECHNOLOGY CO.,LTD",https://standards-oui.ieee.org/oui/oui.csv,https://web.archive.org/web/20230711155112id_/https://standards-oui.ieee.org/oui/oui.csv
001AA6,renamed,2023-07-11T15:51:12.000Z,Telefunken Radio Communication Systems GmbH &CO.KG,Elbit Systems Deutschland GmbH & Co. KG,https://standards-oui.ieee.org/oui/oui.csv,https://web.archive.org/web/20230711155112id_/https://standards-oui.ieee.org/oui/oui.csv
001AEB,renamed,2023-07-11T15:51:12.000Z,Allied Telesis R&D Center K.K.,Allied Telesis K.K.,https://standards-oui.ieee.org/oui/oui.csv,https://web.archive.org/web/20230711155112id_/https://standards-oui.ieee.org/oui/oui.csv
001B1F,renamed,2023-07-11T15:51:12.000Z,"DELTA - Danish Electronics, Light & Acoustics",FORCE Technology,https://standards-oui.ieee.org/oui/oui.csv,https://web.archive.org/web/20230711155112id_/https://standards-oui.ieee.org/oui/oui.csv
001E43,renamed,2023-07-11T15:51:12.000Z,"AISIN AW CO.,LTD.",AISIN CORPORATION,https://standards-oui.ieee.org/oui/oui.csv,https://web.archive.org/web/20230711155112id_/https://standards-oui.ieee.org/oui/oui.csv
0020FC,renamed,2023-07-11T15:51:12.000Z,MATROX,Matrox Central Services Inc,https://standards-oui.ieee.org/oui/oui.csv,https://web.archive.org/web/20230711155112id_/https://standards-oui.ieee.org/oui/oui.csv
0023C7,renamed,2023-07-11T15:51:12.000Z,AVSystem,AVSystem sp. z o. o.,https://standards-oui.ieee.org/oui/oui.csv,https://web.archive.org/web/20230711155112id_/https://standards-oui.ieee.org/oui/oui.csv
0023D5,renamed,2023-07-11T15:51:12.000Z,WAREMA electronic GmbH,WAREMA Renkhoff SE,https://standards-oui.ieee.org/oui/oui.csv,https://web.archive.org/web/20230711155112id_/https://standards-oui.ieee.org/oui/oui.csv
0024BF,renamed,2023-07-11T15:51:12.000Z,CIAT,Carrier Culoz SA,https://standards-oui.ieee.org/oui/oui.csv,https://web.archive.org/web/20230711155112id_/https://standards-oui.ieee.org/oui/oui.csv
002722,renamed,2023-07-11T15:51:12.000Z,Ubiquiti Networks Inc.,Ubiquiti Inc,https://standards-oui.ieee.org/oui/oui.csv,https://web.archive.org/web/20230711155112id_/https://standards-oui.ieee.org/oui/oui.csv
00302B,renamed,2023-07-11T15:51:12.000Z,"INALP NETWORKS, INC.",Inalp Solutions AG,https://standards-oui.ieee.org/oui/oui.csv,https://web.archive.org/web/20230711155112id_/https://standards-oui.ieee.org/oui/oui.csv
003052,renamed,2023-07-11T15:51:12.000Z,ELASTIC NETWORKS,DZS Inc.,https://standards-oui.ieee.org/oui/oui.csv,https://web.archive.org/web/20230711155112id_/https://standards-oui.ieee.org/oui/oui.csv
00409E,recased,2023-07-11T15:51:12.000Z,CONCURRENT TECHNOLOGIES  LTD.,Concurrent Technologies Ltd.,https://standards-oui.ieee.org/oui/oui.csv,https://web.archive.org/web/20230711155112id_/https://standards-oui.ieee.org/oui/oui.csv
0050CA,renamed,2023-07-11T15:51:12.000Z,NET TO NET TECHNOLOGIES,DZS Inc.,https://standards-oui.ieee.org/oui/oui.csv,https://web.archive.org/web/20230711155112id_/https://standards-oui.ieee.org/oui/oui.csv
0080B8,renamed,2023-07-11T15:51:12.000Z,"DMG MORI B.U.G. CO., LTD.","DMG MORI Digital Co., LTD",https://standards-oui.ieee.org/oui/oui.csv,https://web.archive.org/web/20230711155112id_/https://standards-oui.ieee.org/oui/oui.csv
00A01B,renamed,2023-07-11T15:51:12.000Z,"PREMISYS COMMUNICATIONS, INC.",DZS Inc.,https://standards-oui.ieee.org/oui/oui.csv,https://web.archive.org/web/20230711155112id_/https://standards-oui.ieee.org/oui/oui.csv
00A0D5,renamed,2023-07-11T15:51:12.000Z,Sierra Wireless,"Sierra Wireless, ULC",https://standards-oui.ieee.org/oui/oui.csv,https://web.archive.org/web/20230711155112id_/https://standards-oui.ieee.org/oui/oui.csv
00C03A,renamed,2023-07-11T15:51:12.000Z,MEN-MIKRO ELEKTRONIK GMBH,duagon Germany GmbH,https://standards-oui.ieee.org/oui/oui.csv,https://web.archive.org/web/20230711155112id_/https://standards-oui.ieee.org/oui/oui.csv
00CB7A,renamed,2023-07-11T15:51:12.000Z,Technicolor CH USA Inc.,Vantiva USA LLC,https://standards-oui.ieee.org/oui/oui.csv,https://web.archive.org/web/20230711155112id_/https://standards-oui.ieee.org/oui/oui.csv
00D07C,renamed,2023-07-11T15:51:12.000Z,"KOYO ELECTRONICS INC. CO.,LTD.",JTEKT ELECTRONICS CORPORATION,https://standards-oui.ieee.org/oui/oui.csv,https://web.archive.org/web/20230711155112id_/https://standards-oui.ieee.org/oui/oui.csv
00E01C,recased,2023-07-11T15:51:12.000Z,"Cradlepoint, Inc","CradlePoint, Inc",https://standards-oui.ieee.org/oui/oui.csv,https://web.archive.org/web/20230711155112id_/https://standards-oui.ieee.org/oui/oui.csv
00E0DF,renamed,2023-07-11T15:51:12.000Z,DZS GmbH,DZS Inc.,https://standards-oui.ieee.org/oui/oui.csv,https://web.archive.org/web/20230711155112id_/https://standards-oui.ieee.org/oui/oui.csv
0418D6,renamed,2023-07-11T15:51:12.000Z,Ubiquiti Networks Inc.,Ubiquiti Inc,https://standards-oui.ieee.org/oui/oui.csv,https://web.archive.org/web/20230711155112id_/https://standards-oui.ieee.org/oui/oui.csv
043855,renamed,2023-07-11T15:51:12.000Z,SCOPUS INTERNATIONAL-BELGIUM,Scopus International Pvt. Ltd.,https://standards-oui.ieee.org/oui/oui.csv,https://web.archive.org/web/20230711155112id_/https://standards-oui.ieee.org/oui/oui.csv
047F0E,renamed,2023-07-11T15:51:12.000Z,Barrot Technology Limited,"Barrot Technology Co.,LTD",https://standards-oui.ieee.org/oui/oui.csv,https://web.archive.org/web/20230711155112id_/https://standards-oui.ieee.org/oui/oui.csv
049F15,renamed,2023-07-11T15:51:12.000Z,Private,Humane,https://standards-oui.ieee.org/oui/oui.csv,https://web.archive.org/web/20230711155112id_/https://standards-oui.ieee.org/oui/oui.csv
04CE09,recased,2023-07-11T15:51:12.000Z,"Shenzhen Skyworth  Digital  Technology  CO., Ltd","Shenzhen Skyworth Digital  Technology  CO., Ltd",https://standards-oui.ieee.org/oui/oui.csv,https://web.archive.org/web/20230711155112id_/https://standards-oui.ieee.org/oui/oui.csv
04FA3F,recased,2023-07-11T15:51:12.000Z,Opticore Inc.,OptiCore Inc.,https://standards-oui.ieee.org/oui/oui.csv,https://web.archive.org/web/20230711155112id_/https://standards-oui.ieee.org/oui/oui.csv
087E64,renamed,2023-07-11T15:51:12.000Z,Technicolor CH USA Inc.,Vantiva USA LLC,https://standards-oui.ieee.org/oui/oui.csv,https://web.archive.org/web/20230711155112id_/https://standards-oui.ieee.org/oui/oui.csv
08952A,renamed,2023-07-11T15:51:12.000Z,Technicolor CH USA Inc.,Vantiva USA LLC,https://standards-oui.ieee.org/oui/oui.csv,https://web.archive.org/web/20230711155112id_/https://standards-oui.ieee.org/oui/oui.csv
08A7C0,renamed,2023-07-11T15:51:12.000Z,Technicolor CH USA Inc.,Vantiva USA LLC,https://standards-oui.ieee.org/oui/oui.csv,https://web.archive.org/web/20230711155112id_/https://standards-oui.ieee.org/oui/oui.csv
08FF24,recased,2023-07-11T15:51:12.000Z,"Shenzhen Skyworth  Digital  Technology  CO., Ltd","Shenzhen Skyworth Digital  Technology  CO., Ltd",https://standards-oui.ieee.org/oui/oui.csv,https://web.archive.org/web/20230711155112id_/https://standards-oui.ieee.org/oui/oui.csv
0C0227,renamed,2023-07-11T15:51:12.000Z,Technicolor CH USA Inc.,Vantiva USA LLC,https://standards-oui.ieee.org/oui/oui.csv,https://web.archive.org/web/20230711155112id_/https://standards-oui.ieee.org/oui/oui.csv
1033BF,renamed,2023-07-11T15:51:12.000Z,Technicolor CH USA Inc.,Vantiva USA LLC,https://standards-oui.ieee.org/oui/oui.csv,https://web.archive.org/web/20230711155112id_/https://standards-oui.ieee.org/oui/oui.csv
1055E4,recased,2023-07-11T15:51:12.000Z,"Shenzhen Skyworth  Digital  Technology  CO., Ltd","Shenzhen Skyworth Digital  Technology  CO., Ltd",https://standards-oui.ieee.org/oui/oui.csv,https://web.archive.org/web/20230711155112id_/https://standards-oui.ieee.org/oui/oui.csv
1062D0,renamed,2023-07-11T15:51:12.000Z,Technicolor CH USA Inc.,Vantiva USA LLC,https://standards-oui.ieee.org/oui/oui.csv,https://web.archive.org/web/20230711155112id_/https://standards-oui.ieee.org/oui/oui.csv
10C25A,renamed,2023-07-11T15:51:12.000Z,Technicolor CH USA Inc.,Vantiva USA LLC,https://standards-oui.ieee.org/oui/oui.csv,https://web.archive.org/web/20230711155112id_/https://standards-oui.ieee.org/oui/oui.csv
14987D,renamed,2023-07-11T15:51:12.000Z,Technicolor CH USA Inc.,Vantiva USA LLC,https://standards-oui.ieee.org/oui/oui.csv,https://web.archive.org/web/20230711155112id_/https://standards-oui.ieee.org/oui/oui.csv
14B7F8,renamed,2023-07-11T15:51:12.000Z,Technicolor CH USA Inc.,Vantiva USA LLC,https://standards-oui.ieee.org/oui/oui.csv,https://web.archive.org/web/20230711155112id_/https://standards-oui.ieee.org/oui/oui.csv
1834AF,renamed,2023-07-11T15:51:12.000Z,"Kaonmedia CO., LTD.","Kaon Group Co., Ltd.",https://standards-oui.ieee.org/oui/oui.csv,https://web.archive.org/web/20230711155112id_/https://standards-oui.ieee.org/oui/oui.csv
18AA1E,recased,2023-07-11T15:51:12.000Z,"Shenzhen Skyworth  Digital  Technology  CO., Ltd","Shenzhen Skyworth Digital  Technology  CO., Ltd",https://standards-oui.ieee.org/oui/oui.csv,https://web.archive.org/web/20230711155112id_/https://standards-oui.ieee.org/oui/oui.csv
18E829,renamed,2023-07-11T15:51:12.000Z,Ubiquiti Networks Inc.,Ubiquiti Inc,https://standards-oui.ieee.org/oui/oui.csv,https://web.archive.org/web/20230711155112id_/https://standards-oui.ieee.org/oui/oui.csv
1C880C,recased,2023-07-11T15:51:12.000Z,"Shenzhen Skyworth  Digital  Technology  CO., Ltd","Shenzhen Skyworth Digital  Technology  CO., Ltd",https://standards-oui.ieee.org/oui/oui.csv,https://web.archive.org/web/20230711155112id_/https://standards-oui.ieee.org/oui/oui.csv
1C9D72,renamed,2023-07-11T15:51:12.000Z,Technicolor CH USA Inc.,Vantiva USA LLC,https://standards-oui.ieee.org/oui/oui.csv,https://web.archive.org/web/20230711155112id_/https://standards-oui.ieee.org/oui/oui.csv
1C9ECC,renamed,2023-07-11T15:51:12.000Z,Technicolor CH USA Inc.,Vantiva USA LLC,https://standards-oui.ieee.org/oui/oui.csv,https://web.archive.org/web/20230711155112id_/https://standards-oui.ieee.org/oui/oui.csv
1CC316,renamed,2023-07-11T15:51:12.000Z,"MileSight Technology Co., Ltd.","Xiamen Milesight IoT Co., Ltd.",https://standards-oui.ieee.org/oui/oui.csv,https://web.archive.org/web/20230711155112id_/https://standards-oui.ieee.org/oui/oui.csv
205F3D,renamed,2023-07-11T15:51:12.000Z,Cambridge Communication Systems Ltd,Adtran Inc,https://standards-oui.ieee.org/oui/oui.csv,https://web.archive.org/web/20230711155112id_/https://standards-oui.ieee.org/oui/oui.csv
20898A,recased,2023-07-11T15:51:12.000Z,"Shenzhen Skyworth  Digital  Technology  CO., Ltd","Shenzhen Skyworth Digital  Technology  CO., Ltd",https://standards-oui.ieee.org/oui/oui.csv,https://web.archive.org/web/20230711155112id_/https://standards-oui.ieee.org/oui/oui.csv
245A4C,renamed,2023-07-11T15:51:12.000Z,Ubiquiti Networks Inc.,Ubiquiti Inc,https://standards-oui.ieee.org/oui/oui.csv,https://web.archive.org/web/20230711155112id_/https://standards-oui.ieee.org/oui/oui.csv
249AC8,recased,2023-07-11T15:51:12.000Z,"Shenzhen Skyworth  Digital  Technology  CO., Ltd","Shenzhen Skyworth Digital  Technology  CO., Ltd",https://standards-oui.ieee.org/oui/oui.csv,https://web.archive.org/web/20230711155112id_/https://standards-oui.ieee.org/oui/oui.csv
24A42C,renamed,2023-07-11T15:51:12.000Z,KOUKAAM a.s.,NETIO products a.s.,https://standards-oui.ieee.org/oui/oui.csv,https://web.archive.org/web/20230711155112id_/https://standards-oui.ieee.org/oui/oui.csv
24A43C,renamed,2023-07-11T15:51:12.000Z,Ubiquiti Networks Inc.,Ubiquiti Inc,https://standards-oui.ieee.org/oui/oui.csv,https://web.archive.org/web/20230711155112id_/https://standards-oui.ieee.org/oui/oui.csv
24BF74,renamed,2023-07-11T15:51:12.000Z,Private,Hamamatsu Photonics K.K.,https://standards-oui.ieee.org/oui/oui.csv,https://web.archive.org/web/20230711155112id_/https://standards-oui.ieee.org/oui/oui.csv
28A331,renamed,2023-07-11T15:51:12.000Z,Sierra Wireless,"Sierra Wireless, ULC",https://standards-oui.ieee.org/oui/oui.csv,https://web.archive.org/web/20230711155112id_/https://standards-oui.ieee.org/oui/oui.csv
28BE9B,renamed,2023-07-11T15:51:12.000Z,Technicolor CH USA Inc.,Vantiva USA LLC,https://standards-oui.ieee.org/oui/oui.csv,https://web.archive.org/web/20230711155112id_/https://standards-oui.ieee.org/oui/oui.csv
28C01B,recased,2023-07-11T15:51:12.000Z,"Shenzhen Skyworth  Digital  Technology  CO., Ltd","Shenzhen Skyworth Digital  Technology  CO., Ltd",https://standards-oui.ieee.org/oui/oui.csv,https://web.archive.org/web/20230711155112id_/https://standards-oui.ieee.org/oui/oui.csv
28D0CB,renamed,2023-07-11T15:51:12.000Z,Cambridge Communication Systems Ltd,Adtran Inc,https://standards-oui.ieee.org/oui/oui.csv,https://web.archive.org/web/20230711155112id_/https://standards-oui.ieee.org/oui/oui.csv
28E297,recased,2023-07-11T15:51:12.000Z,"Shanghai InfoTM Microelectronics Co.,Ltd.","Shanghai InfoTM Microelectronics Co.,Ltd",https://standards-oui.ieee.org/oui/oui.csv,https://web.archive.org/web/20230711155112id_/https://standards-oui.ieee.org/oui/oui.csv
304449,renamed,2023-07-11T15:51:12.000Z,PLATH GmbH,PLATH Signal Products GmbH & Co. KG,https://standards-oui.ieee.org/oui/oui.csv,https://web.archive.org/web/20230711155112id_/https://standards-oui.ieee.org/oui/oui.csv
304F75,renamed,2023-07-11T15:51:12.000Z,DASAN Network Solutions,DZS Inc.,https://standards-oui.ieee.org/oui/oui.csv,https://web.archive.org/web/20230711155112id_/https://standards-oui.ieee.org/oui/oui.csv
30B216,renamed,2023-07-11T15:51:12.000Z,Hitachi Energy,Hitachi Energy Germany AG,https://standards-oui.ieee.org/oui/oui.csv,https://web.archive.org/web/20230711155112id_/https://standards-oui.ieee.org/oui/oui.csv
30DF17,recased,2023-07-11T15:51:12.000Z,"ALPSALPINE CO .,LTD","ALPSALPINE CO,.LTD",https://standards-oui.ieee.org/oui/oui.csv,https://web.archive.org/web/20230711155112id_/https://standards-oui.ieee.org/oui/oui.csv
348511,recased,2023-07-11T15:51:12.000Z,"Shenzhen Skyworth  Digital  Technology  CO., Ltd","Shenzhen Skyworth Digital  Technology  CO., Ltd",https://standards-oui.ieee.org/oui/oui.csv,https://web.archive.org/web/20230711155112id_/https://standards-oui.ieee.org/oui/oui.csv
34873D,recased,2023-07-11T15:51:12.000Z,"Quectel Wireless Solutions Co., Ltd.","Quectel Wireless Solutions Co.,Ltd.",https://standards-oui.ieee.org/oui/oui.csv,https://web.archive.org/web/20230711155112id_/https://standards-oui.ieee.org/oui/oui.csv
34AA31,recased,2023-07-11T15:51:12.000Z,"Shenzhen Skyworth  Digital  Technology  CO., Ltd","Shenzhen Skyworth Digital  Technology  CO., Ltd",https://standards-oui.ieee.org/oui/oui.csv,https://web.archive.org/web/20230711155112id_/https://standards-oui.ieee.org/oui/oui.csv
3817E1,renamed,2023-07-11T15:51:12.000Z,Technicolor CH USA Inc.,Vantiva USA LLC,https://standards-oui.ieee.org/oui/oui.csv,https://web.archive.org/web/20230711155112id_/https://standards-oui.ieee.org/oui/oui.csv
383FB3,renamed,2023-07-11T15:51:12.000Z,Technicolor CH USA Inc.,Vantiva USA LLC,https://standards-oui.ieee.org/oui/oui.csv,https://web.archive.org/web/20230711155112id_/https://standards-oui.ieee.org/oui/oui.csv
3868A4,recased,2023-07-11T15:51:12.000Z,"Samsung Electronics Co.,LTD","Samsung Electronics Co.,Ltd",https://standards-oui.ieee.org/oui/oui.csv,https://web.archive.org/web/20230711155112id_/https://standards-oui.ieee.org/oui/oui.csv
38A851,renamed,2023-07-11T15:51:12.000Z,"Moog, Ing","Quickset Defense Technologies, LLC",https://standards-oui.ieee.org/oui/oui.csv,https://web.archive.org/web/20230711155112id_/https://standards-oui.ieee.org/oui/oui.csv
3C0CDB,renamed,2023-07-11T15:51:12.000Z,"UNIONMAN TECHNOLOGY CO.,LTD","UNION MAN TECHNOLOGY CO.,LTD",https://standards-oui.ieee.org/oui/oui.csv,https://web.archive.org/web/20230711155112id_/https://standards-oui.ieee.org/oui/oui.csv
3C82C0,renamed,2023-07-11T15:51:12.000Z,Technicolor CH USA Inc.,Vantiva USA LLC,https://standards-oui.ieee.org/oui/oui.csv,https://web.archive.org/web/20230711155112id_/https://standards-oui.ieee.org/oui/oui.csv
3C9A77,renamed,2023-07-11T15:51:12.000Z,Technicolor CH USA Inc.,Vantiva USA LLC,https://standards-oui.ieee.org/oui/oui.csv,https://web.archive.org/web/20230711155112id_/https://standards-oui.ieee.org/oui/oui.csv
3CB74B,renamed,2023-07-11T15:51:12.000Z,Technicolor CH USA Inc.,Vantiva USA LLC,https://standards-oui.ieee.org/oui/oui.csv,https://web.archive.org/web/20230711155112id_/https://standards-oui.ieee.org/oui/oui.csv
40679B,recased,2023-07-11T15:51:12.000Z,"Shenzhen Skyworth  Digital  Technology  CO., Ltd","Shenzhen Skyworth Digital  Technology  CO., Ltd",https://standards-oui.ieee.org/oui/oui.csv,https://web.archive.org/web/20230711155112id_/https://standards-oui.ieee.org/oui/oui.csv
4075C3,renamed,2023-07-11T15:51:12.000Z,Technicolor CH USA Inc.,Vantiva USA LLC,https://standards-oui.ieee.org/oui/oui.csv,https://web.archive.org/web/20230711155112id_/https://standards-oui.ieee.org/oui/oui.csv
40F21C,renamed,2023-07-11T15:51:12.000Z,DASAN Zhone Solutions,DZS Inc.,https://standards-oui.ieee.org/oui/oui.csv,https://web.archive.org/web/20230711155112id_/https://standards-oui.ieee.org/oui/oui.csv
40F4FD,renamed,2023-07-11T15:51:12.000Z,"UNIONMAN TECHNOLOGY CO.,LTD","UNION MAN TECHNOLOGY CO.,LTD",https://standards-oui.ieee.org/oui/oui.csv,https://web.archive.org/web/20230711155112id_/https://standards-oui.ieee.org/oui/oui.csv
441C12,renamed,2023-07-11T15:51:12.000Z,Technicolor CH USA Inc.,Vantiva USA LLC,https://standards-oui.ieee.org/oui/oui.csv,https://web.archive.org/web/20230711155112id_/https://standards-oui.ieee.org/oui/oui.csv
4432C8,renamed,2023-07-11T15:51:12.000Z,Technicolor CH USA Inc.,Vantiva USA LLC,https://standards-oui.ieee.org/oui/oui.csv,https://web.archive.org/web/20230711155112id_/https://standards-oui.ieee.org/oui/oui.csv
44D9E7,renamed,2023-07-11T15:51:12.000Z,Ubiquiti Networks Inc.,Ubiquiti Inc,https://standards-oui.ieee.org/oui/oui.csv,https://web.archive.org/web/20230711155112id_/https://standards-oui.ieee.org/oui/oui.csv
44EB2E,recased,2023-07-11T15:51:12.000Z,"ALPSALPINE CO .,LTD","ALPSALPINE CO,.LTD",https://standards-oui.ieee.org/oui/oui.csv,https://web.archive.org/web/20230711155112id_/https://standards-oui.ieee.org/oui/oui.csv
44F034,renamed,2023-07-11T15:51:12.000Z,"Kaonmedia CO., LTD.","Kaon Group Co., Ltd.",https://standards-oui.ieee.org/oui/oui.csv,https://web.archive.org/web/20230711155112id_/https://standards-oui.ieee.org/oui/oui.csv
480033,renamed,2023-07-11T15:51:12.000Z,Technicolor CH USA Inc.,Vantiva USA LLC,https://standards-oui.ieee.org/oui/oui.csv,https://web.archive.org/web/20230711155112id_/https://standards-oui.ieee.org/oui/oui.csv
481B40,renamed,2023-07-11T15:51:12.000Z,Technicolor CH USA Inc.,Vantiva USA LLC,https://standards-oui.ieee.org/oui/oui.csv,https://web.archive.org/web/20230711155112id_/https://standards-oui.ieee.org/oui/oui.csv
4829E4,renamed,2023-07-11T15:51:12.000Z,"ZAO ""NPK Rotek""",AO,https://standards-oui.ieee.org/oui/oui.csv,https://web.archive.org/web/20230711155112id_/https://standards-oui.ieee.org/oui/oui.csv
484BD4,renamed,2023-07-11T15:51:12.000Z,Technicolor CH USA Inc.,Vantiva USA LLC,https://standards-oui.ieee.org/oui/oui.csv,https://web.archive.org/web/20230711155112id_/https://standards-oui.ieee.org/oui/oui.csv
48555E,recased,2023-07-11T15:51:12.000Z,"Shenzhen Skyworth  Digital  Technology  CO., Ltd","Shenzhen Skyworth Digital  Technology  CO., Ltd",https://standards-oui.ieee.org/oui/oui.csv,https://web.archive.org/web/20230711155112id_/https://standards-oui.ieee.org/oui/oui.csv
48CAC6,renamed,2023-07-11T15:51:12.000Z,"UNIONMAN TECHNOLOGY CO.,LTD","UNION MAN TECHNOLOGY CO.,LTD",https://standards-oui.ieee.org/oui/oui.csv,https://web.archive.org/web/20230711155112id_/https://standards-oui.ieee.org/oui/oui.csv
48F7C0,renamed,2023-07-11T15:51:12.000Z,Technicolor CH USA Inc.,Vantiva USA LLC,https://standards-oui.ieee.org/oui/oui.csv,https://web.archive.org/web/20230711155112id_/https://standards-oui.ieee.org/oui/oui.csv
500959,renamed,2023-07-11T15:51:12.000Z,Technicolor CH USA Inc.,Vantiva USA LLC,https://standards-oui.ieee.org/oui/oui.csv,https://web.archive.org/web/20230711155112id_/https://standards-oui.ieee.org/oui/oui.csv
505A65,renamed,2023-07-11T15:51:12.000Z,"AzureWave Technologies, Inc.",AzureWave Technology Inc.,https://standards-oui.ieee.org/oui/oui.csv,https://web.archive.org/web/20230711155112id_/https://standards-oui.ieee.org/oui/oui.csv
50804A,recased,2023-07-11T15:51:12.000Z,"Quectel Wireless Solutions Co., Ltd.","Quectel Wireless Solutions Co.,Ltd.",https://standards-oui.ieee.org/oui/oui.csv,https://web.archive.org/web/20230711155112id_/https://standards-oui.ieee.org/oui/oui.csv
546503,recased,2023-07-11T15:51:12.000Z,"Quectel Wireless Solutions Co., Ltd.","Quectel Wireless Solutions Co.,Ltd.",https://standards-oui.ieee.org/oui/oui.csv,https://web.archive.org/web/20230711155112id_/https://standards-oui.ieee.org/oui/oui.csv
54725E,renamed,2023-07-11T15:51:12.000Z,"UNIONMAN TECHNOLOGY CO.,LTD","UNION MAN TECHNOLOGY CO.,LTD",https://standards-oui.ieee.org/oui/oui.csv,https://web.archive.org/web/20230711155112id_/https://standards-oui.ieee.org/oui/oui.csv
54A65C,renamed,2023-07-11T15:51:12.000Z,Technicolor CH USA Inc.,Vantiva USA LLC,https://standards-oui.ieee.org/oui/oui.csv,https://web.archive.org/web/20230711155112id_/https://standards-oui.ieee.org/oui/oui.csv
58238C,renamed,2023-07-11T15:51:12.000Z,Technicolor CH USA Inc.,Vantiva USA LLC,https://standards-oui.ieee.org/oui/oui.csv,https://web.archive.org/web/20230711155112id_/https://standards-oui.ieee.org/oui/oui.csv
589630,renamed,2023-07-11T15:51:12.000Z,Technicolor CH USA Inc.,Vantiva USA LLC,https://standards-oui.ieee.org/oui/oui.csv,https://web.archive.org/web/20230711155112id_/https://standards-oui.ieee.org/oui/oui.csv
58C935,renamed,2023-07-11T15:51:12.000Z,"Chiun Mai Communication Systems, Inc","Chiun Mai Communication System, Inc",https://standards-oui.ieee.org/oui/oui.csv,https://web.archive.org/web/20230711155112id_/https://standards-oui.ieee.org/oui/oui.csv
58D391,recased,2023-07-11T15:51:12.000Z,"Quectel Wireless Solutions Co., Ltd.","Quectel Wireless Solutions Co.,Ltd.",https://standards-oui.ieee.org/oui/oui.csv,https://web.archive.org/web/20230711155112id_/https://standards-oui.ieee.org/oui/oui.csv
5C7695,renamed,2023-07-11T15:51:12.000Z,Technicolor CH USA Inc.,Vantiva USA LLC,https://standards-oui.ieee.org/oui/oui.csv,https://web.archive.org/web/20230711155112id_/https://standards-oui.ieee.org/oui/oui.csv
5C7D7D,renamed,2023-07-11T15:51:12.000Z,Technicolor CH USA Inc.,Vantiva USA LLC,https://standards-oui.ieee.org/oui/oui.csv,https://web.archive.org/web/20230711155112id_/https://standards-oui.ieee.org/oui/oui.csv
602232,renamed,2023-07-11T15:51:12.000Z,Ubiquiti Networks Inc.,Ubiquiti Inc,https://standards-oui.ieee.org/oui/oui.csv,https://web.archive.org/web/20230711155112id_/https://standards-oui.ieee.org/oui/oui.csv
603D26,renamed,2023-07-11T15:51:12.000Z,Technicolor CH USA Inc.,Vantiva USA LLC,https://standards-oui.ieee.org/oui/oui.csv,https://web.archive.org/web/20230711155112id_/https://standards-oui.ieee.org/oui/oui.csv
605699,renamed,2023-07-11T15:51:12.000Z,Private,MAGNETI MARELLI   S.E. S.p.A.,https://standards-oui.ieee.org/oui/oui.csv,https://web.archive.org/web/20230711155112id_/https://standards-oui.ieee.org/oui/oui.csv
6405E4,recased,2023-07-11T15:51:12.000Z,"ALPSALPINE CO .,LTD","ALPSALPINE CO,.LTD",https://standards-oui.ieee.org/oui/oui.csv,https://web.archive.org/web/20230711155112id_/https://standards-oui.ieee.org/oui/oui.csv
641236,renamed,2023-07-11T15:51:12.000Z,Technicolor CH USA Inc.,Vantiva USA LLC,https://standards-oui.ieee.org/oui/oui.csv,https://web.archive.org/web/20230711155112id_/https://standards-oui.ieee.org/oui/oui.csv
649A08,recased,2023-07-11T15:51:12.000Z,"Shenzhen SuperElectron Technology Co.,LTD","Shenzhen SuperElectron Technology Co.,Ltd.",https://standards-oui.ieee.org/oui/oui.csv,https://web.archive.org/web/20230711155112id_/https://standards-oui.ieee.org/oui/oui.csv
64B379,renamed,2023-07-11T15:51:12.000Z,Private,"Jiangsu Viscore Technologies Co.,Ltd",https://standards-oui.ieee.org/oui/oui.csv,https://web.archive.org/web/20230711155112id_/https://standards-oui.ieee.org/oui/oui.csv
64CE6E,renamed,2023-07-11T15:51:12.000Z,Sierra Wireless,"Sierra Wireless, ULC",https://standards-oui.ieee.org/oui/oui.csv,https://web.archive.org/web/20230711155112id_/https://standards-oui.ieee.org/oui/oui.csv
64E0AB,renamed,2023-07-11T15:51:12.000Z,"UNIONMAN TECHNOLOGY CO.,LTD","UNION MAN TECHNOLOGY CO.,LTD",https://standards-oui.ieee.org/oui/oui.csv,https://web.archive.org/web/20230711155112id_/https://standards-oui.ieee.org/oui/oui.csv
681AA4,recased,2023-07-11T15:51:12.000Z,"Shenzhen Skyworth  Digital  Technology  CO., Ltd","Shenzhen Skyworth Digital  Technology  CO., Ltd",https://standards-oui.ieee.org/oui/oui.csv,https://web.archive.org/web/20230711155112id_/https://standards-oui.ieee.org/oui/oui.csv
687251,renamed,2023-07-11T15:51:12.000Z,Ubiquiti Networks Inc.,Ubiquiti Inc,https://standards-oui.ieee.org/oui/oui.csv,https://web.archive.org/web/20230711155112id_/https://standards-oui.ieee.org/oui/oui.csv
68D79A,renamed,2023-07-11T15:51:12.000Z,Ubiquiti Networks Inc.,Ubiquiti Inc,https://standards-oui.ieee.org/oui/oui.csv,https://web.archive.org/web/20230711155112id_/https://standards-oui.ieee.org/oui/oui.csv
6C2408,recased,2023-07-11T15:51:12.000Z,"LCFC(Hefei) Electronics Technology Co., Ltd","LCFC(HeFei) Electronics Technology co., ltd",https://standards-oui.ieee.org/oui/oui.csv,https://web.archive.org/web/20230711155112id_/https://standards-oui.ieee.org/oui/oui.csv
6C55E8,renamed,2023-07-11T15:51:12.000Z,Technicolor CH USA Inc.,Vantiva USA LLC,https://standards-oui.ieee.org/oui/oui.csv,https://web.archive.org/web/20230711155112id_/https://standards-oui.ieee.org/oui/oui.csv
6CC242,recased,2023-07-11T15:51:12.000Z,"Shenzhen Skyworth  Digital  Technology  CO., Ltd","Shenzhen Skyworth Digital  Technology  CO., Ltd",https://standards-oui.ieee.org/oui/oui.csv,https://web.archive.org/web/20230711155112id_/https://standards-oui.ieee.org/oui/oui.csv
70037E,renamed,2023-07-11T15:51:12.000Z,Technicolor CH USA Inc.,Vantiva USA LLC,https://standards-oui.ieee.org/oui/oui.csv,https://web.archive.org/web/20230711155112id_/https://standards-oui.ieee.org/oui/oui.csv
705A9E,renamed,2023-07-11T15:51:12.000Z,Technicolor CH USA Inc.,Vantiva USA LLC,https://standards-oui.ieee.org/oui/oui.csv,https://web.archive.org/web/20230711155112id_/https://standards-oui.ieee.org/oui/oui.csv
70A741,renamed,2023-07-11T15:51:12.000Z,Ubiquiti Networks Inc.,Ubiquiti Inc,https://standards-oui.ieee.org/oui/oui.csv,https://web.archive.org/web/20230711155112id_/https://standards-oui.ieee.org/oui/oui.csv
743AEF,renamed,2023-07-11T15:51:12.000Z,"Kaonmedia CO., LTD.","Kaon Group Co., Ltd.",https://standards-oui.ieee.org/oui/oui.csv,https://web.archive.org/web/20230711155112id_/https://standards-oui.ieee.org/oui/oui.csv
74604C,renamed,2023-07-11T15:51:12.000Z,RØDE,RODE,https://standards-oui.ieee.org/oui/oui.csv,https://web.archive.org/web/20230711155112id_/https://standards-oui.ieee.org/oui/oui.csv
7483C2,renamed,2023-07-11T15:51:12.000Z,Ubiquiti Networks Inc.,Ubiquiti Inc,https://standards-oui.ieee.org/oui/oui.csv,https://web.archive.org/web/20230711155112id_/https://standards-oui.ieee.org/oui/oui.csv
74ACB9,renamed,2023-07-11T15:51:12.000Z,Ubiquiti Networks Inc.,Ubiquiti Inc,https://standards-oui.ieee.org/oui/oui.csv,https://web.archive.org/web/20230711155112id_/https://standards-oui.ieee.org/oui/oui.csv
74D713,recased,2023-07-11T15:51:12.000Z,"Huaqin Technology Co.,Ltd",Huaqin Technology Co. LTD,https://standards-oui.ieee.org/oui/oui.csv,https://web.archive.org/web/20230711155112id_/https://standards-oui.ieee.org/oui/oui.csv
74D7CA,renamed,2023-07-11T15:51:12.000Z,Panasonic Corporation Automotive,"Panasonic Automotive Systems Co.,Ltd",https://standards-oui.ieee.org/oui/oui.csv,https://web.archive.org/web/20230711155112id_/https://standards-oui.ieee.org/oui/oui.csv
784558,renamed,2023-07-11T15:51:12.000Z,Ubiquiti Networks Inc.,Ubiquiti Inc,https://standards-oui.ieee.org/oui/oui.csv,https://web.archive.org/web/20230711155112id_/https://standards-oui.ieee.org/oui/oui.csv
78530D,recased,2023-07-11T15:51:12.000Z,"Shenzhen Skyworth  Digital  Technology  CO., Ltd","Shenzhen Skyworth Digital  Technology  CO., Ltd",https://standards-oui.ieee.org/oui/oui.csv,https://web.archive.org/web/20230711155112id_/https://standards-oui.ieee.org/oui/oui.csv
785F36,recased,2023-07-11T15:51:12.000Z,"Shenzhen Skyworth  Digital  Technology  CO., Ltd","Shenzhen Skyworth Digital  Technology  CO., Ltd",https://standards-oui.ieee.org/oui/oui.csv,https://web.archive.org/web/20230711155112id_/https://standards-oui.ieee.org/oui/oui.csv
788A20,renamed,2023-07-11T15:51:12.000Z,Ubiquiti Networks Inc.,Ubiquiti Inc,https://standards-oui.ieee.org/oui/oui.csv,https://web.archive.org/web/20230711155112id_/https://standards-oui.ieee.org/oui/oui.csv
7C9A54,renamed,2023-07-11T15:51:12.000Z,Technicolor CH USA Inc.,Vantiva USA LLC,https://standards-oui.ieee.org/oui/oui.csv,https://web.archive.org/web/20230711155112id_/https://standards-oui.ieee.org/oui/oui.csv
802994,renamed,2023-07-11T15:51:12.000Z,Technicolor CH USA Inc.,Vantiva USA LLC,https://standards-oui.ieee.org/oui/oui.csv,https://web.archive.org/web/20230711155112id_/https://standards-oui.ieee.org/oui/oui.csv
802AA8,renamed,2023-07-11T15:51:12.000Z,Ubiquiti Networks Inc.,Ubiquiti Inc,https://standards-oui.ieee.org/oui/oui.csv,https://web.archive.org/web/20230711155112id_/https://standards-oui.ieee.org/oui/oui.csv
808C97,renamed,2023-07-11T15:51:12.000Z,"Kaonmedia CO., LTD.","Kaon Group Co., Ltd.",https://standards-oui.ieee.org/oui/oui.csv,https://web.archive.org/web/20230711155112id_/https://standards-oui.ieee.org/oui/oui.csv
80B234,renamed,2023-07-11T15:51:12.000Z,Technicolor CH USA Inc.,Vantiva USA LLC,https://standards-oui.ieee.org/oui/oui.csv,https://web.archive.org/web/20230711155112id_/https://standards-oui.ieee.org/oui/oui.csv
80C6AB,renamed,2023-07-11T15:51:12.000Z,Technicolor CH USA Inc.,Vantiva USA LLC,https://standards-oui.ieee.org/oui/oui.csv,https://web.archive.org/web/20230711155112id_/https://standards-oui.ieee.org/oui/oui.csv
80D04A,renamed,2023-07-11T15:51:12.000Z,Technicolor CH USA Inc.,Vantiva USA LLC,https://standards-oui.ieee.org/oui/oui.csv,https://web.archive.org/web/20230711155112id_/https://standards-oui.ieee.org/oui/oui.csv
80DAC2,renamed,2023-07-11T15:51:12.000Z,Technicolor CH USA Inc.,Vantiva USA LLC,https://standards-oui.ieee.org/oui/oui.csv,https://web.archive.org/web/20230711155112id_/https://standards-oui.ieee.org/oui/oui.csv
80EE25,recased,2023-07-11T15:51:12.000Z,"Shenzhen Skyworth  Digital  Technology  CO., Ltd","Shenzhen Skyworth Digital  Technology  CO., Ltd",https://standards-oui.ieee.org/oui/oui.csv,https://web.archive.org/web/20230711155112id_/https://standards-oui.ieee.org/oui/oui.csv
80F3EF,renamed,2023-07-11T15:51:12.000Z,"Facebook Technologies, LLC","Meta Platforms Technologies, LLC",https://standards-oui.ieee.org/oui/oui.csv,https://web.archive.org/web/20230711155112id_/https://standards-oui.ieee.org/oui/oui.csv
80FBF0,recased,2023-07-11T15:51:12.000Z,"Quectel Wireless Solutions Co., Ltd.","Quectel Wireless Solutions Co.,Ltd.",https://standards-oui.ieee.org/oui/oui.csv,https://web.archive.org/web/20230711155112id_/https://standards-oui.ieee.org/oui/oui.csv
840112,renamed,2023-07-11T15:51:12.000Z,"Kaonmedia CO., LTD.","Kaon Group Co., Ltd.",https://standards-oui.ieee.org/oui/oui.csv,https://web.archive.org/web/20230711155112id_/https://standards-oui.ieee.org/oui/oui.csv
8417EF,renamed,2023-07-11T15:51:12.000Z,Technicolor CH USA Inc.,Vantiva USA LLC,https://standards-oui.ieee.org/oui/oui.csv,https://web.archive.org/web/20230711155112id_/https://standards-oui.ieee.org/oui/oui.csv
84DB2F,renamed,2023-07-11T15:51:12.000Z,Sierra Wireless,"Sierra Wireless, ULC",https://standards-oui.ieee.org/oui/oui.csv,https://web.archive.org/web/20230711155112id_/https://standards-oui.ieee.org/oui/oui.csv
889E68,renamed,2023-07-11T15:51:12.000Z,Technicolor CH USA Inc.,Vantiva USA LLC,https://standards-oui.ieee.org/oui/oui.csv,https://web.archive.org/web/20230711155112id_/https://standards-oui.ieee.org/oui/oui.csv
88A4C2,recased,2023-07-11T15:51:12.000Z,"LCFC(Hefei) Electronics Technology Co., Ltd","LCFC(HeFei) Electronics Technology co., ltd",https://standards-oui.ieee.org/oui/oui.csv,https://web.archive.org/web/20230711155112id_/https://standards-oui.ieee.org/oui/oui.csv
88F7C7,renamed,2023-07-11T15:51:12.000Z,Technicolor CH USA Inc.,Vantiva USA LLC,https://standards-oui.ieee.org/oui/oui.csv,https://web.archive.org/web/20230711155112id_/https://standards-oui.ieee.org/oui/oui.csv
8C04FF,renamed,2023-07-11T15:51:12.000Z,Technicolor CH USA Inc.,Vantiva USA LLC,https://standards-oui.ieee.org/oui/oui.csv,https://web.archive.org/web/20230711155112id_/https://standards-oui.ieee.org/oui/oui.csv
8C6A8D,renamed,2023-07-11T15:51:12.000Z,Technicolor CH USA Inc.,Vantiva USA LLC,https://standards-oui.ieee.org/oui/oui.csv,https://web.archive.org/web/20230711155112id_/https://standards-oui.ieee.org/oui/oui.csv
8CBA25,renamed,2023-07-11T15:51:12.000Z,"UNIONMAN TECHNOLOGY CO.,LTD","UNION MAN TECHNOLOGY CO.,LTD",https://standards-oui.ieee.org/oui/oui.csv,https://web.archive.org/web/20230711155112id_/https://standards-oui.ieee.org/oui/oui.csv
905851,renamed,2023-07-11T15:51:12.000Z,Technicolor CH USA Inc.,Vantiva USA LLC,https://standards-oui.ieee.org/oui/oui.csv,https://web.archive.org/web/20230711155112id_/https://standards-oui.ieee.org/oui/oui.csv
90B67A,recased,2023-07-11T15:51:12.000Z,"Shenzhen Skyworth  Digital  Technology  CO., Ltd","Shenzhen Skyworth Digital  Technology  CO., Ltd",https://standards-oui.ieee.org/oui/oui.csv,https://web.archive.org/web/20230711155112id_/https://standards-oui.ieee.org/oui/oui.csv
90BDE6,recased,2023-07-11T15:51:12.000Z,"Quectel Wireless Solutions Co., Ltd.","Quectel Wireless Solutions Co.,Ltd.",https://standards-oui.ieee.org/oui/oui.csv,https://web.archive.org/web/20230711155112id_/https://standards-oui.ieee.org/oui/oui.csv
90F891,renamed,2023-07-11T15:51:12.000Z,"Kaonmedia CO., LTD.","Kaon Group Co., Ltd.",https://standards-oui.ieee.org/oui/oui.csv,https://web.archive.org/web/20230711155112id_/https://standards-oui.ieee.org/oui/oui.csv
9409C9,recased,2023-07-11T15:51:12.000Z,"ALPSALPINE CO .,LTD","ALPSALPINE CO,.LTD",https://standards-oui.ieee.org/oui/oui.csv,https://web.archive.org/web/20230711155112id_/https://standards-oui.ieee.org/oui/oui.csv
942A6F,renamed,2023-07-11T15:51:12.000Z,Ubiquiti Networks Inc.,Ubiquiti Inc,https://standards-oui.ieee.org/oui/oui.csv,https://web.archive.org/web/20230711155112id_/https://standards-oui.ieee.org/oui/oui.csv
943BB1,renamed,2023-07-11T15:51:12.000Z,"Kaonmedia CO., LTD.","Kaon Group Co., Ltd.",https://standards-oui.ieee.org/oui/oui.csv,https://web.archive.org/web/20230711155112id_/https://standards-oui.ieee.org/oui/oui.csv
946A77,renamed,2023-07-11T15:51:12.000Z,Technicolor CH USA Inc.,Vantiva USA LLC,https://standards-oui.ieee.org/oui/oui.csv,https://web.archive.org/web/20230711155112id_/https://standards-oui.ieee.org/oui/oui.csv
947FD8,recased,2023-07-11T15:51:12.000Z,"Shenzhen Skyworth  Digital  Technology  CO., Ltd","Shenzhen Skyworth Digital  Technology  CO., Ltd",https://standards-oui.ieee.org/oui/oui.csv,https://web.archive.org/web/20230711155112id_/https://standards-oui.ieee.org/oui/oui.csv
98524A,renamed,2023-07-11T15:51:12.000Z,Technicolor CH USA Inc.,Vantiva USA LLC,https://standards-oui.ieee.org/oui/oui.csv,https://web.archive.org/web/20230711155112id_/https://standards-oui.ieee.org/oui/oui.csv
9877E7,renamed,2023-07-11T15:51:12.000Z,"Kaonmedia CO., LTD.","Kaon Group Co., Ltd.",https://standards-oui.ieee.org/oui/oui.csv,https://web.archive.org/web/20230711155112id_/https://standards-oui.ieee.org/oui/oui.csv
989D5D,renamed,2023-07-11T15:51:12.000Z,Technicolor CH USA Inc.,Vantiva USA LLC,https://standards-oui.ieee.org/oui/oui.csv,https://web.archive.org/web/20230711155112id_/https://standards-oui.ieee.org/oui/oui.csv
98C854,renamed,2023-07-11T15:51:12.000Z,"Chiun MaiCommunication System, Inc","Chiun Mai Communication System, Inc",https://standards-oui.ieee.org/oui/oui.csv,https://web.archive.org/web/20230711155112id_/https://standards-oui.ieee.org/oui/oui.csv
9C2DCD,recased,2023-07-11T15:51:12.000Z,"LCFC(Hefei) Electronics Technology Co., Ltd","LCFC(HeFei) Electronics Technology co., ltd",https://standards-oui.ieee.org/oui/oui.csv,https://web.archive.org/web/20230711155112id_/https://standards-oui.ieee.org/oui/oui.csv
9C65EE,renamed,2023-07-11T15:51:12.000Z,DASAN Network Solutions,DZS Inc.,https://standards-oui.ieee.org/oui/oui.csv,https://web.archive.org/web/20230711155112id_/https://standards-oui.ieee.org/oui/oui.csv
9CB206,renamed,2023-07-11T15:51:12.000Z,PROCENTEC,HMS Industrial Networks,https://standards-oui.ieee.org/oui/oui.csv,https://web.archive.org/web/20230711155112id_/https://standards-oui.ieee.org/oui/oui.csv
A01C87,renamed,2023-07-11T15:51:12.000Z,"UNIONMAN TECHNOLOGY CO.,LTD","UNION MAN TECHNOLOGY CO.,LTD",https://standards-oui.ieee.org/oui/oui.csv,https://web.archive.org/web/20230711155112id_/https://standards-oui.ieee.org/oui/oui.csv
A04C0C,recased,2023-07-11T15:51:12.000Z,"Shenzhen Skyworth  Digital  Technology  CO., Ltd","Shenzhen Skyworth Digital  Technology  CO., Ltd",https://standards-oui.ieee.org/oui/oui.csv,https://web.archive.org/web/20230711155112id_/https://standards-oui.ieee.org/oui/oui.csv
A0FF70,renamed,2023-07-11T15:51:12.000Z,Technicolor CH USA Inc.,Vantiva USA LLC,https://standards-oui.ieee.org/oui/oui.csv,https://web.archive.org/web/20230711155112id_/https://standards-oui.ieee.org/oui/oui.csv
A456CC,renamed,2023-07-11T15:51:12.000Z,Technicolor CH USA Inc.,Vantiva USA LLC,https://standards-oui.ieee.org/oui/oui.csv,https://web.archive.org/web/20230711155112id_/https://standards-oui.ieee.org/oui/oui.csv
A486AE,recased,2023-07-11T15:51:12.000Z,"Quectel Wireless Solutions Co., Ltd.","Quectel Wireless Solutions Co.,Ltd.",https://standards-oui.ieee.org/oui/oui.csv,https://web.archive.org/web/20230711155112id_/https://standards-oui.ieee.org/oui/oui.csv
A8BD3A,renamed,2023-07-11T15:51:12.000Z,"UNIONMAN TECHNOLOGY CO.,LTD","UNION MAN TECHNOLOGY CO.,LTD",https://standards-oui.ieee.org/oui/oui.csv,https://web.archive.org/web/20230711155112id_/https://standards-oui.ieee.org/oui/oui.csv
A8E539,renamed,2023-07-11T15:51:12.000Z,"Moimstone Co.,Ltd","Nurivoice Co., Ltd",https://standards-oui.ieee.org/oui/oui.csv,https://web.archive.org/web/20230711155112id_/https://standards-oui.ieee.org/oui/oui.csv
AC1E92,recased,2023-07-11T15:51:12.000Z,"Samsung Electronics Co.,LTD","Samsung Electronics Co.,Ltd",https://standards-oui.ieee.org/oui/oui.csv,https://web.archive.org/web/20230711155112id_/https://standards-oui.ieee.org/oui/oui.csv
AC4CA5,renamed,2023-07-11T15:51:12.000Z,Technicolor CH USA Inc.,Vantiva USA LLC,https://standards-oui.ieee.org/oui/oui.csv,https://web.archive.org/web/20230711155112id_/https://standards-oui.ieee.org/oui/oui.csv
AC51EE,renamed,2023-07-11T15:51:12.000Z,Cambridge Communication Systems Ltd,Adtran Inc,https://standards-oui.ieee.org/oui/oui.csv,https://web.archive.org/web/20230711155112id_/https://standards-oui.ieee.org/oui/oui.csv
AC8BA9,renamed,2023-07-11T15:51:12.000Z,Ubiquiti Networks Inc.,Ubiquiti Inc,https://standards-oui.ieee.org/oui/oui.csv,https://web.archive.org/web/20230711155112id_/https://standards-oui.ieee.org/oui/oui.csv
B01886,renamed,2023-07-11T15:51:12.000Z,SmarDTV,SmarDTV Corporation,https://standards-oui.ieee.org/oui/oui.csv,https://web.archive.org/web/20230711155112id_/https://standards-oui.ieee.org/oui/oui.csv
B03893,renamed,2023-07-11T15:51:12.000Z,Onda TLC GmbH,Onda TLC Italia S.r.l.,https://standards-oui.ieee.org/oui/oui.csv,https://web.archive.org/web/20230711155112id_/https://standards-oui.ieee.org/oui/oui.csv
B0C287,renamed,2023-07-11T15:51:12.000Z,Technicolor CH USA Inc.,Vantiva USA LLC,https://standards-oui.ieee.org/oui/oui.csv,https://web.archive.org/web/20230711155112id_/https://standards-oui.ieee.org/oui/oui.csv
B0D888,renamed,2023-07-11T15:51:12.000Z,Panasonic Corporation Automotive,"Panasonic Automotive Systems Co.,Ltd",https://standards-oui.ieee.org/oui/oui.csv,https://web.archive.org/web/20230711155112id_/https://standards-oui.ieee.org/oui/oui.csv
B417A8,renamed,2023-07-11T15:51:12.000Z,"Facebook Technologies, LLC","Meta Platforms Technologies, LLC",https://standards-oui.ieee.org/oui/oui.csv,https://web.archive.org/web/20230711155112id_/https://standards-oui.ieee.org/oui/oui.csv
B42A0E,renamed,2023-07-11T15:51:12.000Z,Technicolor CH USA Inc.,Vantiva USA LLC,https://standards-oui.ieee.org/oui/oui.csv,https://web.archive.org/web/20230711155112id_/https://standards-oui.ieee.org/oui/oui.csv
B4E265,recased,2023-07-11T15:51:12.000Z,"Shenzhen SDMC Technology Co.,LTD","Shenzhen SDMC Technology CO.,Ltd.",https://standards-oui.ieee.org/oui/oui.csv,https://web.archive.org/web/20230711155112id_/https://standards-oui.ieee.org/oui/oui.csv
B4FBE4,renamed,2023-07-11T15:51:12.000Z,Ubiquiti Networks Inc.,Ubiquiti Inc,https://standards-oui.ieee.org/oui/oui.csv,https://web.archive.org/web/20230711155112id_/https://standards-oui.ieee.org/oui/oui.csv
B85E71,renamed,2023-07-11T15:51:12.000Z,Technicolor CH USA Inc.,Vantiva USA LLC,https://standards-oui.ieee.org/oui/oui.csv,https://web.archive.org/web/20230711155112id_/https://standards-oui.ieee.org/oui/oui.csv
BC9B68,renamed,2023-07-11T15:51:12.000Z,Technicolor CH USA Inc.,Vantiva USA LLC,https://standards-oui.ieee.org/oui/oui.csv,https://web.archive.org/web/20230711155112id_/https://standards-oui.ieee.org/oui/oui.csv
C08F20,recased,2023-07-11T15:51:12.000Z,"Shenzhen Skyworth  Digital  Technology  CO., Ltd","Shenzhen Skyworth Digital  Technology  CO., Ltd",https://standards-oui.ieee.org/oui/oui.csv,https://web.archive.org/web/20230711155112id_/https://standards-oui.ieee.org/oui/oui.csv
C0DD8A,renamed,2023-07-11T15:51:12.000Z,"Facebook Technologies, LLC","Meta Platforms Technologies, LLC",https://standards-oui.ieee.org/oui/oui.csv,https://web.archive.org/web/20230711155112id_/https://standards-oui.ieee.org/oui/oui.csv
C0E911,renamed,2023-07-11T15:51:12.000Z,Private,RealNetworks,https://standards-oui.ieee.org/oui/oui.csv,https://web.archive.org/web/20230711155112id_/https://standards-oui.ieee.org/oui/oui.csv
C42795,renamed,2023-07-11T15:51:12.000Z,Technicolor CH USA Inc.,Vantiva USA LLC,https://standards-oui.ieee.org/oui/oui.csv,https://web.archive.org/web/20230711155112id_/https://standards-oui.ieee.org/oui/oui.csv
C44137,recased,2023-07-11T15:51:12.000Z,"Quectel Wireless Solutions Co., Ltd.","Quectel Wireless Solutions Co.,Ltd.",https://standards-oui.ieee.org/oui/oui.csv,https://web.archive.org/web/20230711155112id_/https://standards-oui.ieee.org/oui/oui.csv
C8138B,recased,2023-07-11T15:51:12.000Z,"Shenzhen Skyworth  Digital  Technology  CO., Ltd","Shenzhen Skyworth Digital  Technology  CO., Ltd",https://standards-oui.ieee.org/oui/oui.csv,https://web.archive.org/web/20230711155112id_/https://standards-oui.ieee.org/oui/oui.csv
CC03FA,renamed,2023-07-11T15:51:12.000Z,Technicolor CH USA Inc.,Vantiva USA LLC,https://standards-oui.ieee.org/oui/oui.csv,https://web.archive.org/web/20230711155112id_/https://standards-oui.ieee.org/oui/oui.csv
CC3540,renamed,2023-07-11T15:51:12.000Z,Technicolor CH USA Inc.,Vantiva USA LLC,https://standards-oui.ieee.org/oui/oui.csv,https://web.archive.org/web/20230711155112id_/https://standards-oui.ieee.org/oui/oui.csv
CC934A,renamed,2023-07-11T15:51:12.000Z,Sierra Wireless,"Sierra Wireless, ULC",https://standards-oui.ieee.org/oui/oui.csv,https://web.archive.org/web/20230711155112id_/https://standards-oui.ieee.org/oui/oui.csv
CC9F7A,renamed,2023-07-11T15:51:12.000Z,"Chiun Mai Communication Systems, Inc","Chiun Mai Communication System, Inc",https://standards-oui.ieee.org/oui/oui.csv,https://web.archive.org/web/20230711155112id_/https://standards-oui.ieee.org/oui/oui.csv
CCA174,renamed,2023-07-11T15:51:12.000Z,"Facebook Technologies, LLC","Meta Platforms Technologies, LLC",https://standards-oui.ieee.org/oui/oui.csv,https://web.archive.org/web/20230711155112id_/https://standards-oui.ieee.org/oui/oui.csv
D021F9,renamed,2023-07-11T15:51:12.000Z,Ubiquiti Networks Inc.,Ubiquiti Inc,https://standards-oui.ieee.org/oui/oui.csv,https://web.archive.org/web/20230711155112id_/https://standards-oui.ieee.org/oui/oui.csv
D05A00,renamed,2023-07-11T15:51:12.000Z,Technicolor CH USA Inc.,Vantiva USA LLC,https://standards-oui.ieee.org/oui/oui.csv,https://web.archive.org/web/20230711155112id_/https://standards-oui.ieee.org/oui/oui.csv
D08A91,renamed,2023-07-11T15:51:12.000Z,Technicolor CH USA Inc.,Vantiva USA LLC,https://standards-oui.ieee.org/oui/oui.csv,https://web.archive.org/web/20230711155112id_/https://standards-oui.ieee.org/oui/oui.csv
D096FB,renamed,2023-07-11T15:51:12.000Z,DASAN Network Solutions,DZS Inc.,https://standards-oui.ieee.org/oui/oui.csv,https://web.archive.org/web/20230711155112id_/https://standards-oui.ieee.org/oui/oui.csv
D0B2C4,renamed,2023-07-11T15:51:12.000Z,Technicolor CH USA Inc.,Vantiva USA LLC,https://standards-oui.ieee.org/oui/oui.csv,https://web.archive.org/web/20230711155112id_/https://standards-oui.ieee.org/oui/oui.csv
D0D003,recased,2023-07-11T15:51:12.000Z,"Samsung Electronics Co.,LTD","Samsung Electronics Co.,Ltd",https://standards-oui.ieee.org/oui/oui.csv,https://web.archive.org/web/20230711155112id_/https://standards-oui.ieee.org/oui/oui.csv
D0F27F,renamed,2023-07-11T15:51:12.000Z,"SteadyServ Technoligies, LLC","BrewLogix, LLC",https://standards-oui.ieee.org/oui/oui.csv,https://web.archive.org/web/20230711155112id_/https://standards-oui.ieee.org/oui/oui.csv
D422CD,renamed,2023-07-11T15:51:12.000Z,Xsens Technologies B.V.,Movella Technologies B.V.,https://standards-oui.ieee.org/oui/oui.csv,https://web.archive.org/web/20230711155112id_/https://standards-oui.ieee.org/oui/oui.csv
D4B92F,renamed,2023-07-11T15:51:12.000Z,Technicolor CH USA Inc.,Vantiva USA LLC,https://standards-oui.ieee.org/oui/oui.csv,https://web.archive.org/web/20230711155112id_/https://standards-oui.ieee.org/oui/oui.csv
D4E2CB,renamed,2023-07-11T15:51:12.000Z,Technicolor CH USA Inc.,Vantiva USA LLC,https://standards-oui.ieee.org/oui/oui.csv,https://web.archive.org/web/20230711155112id_/https://standards-oui.ieee.org/oui/oui.csv
D8AF81,renamed,2023-07-11T15:51:12.000Z,"ZAO ""NPK Rotek""",AO,https://standards-oui.ieee.org/oui/oui.csv,https://web.archive.org/web/20230711155112id_/https://standards-oui.ieee.org/oui/oui.csv
DC9FDB,renamed,2023-07-11T15:51:12.000Z,Ubiquiti Networks Inc.,Ubiquiti Inc,https://standards-oui.ieee.org/oui/oui.csv,https://web.archive.org/web/20230711155112id_/https://standards-oui.ieee.org/oui/oui.csv
DCE305,renamed,2023-07-11T15:51:12.000Z,"ZAO ""NPK Rotek""",AO,https://standards-oui.ieee.org/oui/oui.csv,https://web.archive.org/web/20230711155112id_/https://standards-oui.ieee.org/oui/oui.csv
DCEB69,renamed,2023-07-11T15:51:12.000Z,Technicolor CH USA Inc.,Vantiva USA LLC,https://standards-oui.ieee.org/oui/oui.csv,https://web.archive.org/web/20230711155112id_/https://standards-oui.ieee.org/oui/oui.csv
E028B1,recased,2023-07-11T15:51:12.000Z,"Shenzhen Skyworth  Digital  Technology  CO., Ltd","Shenzhen Skyworth Digital  Technology  CO., Ltd",https://standards-oui.ieee.org/oui/oui.csv,https://web.archive.org/web/20230711155112id_/https://standards-oui.ieee.org/oui/oui.csv
E03717,renamed,2023-07-11T15:51:12.000Z,Technicolor CH USA Inc.,Vantiva USA LLC,https://standards-oui.ieee.org/oui/oui.csv,https://web.archive.org/web/20230711155112id_/https://standards-oui.ieee.org/oui/oui.csv
E063DA,renamed,2023-07-11T15:51:12.000Z,Ubiquiti Networks Inc.,Ubiquiti Inc,https://standards-oui.ieee.org/oui/oui.csv,https://web.archive.org/web/20230711155112id_/https://standards-oui.ieee.org/oui/oui.csv
E0885D,renamed,2023-07-11T15:51:12.000Z,Technicolor CH USA Inc.,Vantiva USA LLC,https://standards-oui.ieee.org/oui/oui.csv,https://web.archive.org/web/20230711155112id_/https://standards-oui.ieee.org/oui/oui.csv
E0DBD1,renamed,2023-07-11T15:51:12.000Z,Technicolor CH USA Inc.,Vantiva USA LLC,https://standards-oui.ieee.org/oui/oui.csv,https://web.archive.org/web/20230711155112id_/https://standards-oui.ieee.org/oui/oui.csv
E0DCA0,recased,2023-07-11T15:51:12.000Z,Siemens Industrial Automation Products Ltd Chengdu,"Siemens Industrial Automation Products Ltd., Chengdu",https://standards-oui.ieee.org/oui/oui.csv,https://web.archive.org/web/20230711155112id_/https://standards-oui.ieee.org/oui/oui.csv
E41289,renamed,2023-07-11T15:51:12.000Z,topsystem Systemhaus GmbH,topsystem GmbH,https://standards-oui.ieee.org/oui/oui.csv,https://web.archive.org/web/20230711155112id_/https://standards-oui.ieee.org/oui/oui.csv
E43883,renamed,2023-07-11T15:51:12.000Z,Ubiquiti Networks Inc.,Ubiquiti Inc,https://standards-oui.ieee.org/oui/oui.csv,https://web.archive.org/web/20230711155112id_/https://standards-oui.ieee.org/oui/oui.csv
E4BFFA,renamed,2023-07-11T15:51:12.000Z,Technicolor CH USA Inc.,Vantiva USA LLC,https://standards-oui.ieee.org/oui/oui.csv,https://web.archive.org/web/20230711155112id_/https://standards-oui.ieee.org/oui/oui.csv
EC2C49,renamed,2023-07-11T15:51:12.000Z,University of Tokyo,"NakaoLab, The University of Tokyo",https://standards-oui.ieee.org/oui/oui.csv,https://web.archive.org/web/20230711155112id_/https://standards-oui.ieee.org/oui/oui.csv
EC937D,renamed,2023-07-11T15:51:12.000Z,Technicolor CH USA Inc.,Vantiva USA LLC,https://standards-oui.ieee.org/oui/oui.csv,https://web.archive.org/web/20230711155112id_/https://standards-oui.ieee.org/oui/oui.csv
ECA81F,renamed,2023-07-11T15:51:12.000Z,Technicolor CH USA Inc.,Vantiva USA LLC,https://standards-oui.ieee.org/oui/oui.csv,https://web.archive.org/web/20230711155112id_/https://standards-oui.ieee.org/oui/oui.csv
F09FC2,renamed,2023-07-11T15:51:12.000Z,Ubiquiti Networks Inc.,Ubiquiti Inc,https://standards-oui.ieee.org/oui/oui.csv,https://web.archive.org/web/20230711155112id_/https://standards-oui.ieee.org/oui/oui.csv
F492BF,renamed,2023-07-11T15:51:12.000Z,Ubiquiti Networks Inc.,Ubiquiti Inc,https://standards-oui.ieee.org/oui/oui.csv,https://web.archive.org/web/20230711155112id_/https://standards-oui.ieee.org/oui/oui.csv
F4C114,renamed,2023-07-11T15:51:12.000Z,Technicolor CH USA Inc.,Vantiva USA LLC,https://standards-oui.ieee.org/oui/oui.csv,https://web.archive.org/web/20230711155112id_/https://standards-oui.ieee.org/oui/oui.csv
F4D9C6,renamed,2023-07-11T15:51:12.000Z,"UNIONMAN TECHNOLOGY CO.,LTD","UNION MAN TECHNOLOGY CO.,LTD",https://standards-oui.ieee.org/oui/oui.csv,https://web.archive.org/web/20230711155112id_/https://standards-oui.ieee.org/oui/oui.csv
F4E2C6,renamed,2023-07-11T15:51:12.000Z,Ubiquiti Networks Inc.,Ubiquiti Inc,https://standards-oui.ieee.org/oui/oui.csv,https://web.archive.org/web/20230711155112id_/https://standards-oui.ieee.org/oui/oui.csv
F814FE,renamed,2023-07-11T15:51:12.000Z,"UNIONMAN TECHNOLOGY CO.,LTD","UNION MAN TECHNOLOGY CO.,LTD",https://standards-oui.ieee.org/oui/oui.csv,https://web.archive.org/web/20230711155112id_/https://standards-oui.ieee.org/oui/oui.csv
F83B1D,renamed,2023-07-11T15:51:12.000Z,Technicolor CH USA Inc.,Vantiva USA LLC,https://standards-oui.ieee.org/oui/oui.csv,https://web.archive.org/web/20230711155112id_/https://standards-oui.ieee.org/oui/oui.csv
F85E42,renamed,2023-07-11T15:51:12.000Z,Technicolor CH USA Inc.,Vantiva USA LLC,https://standards-oui.ieee.org/oui/oui.csv,https://web.archive.org/web/20230711155112id_/https://standards-oui.ieee.org/oui/oui.csv
F8B8B4,recased,2023-07-11T15:51:12.000Z,"Shenzhen Skyworth  Digital  Technology  CO., Ltd","Shenzhen Skyworth Digital  Technology  CO., Ltd",https://standards-oui.ieee.org/oui/oui.csv,https://web.archive.org/web/20230711155112id_/https://standards-oui.ieee.org/oui/oui.csv
FC35E6,renamed,2023-07-11T15:51:12.000Z,Visteon corp,Visteon Corporation,https://standards-oui.ieee.org/oui/oui.csv,https://web.archive.org/web/20230711155112id_/https://standards-oui.ieee.org/oui/oui.csv
FC528D,renamed,2023-07-11T15:51:12.000Z,Technicolor CH USA Inc.,Vantiva USA LLC,https://standards-oui.ieee.org/oui/oui.csv,https://web.archive.org/web/20230711155112id_/https://standards-oui.ieee.org/oui/oui.csv
FC9114,renamed,2023-07-11T15:51:12.000Z,Technicolor CH USA Inc.,Vantiva USA LLC,https://standards-oui.ieee.org/oui/oui.csv,https://web.archive.org/web/20230711155112id_/https://standards-oui.ieee.org/oui/oui.csv
FC94E3,renamed,2023-07-11T15:51:12.000Z,Technicolor CH USA Inc.,Vantiva USA LLC,https://standards-oui.ieee.org/oui/oui.csv,https://web.archive.org/web/20230711155112id_/https://standards-oui.ieee.org/oui/oui.csv
FCD5D9,recased,2023-07-11T15:51:12.000Z,"Shenzhen SDMC Technology Co., Ltd.","Shenzhen SDMC Technology CO.,Ltd.",https://standards-oui.ieee.org/oui/oui.csv,https://web.archive.org/web/20230711155112id_/https://standards-oui.ieee.org/oui/oui.csv
FCECDA,renamed,2023-07-11T15:51:12.000Z,Ubiquiti Networks Inc.,Ubiquiti Inc,https://standards-oui.ieee.org/oui/oui.csv,https://web.archive.org/web/20230711155112id_/https://standards-oui.ieee.org/oui/oui.csv
000130,renamed,2024-02-15T03:22:47.000Z,"Extreme Networks, Inc.",Extreme Networks Headquarters,https://standards-oui.ieee.org/oui/oui.csv,https://web.archive.org/web/20240215032247id_/https://standards-oui.ieee.org/oui/oui.csv
00019C,renamed,2024-02-15T03:22:47.000Z,JDS Uniphase Inc.,Lumentum,https://standards-oui.ieee.org/oui/oui.csv,https://web.archive.org/web/20240215032247id_/https://standards-oui.ieee.org/oui/oui.csv
000324,renamed,2024-02-15T03:22:47.000Z,"SANYO Techno Solutions Tottori Co., Ltd.","LIMNO Co., Ltd.",https://standards-oui.ieee.org/oui/oui.csv,https://web.archive.org/web/20240215032247id_/https://standards-oui.ieee.org/oui/oui.csv
000496,renamed,2024-02-15T03:22:47.000Z,"Extreme Networks, Inc.",Extreme Networks Headquarters,https://standards-oui.ieee.org/oui/oui.csv,https://web.archive.org/web/20240215032247id_/https://standards-oui.ieee.org/oui/oui.csv
0004A5,renamed,2024-02-15T03:22:47.000Z,Barco Projection Systems NV,Barco NV,https://standards-oui.ieee.org/oui/oui.csv,https://web.archive.org/web/20240215032247id_/https://standards-oui.ieee.org/oui/oui.csv
000633,renamed,2024-02-15T03:22:47.000Z,Cross Match Technologies GmbH,Crossmatch Technologies/HID Global,https://standards-oui.ieee.org/oui/oui.csv,https://web.archive.org/web/20240215032247id_/https://standards-oui.ieee.org/oui/oui.csv
000C8D,renamed,2024-02-15T03:22:47.000Z,MATRIX VISION GmbH,Balluff MV GmbH,https://standards-oui.ieee.org/oui/oui.csv,https://web.archive.org/web/20240215032247id_/https://standards-oui.ieee.org/oui/oui.csv
000CEF,renamed,2024-02-15T03:22:47.000Z,Open Networks Engineering Ltd,ONE Investment Group Limited,https://standards-oui.ieee.org/oui/oui.csv,https://web.archive.org/web/20240215032247id_/https://standards-oui.ieee.org/oui/oui.csv
000D2C,renamed,2024-02-15T03:22:47.000Z,Net2Edge Limited,Lantronix,https://standards-oui.ieee.org/oui/oui.csv,https://web.archive.org/web/20240215032247id_/https://standards-oui.ieee.org/oui/oui.csv
000D97,renamed,2024-02-15T03:22:47.000Z,ABB Inc./Tropos,Hitachi Energy USA Inc.,https://standards-oui.ieee.org/oui/oui.csv,https://web.archive.org/web/20240215032247id_/https://standards-oui.ieee.org/oui/oui.csv
000E2A,renamed,2024-02-15T03:22:47.000Z,Private,dormakaba USA Inc.,https://standards-oui.ieee.org/oui/oui.csv,https://web.archive.org/web/20240215032247id_/https://standards-oui.ieee.org/oui/oui.csv
000E5E,renamed,2024-02-15T03:22:47.000Z,Raisecom Technology,"Raisecom Technology CO., LTD",https://standards-oui.ieee.org/oui/oui.csv,https://web.archive.org/web/20240215032247id_/https://standards-oui.ieee.org/oui/oui.csv
000F2C,renamed,2024-02-15T03:22:47.000Z,"Uplogix, Inc.",Lantronix,https://standards-oui.ieee.org/oui/oui.csv,https://web.archive.org/web/20240215032247id_/https://standards-oui.ieee.org/oui/oui.csv
000FEA,recased,2024-02-15T03:22:47.000Z,"Giga-Byte Technology Co.,LTD.","GIGA-BYTE TECHNOLOGY CO.,LTD.",https://standards-oui.ieee.org/oui/oui.csv,https://web.archive.org/web/20240215032247id_/https://standards-oui.ieee.org/oui/oui.csv
00109C,renamed,2024-02-15T03:22:47.000Z,"M-SYSTEM CO., LTD.","MG Co., Ltd.",https://standards-oui.ieee.org/oui/oui.csv,https://web.archive.org/web/20240215032247id_/https://standards-oui.ieee.org/oui/oui.csv
001977,renamed,2024-02-15T03:22:47.000Z,"Extreme Networks, Inc.",Extreme Networks Headquarters,https://standards-oui.ieee.org/oui/oui.csv,https://web.archive.org/web/20240215032247id_/https://standards-oui.ieee.org/oui/oui.csv
001B09,renamed,2024-02-15T03:22:47.000Z,Matrix Telecom Pvt. Ltd.,MATRIX COMSEC PRIVATE LIMITED,https://standards-oui.ieee.org/oui/oui.csv,https://web.archive.org/web/20240215032247id_/https://standards-oui.ieee.org/oui/oui.csv
001CA1,recased,2024-02-15T03:22:47.000Z,"AKAMAI TECHNOLOGIES, INC.",Akamai Technologies Inc.,https://standards-oui.ieee.org/oui/oui.csv,https://web.archive.org/web/20240215032247id_/https://standards-oui.ieee.org/oui/oui.csv
001F9C,renamed,2024-02-15T03:22:47.000Z,LEDCO,Havis Inc.,https://standards-oui.ieee.org/oui/oui.csv,https://web.archive.org/web/20240215032247id_/https://standards-oui.ieee.org/oui/oui.csv
002218,recased,2024-02-15T03:22:47.000Z,AKAMAI TECHNOLOGIES INC,Akamai Technologies Inc.,https://standards-oui.ieee.org/oui/oui.csv,https://web.archive.org/web/20240215032247id_/https://standards-oui.ieee.org/oui/oui.csv
0025FC,renamed,2024-02-15T03:22:47.000Z,ENDA ENDUSTRIYEL ELEKTRONIK LTD. STI.,ENDA,https://standards-oui.ieee.org/oui/oui.csv,https://web.archive.org/web/20240215032247id_/https://standards-oui.ieee.org/oui/oui.csv
00308E,renamed,2024-02-15T03:22:47.000Z,"CROSS MATCH TECHNOLOGIES, INC.",Crossmatch Technologies/HID Global,https://standards-oui.ieee.org/oui/oui.csv,https://web.archive.org/web/20240215032247id_/https://standards-oui.ieee.org/oui/oui.csv
00408C,recased,2024-02-15T03:22:47.000Z,AXIS COMMUNICATIONS AB,Axis Communications AB,https://standards-oui.ieee.org/oui/oui.csv,https://web.archive.org/web/20240215032247id_/https://standards-oui.ieee.org/oui/oui.csv
0050CB,renamed,2024-02-15T03:22:47.000Z,JETTER,Bucher Automation AG,https://standards-oui.ieee.org/oui/oui.csv,https://web.archive.org/web/20240215032247id_/https://standards-oui.ieee.org/oui/oui.csv
006005,renamed,2024-02-15T03:22:47.000Z,FEEDBACK DATA LTD.,Touchstar ATC Limited,https://standards-oui.ieee.org/oui/oui.csv,https://web.archive.org/web/20240215032247id_/https://standards-oui.ieee.org/oui/oui.csv
007263,renamed,2024-02-15T03:22:47.000Z,Netcore Technology Inc.,"Netis Technology Co., Ltd.",https://standards-oui.ieee.org/oui/oui.csv,https://web.archive.org/web/20240215032247id_/https://standards-oui.ieee.org/oui/oui.csv
008066,renamed,2024-02-15T03:22:47.000Z,"ARCOM CONTROL SYSTEMS, LTD.",Eurotech S.p.A.,https://standards-oui.ieee.org/oui/oui.csv,https://web.archive.org/web/20240215032247id_/https://standards-oui.ieee.org/oui/oui.csv
00C0F2,renamed,2024-02-15T03:22:47.000Z,TRANSITION NETWORKS,Lantronix,https://standards-oui.ieee.org/oui/oui.csv,https://web.archive.org/web/20240215032247id_/https://standards-oui.ieee.org/oui/oui.csv
00DCB2,renamed,2024-02-15T03:22:47.000Z,"Extreme Networks, Inc.",Extreme Networks Headquarters,https://standards-oui.ieee.org/oui/oui.csv,https://web.archive.org/web/20240215032247id_/https://standards-oui.ieee.org/oui/oui.csv
00E02B,renamed,2024-02-15T03:22:47.000Z,"Extreme Networks, Inc.",Extreme Networks Headquarters,https://standards-oui.ieee.org/oui/oui.csv,https://web.archive.org/web/20240215032247id_/https://standards-oui.ieee.org/oui/oui.csv
00E60E,renamed,2024-02-15T03:22:47.000Z,"Extreme Networks, Inc.",Extreme Networks Headquarters,https://standards-oui.ieee.org/oui/oui.csv,https://web.archive.org/web/20240215032247id_/https://standards-oui.ieee.org/oui/oui.csv
045EA4,renamed,2024-02-15T03:22:47.000Z,"SHENZHEN NETIS TECHNOLOGY CO.,LTD","Netis Technology Co., Ltd.",https://standards-oui.ieee.org/oui/oui.csv,https://web.archive.org/web/20240215032247id_/https://standards-oui.ieee.org/oui/oui.csv
048D38,renamed,2024-02-15T03:22:47.000Z,Netcore Technology Inc.,"Netis Technology Co., Ltd.",https://standards-oui.ieee.org/oui/oui.csv,https://web.archive.org/web/20240215032247id_/https://standards-oui.ieee.org/oui/oui.csv
08EA44,renamed,2024-02-15T03:22:47.000Z,"Extreme Networks, Inc.",Extreme Networks Headquarters,https://standards-oui.ieee.org/oui/oui.csv,https://web.archive.org/web/20240215032247id_/https://standards-oui.ieee.org/oui/oui.csv
0CA138,renamed,2024-02-15T03:22:47.000Z,Blinq Wireless Inc.,BLiNQ Networks Inc.,https://standards-oui.ieee.org/oui/oui.csv,https://web.archive.org/web/20240215032247id_/https://standards-oui.ieee.org/oui/oui.csv
18188B,renamed,2024-02-15T03:22:47.000Z,FCNT LMITED,FCNT LLC,https://standards-oui.ieee.org/oui/oui.csv,https://web.archive.org/web/20240215032247id_/https://standards-oui.ieee.org/oui/oui.csv
1889DF,renamed,2024-02-15T03:22:47.000Z,CerebrEX Inc.,OMNIVISION,https://standards-oui.ieee.org/oui/oui.csv,https://web.archive.org/web/20240215032247id_/https://standards-oui.ieee.org/oui/oui.csv
206C8A,renamed,2024-02-15T03:22:47.000Z,"Extreme Networks, Inc.",Extreme Networks Headquarters,https://standards-oui.ieee.org/oui/oui.csv,https://web.archive.org/web/20240215032247id_/https://standards-oui.ieee.org/oui/oui.csv
209EF7,renamed,2024-02-15T03:22:47.000Z,"Extreme Networks, Inc.",Extreme Networks Headquarters,https://standards-oui.ieee.org/oui/oui.csv,https://web.archive.org/web/20240215032247id_/https://standards-oui.ieee.org/oui/oui.csv
241FBD,renamed,2024-02-15T03:22:47.000Z,"Extreme Networks, Inc.",Extreme Networks Headquarters,https://standards-oui.ieee.org/oui/oui.csv,https://web.archive.org/web/20240215032247id_/https://standards-oui.ieee.org/oui/oui.csv
284430,renamed,2024-02-15T03:22:47.000Z,GenesisTechnical Systems (UK) Ltd,Arcade Communications Ltd.,https://standards-oui.ieee.org/oui/oui.csv,https://web.archive.org/web/20240215032247id_/https://standards-oui.ieee.org/oui/oui.csv
348584,renamed,2024-02-15T03:22:47.000Z,"Extreme Networks, Inc.",Extreme Networks Headquarters,https://standards-oui.ieee.org/oui/oui.csv,https://web.archive.org/web/20240215032247id_/https://standards-oui.ieee.org/oui/oui.csv
3C0B4F,renamed,2024-02-15T03:22:47.000Z,Yandex Services AG,Intertech Services AG,https://standards-oui.ieee.org/oui/oui.csv,https://web.archive.org/web/20240215032247id_/https://standards-oui.ieee.org/oui/oui.csv
4018B1,renamed,2024-02-15T03:22:47.000Z,"Extreme Networks, Inc.",Extreme Networks Headquarters,https://standards-oui.ieee.org/oui/oui.csv,https://web.archive.org/web/20240215032247id_/https://standards-oui.ieee.org/oui/oui.csv
40882F,renamed,2024-02-15T03:22:47.000Z,"Extreme Networks, Inc.",Extreme Networks Headquarters,https://standards-oui.ieee.org/oui/oui.csv,https://web.archive.org/web/20240215032247id_/https://standards-oui.ieee.org/oui/oui.csv
40E317,renamed,2024-02-15T03:22:47.000Z,"Extreme Networks, Inc.",Extreme Networks Headquarters,https://standards-oui.ieee.org/oui/oui.csv,https://web.archive.org/web/20240215032247id_/https://standards-oui.ieee.org/oui/oui.csv
489BD5,renamed,2024-02-15T03:22:47.000Z,"Extreme Networks, Inc.",Extreme Networks Headquarters,https://standards-oui.ieee.org/oui/oui.csv,https://web.archive.org/web/20240215032247id_/https://standards-oui.ieee.org/oui/oui.csv
4C231A,renamed,2024-02-15T03:22:47.000Z,"Extreme Networks, Inc.",Extreme Networks Headquarters,https://standards-oui.ieee.org/oui/oui.csv,https://web.archive.org/web/20240215032247id_/https://standards-oui.ieee.org/oui/oui.csv
4CB911,recased,2024-02-15T03:22:47.000Z,"Raisecom Technology CO.,LTD","Raisecom Technology CO., LTD",https://standards-oui.ieee.org/oui/oui.csv,https://web.archive.org/web/20240215032247id_/https://standards-oui.ieee.org/oui/oui.csv
50206B,renamed,2024-02-15T03:22:47.000Z,Emerson Climate Technologies Transportation Solutions,Copeland - Transportation Solutions ApS,https://standards-oui.ieee.org/oui/oui.csv,https://web.archive.org/web/20240215032247id_/https://standards-oui.ieee.org/oui/oui.csv
5858CD,renamed,2024-02-15T03:22:47.000Z,"Extreme Networks, Inc.",Extreme Networks Headquarters,https://standards-oui.ieee.org/oui/oui.csv,https://web.archive.org/web/20240215032247id_/https://standards-oui.ieee.org/oui/oui.csv
5859C2,renamed,2024-02-15T03:22:47.000Z,"Extreme Networks, Inc.",Extreme Networks Headquarters,https://standards-oui.ieee.org/oui/oui.csv,https://web.archive.org/web/20240215032247id_/https://standards-oui.ieee.org/oui/oui.csv
5C0E8B,renamed,2024-02-15T03:22:47.000Z,"Extreme Networks, Inc.",Extreme Networks Headquarters,https://standards-oui.ieee.org/oui/oui.csv,https://web.archive.org/web/20240215032247id_/https://standards-oui.ieee.org/oui/oui.csv
606134,renamed,2024-02-15T03:22:47.000Z,Genesis Technical Systems Corp,Arcade Communications Ltd.,https://standards-oui.ieee.org/oui/oui.csv,https://web.archive.org/web/20240215032247id_/https://standards-oui.ieee.org/oui/oui.csv
64EEB7,renamed,2024-02-15T03:22:47.000Z,Netcore Technology Inc,"Netis Technology Co., Ltd.",https://standards-oui.ieee.org/oui/oui.csv,https://web.archive.org/web/20240215032247id_/https://standards-oui.ieee.org/oui/oui.csv
6C0370,renamed,2024-02-15T03:22:47.000Z,"Extreme Networks, Inc.",Extreme Networks Headquarters,https://standards-oui.ieee.org/oui/oui.csv,https://web.archive.org/web/20240215032247id_/https://standards-oui.ieee.org/oui/oui.csv
7467F7,renamed,2024-02-15T03:22:47.000Z,"Extreme Networks, Inc.",Extreme Networks Headquarters,https://standards-oui.ieee.org/oui/oui.csv,https://web.archive.org/web/20240215032247id_/https://standards-oui.ieee.org/oui/oui.csv
787D53,renamed,2024-02-15T03:22:47.000Z,"Extreme Networks, Inc.",Extreme Networks Headquarters,https://standards-oui.ieee.org/oui/oui.csv,https://web.archive.org/web/20240215032247id_/https://standards-oui.ieee.org/oui/oui.csv
7891E9,recased,2024-02-15T03:22:47.000Z,"Raisecom Technology CO.,LTD","Raisecom Technology CO., LTD",https://standards-oui.ieee.org/oui/oui.csv,https://web.archive.org/web/20240215032247id_/https://standards-oui.ieee.org/oui/oui.csv
7896A3,renamed,2024-02-15T03:22:47.000Z,"Extreme Networks, Inc.",Extreme Networks Headquarters,https://standards-oui.ieee.org/oui/oui.csv,https://web.archive.org/web/20240215032247id_/https://standards-oui.ieee.org/oui/oui.csv
7C8AC0,withdrawn,2024-02-15T03:22:47.000Z,EVBox BV,,https://standards-oui.ieee.org/oui/oui.csv,https://web.archive.org/web/20240215032247id_/https://standards-oui.ieee.org/oui/oui.csv
7C95B1,renamed,2024-02-15T03:22:47.000Z,"Extreme Networks, Inc.",Extreme Networks Headquarters,https://standards-oui.ieee.org/oui/oui.csv,https://web.archive.org/web/20240215032247id_/https://standards-oui.ieee.org/oui/oui.csv
809562,renamed,2024-02-15T03:22:47.000Z,"Extreme Networks, Inc.",Extreme Networks Headquarters,https://standards-oui.ieee.org/oui/oui.csv,https://web.archive.org/web/20240215032247id_/https://standards-oui.ieee.org/oui/oui.csv
885BDD,renamed,2024-02-15T03:22:47.000Z,"Extreme Networks, Inc.",Extreme Networks Headquarters,https://standards-oui.ieee.org/oui/oui.csv,https://web.archive.org/web/20240215032247id_/https://standards-oui.ieee.org/oui/oui.csv
887E25,renamed,2024-02-15T03:22:47.000Z,"Extreme Networks, Inc.",Extreme Networks Headquarters,https://standards-oui.ieee.org/oui/oui.csv,https://web.archive.org/web/20240215032247id_/https://standards-oui.ieee.org/oui/oui.csv
8C497A,renamed,2024-02-15T03:22:47.000Z,"Extreme Networks, Inc.",Extreme Networks Headquarters,https://standards-oui.ieee.org/oui/oui.csv,https://web.archive.org/web/20240215032247id_/https://standards-oui.ieee.org/oui/oui.csv
90B832,renamed,2024-02-15T03:22:47.000Z,"Extreme Networks, Inc.",Extreme Networks Headquarters,https://standards-oui.ieee.org/oui/oui.csv,https://web.archive.org/web/20240215032247id_/https://standards-oui.ieee.org/oui/oui.csv
949B2C,renamed,2024-02-15T03:22:47.000Z,"Extreme Networks, Inc.",Extreme Networks Headquarters,https://standards-oui.ieee.org/oui/oui.csv,https://web.archive.org/web/20240215032247id_/https://standards-oui.ieee.org/oui/oui.csv
98348C,renamed,2024-02-15T03:22:47.000Z,Teleepoch Ltd,Great Talent Technology Limited,https://standards-oui.ieee.org/oui/oui.csv,https://web.archive.org/web/20240215032247id_/https://standards-oui.ieee.org/oui/oui.csv
9C5D12,renamed,2024-02-15T03:22:47.000Z,"Extreme Networks, Inc.",Extreme Networks Headquarters,https://standards-oui.ieee.org/oui/oui.csv,https://web.archive.org/web/20240215032247id_/https://standards-oui.ieee.org/oui/oui.csv
A4C7F6,renamed,2024-02-15T03:22:47.000Z,"Extreme Networks, Inc.",Extreme Networks Headquarters,https://standards-oui.ieee.org/oui/oui.csv,https://web.archive.org/web/20240215032247id_/https://standards-oui.ieee.org/oui/oui.csv
A4EA8E,renamed,2024-02-15T03:22:47.000Z,"Extreme Networks, Inc.",Extreme Networks Headquarters,https://standards-oui.ieee.org/oui/oui.csv,https://web.archive.org/web/20240215032247id_/https://standards-oui.ieee.org/oui/oui.csv
A8C647,renamed,2024-02-15T03:22:47.000Z,"Extreme Networks, Inc.",Extreme Networks Headquarters,https://standards-oui.ieee.org/oui/oui.csv,https://web.archive.org/web/20240215032247id_/https://standards-oui.ieee.org/oui/oui.csv
AC4DD9,renamed,2024-02-15T03:22:47.000Z,"Extreme Networks, Inc.",Extreme Networks Headquarters,https://standards-oui.ieee.org/oui/oui.csv,https://web.archive.org/web/20240215032247id_/https://standards-oui.ieee.org/oui/oui.csv
ACED32,renamed,2024-02-15T03:22:47.000Z,"Extreme Networks, Inc.",Extreme Networks Headquarters,https://standards-oui.ieee.org/oui/oui.csv,https://web.archive.org/web/20240215032247id_/https://standards-oui.ieee.org/oui/oui.csv
B027CF,renamed,2024-02-15T03:22:47.000Z,"Extreme Networks, Inc.",Extreme Networks Headquarters,https://standards-oui.ieee.org/oui/oui.csv,https://web.archive.org/web/20240215032247id_/https://standards-oui.ieee.org/oui/oui.csv
B42D56,renamed,2024-02-15T03:22:47.000Z,"Extreme Networks, Inc.",Extreme Networks Headquarters,https://standards-oui.ieee.org/oui/oui.csv,https://web.archive.org/web/20240215032247id_/https://standards-oui.ieee.org/oui/oui.csv
B4C799,renamed,2024-02-15T03:22:47.000Z,"Extreme Networks, Inc.",Extreme Networks Headquarters,https://standards-oui.ieee.org/oui/oui.csv,https://web.archive.org/web/20240215032247id_/https://standards-oui.ieee.org/oui/oui.csv
B85001,renamed,2024-02-15T03:22:47.000Z,"Extreme Networks, Inc.",Extreme Networks Headquarters,https://standards-oui.ieee.org/oui/oui.csv,https://web.archive.org/web/20240215032247id_/https://standards-oui.ieee.org/oui/oui.csv
B87CF2,renamed,2024-02-15T03:22:47.000Z,"Extreme Networks, Inc.",Extreme Networks Headquarters,https://standards-oui.ieee.org/oui/oui.csv,https://web.archive.org/web/20240215032247id_/https://standards-oui.ieee.org/oui/oui.csv
B8876E,renamed,2024-02-15T03:22:47.000Z,Yandex Services AG,Intertech Services AG,https://standards-oui.ieee.org/oui/oui.csv,https://web.archive.org/web/20240215032247id_/https://standards-oui.ieee.org/oui/oui.csv
B8A14A,recased,2024-02-15T03:22:47.000Z,"Raisecom Technology CO.,LTD","Raisecom Technology CO., LTD",https://standards-oui.ieee.org/oui/oui.csv,https://web.archive.org/web/20240215032247id_/https://standards-oui.ieee.org/oui/oui.csv
B8D0F0,renamed,2024-02-15T03:22:47.000Z,FCNT LMITED,FCNT LLC,https://standards-oui.ieee.org/oui/oui.csv,https://web.archive.org/web/20240215032247id_/https://standards-oui.ieee.org/oui/oui.csv
BC3F4E,renamed,2024-02-15T03:22:47.000Z,Teleepoch Ltd,Great Talent Technology Limited,https://standards-oui.ieee.org/oui/oui.csv,https://web.archive.org/web/20240215032247id_/https://standards-oui.ieee.org/oui/oui.csv
BC62CE,renamed,2024-02-15T03:22:47.000Z,"SHENZHEN NETIS TECHNOLOGY CO.,LTD","Netis Technology Co., Ltd.",https://standards-oui.ieee.org/oui/oui.csv,https://web.archive.org/web/20240215032247id_/https://standards-oui.ieee.org/oui/oui.csv
BCE001,renamed,2024-02-15T03:22:47.000Z,"SHENZHEN NETIS TECHNOLOGY CO.,LTD","Netis Technology Co., Ltd.",https://standards-oui.ieee.org/oui/oui.csv,https://web.archive.org/web/20240215032247id_/https://standards-oui.ieee.org/oui/oui.csv
BCF310,renamed,2024-02-15T03:22:47.000Z,"Extreme Networks, Inc.",Extreme Networks Headquarters,https://standards-oui.ieee.org/oui/oui.csv,https://web.archive.org/web/20240215032247id_/https://standards-oui.ieee.org/oui/oui.csv
C413E2,renamed,2024-02-15T03:22:47.000Z,"Extreme Networks, Inc.",Extreme Networks Headquarters,https://standards-oui.ieee.org/oui/oui.csv,https://web.archive.org/web/20240215032247id_/https://standards-oui.ieee.org/oui/oui.csv
C851FB,renamed,2024-02-15T03:22:47.000Z,"Extreme Networks, Inc.",Extreme Networks Headquarters,https://standards-oui.ieee.org/oui/oui.csv,https://web.archive.org/web/20240215032247id_/https://standards-oui.ieee.org/oui/oui.csv
C8665D,renamed,2024-02-15T03:22:47.000Z,"Extreme Networks, Inc.",Extreme Networks Headquarters,https://standards-oui.ieee.org/oui/oui.csv,https://web.archive.org/web/20240215032247id_/https://standards-oui.ieee.org/oui/oui.csv
C8675E,renamed,2024-02-15T03:22:47.000Z,"Extreme Networks, Inc.",Extreme Networks Headquarters,https://standards-oui.ieee.org/oui/oui.csv,https://web.archive.org/web/20240215032247id_/https://standards-oui.ieee.org/oui/oui.csv
C8BE35,renamed,2024-02-15T03:22:47.000Z,"Extreme Networks, Inc.",Extreme Networks Headquarters,https://standards-oui.ieee.org/oui/oui.csv,https://web.archive.org/web/20240215032247id_/https://standards-oui.ieee.org/oui/oui.csv
D4ADFC,recased,2024-02-15T03:22:47.000Z,"Shenzhen Intellirocks Tech co.,ltd",Shenzhen Intellirocks Tech. Co. Ltd.,https://standards-oui.ieee.org/oui/oui.csv,https://web.archive.org/web/20240215032247id_/https://standards-oui.ieee.org/oui/oui.csv
D854A2,renamed,2024-02-15T03:22:47.000Z,"Extreme Networks, Inc.",Extreme Networks Headquarters,https://standards-oui.ieee.org/oui/oui.csv,https://web.archive.org/web/20240215032247id_/https://standards-oui.ieee.org/oui/oui.csv
D88466,renamed,2024-02-15T03:22:47.000Z,"Extreme Networks, Inc.",Extreme Networks Headquarters,https://standards-oui.ieee.org/oui/oui.csv,https://web.archive.org/web/20240215032247id_/https://standards-oui.ieee.org/oui/oui.csv
D8A6FD,renamed,2024-02-15T03:22:47.000Z,Ghost Locomotion,Ghost Autonomy Inc.,https://standards-oui.ieee.org/oui/oui.csv,https://web.archive.org/web/20240215032247id_/https://standards-oui.ieee.org/oui/oui.csv
DC233B,renamed,2024-02-15T03:22:47.000Z,"Extreme Networks, Inc.",Extreme Networks Headquarters,https://standards-oui.ieee.org/oui/oui.csv,https://web.archive.org/web/20240215032247id_/https://standards-oui.ieee.org/oui/oui.csv
DCB808,renamed,2024-02-15T03:22:47.000Z,"Extreme Networks, Inc.",Extreme Networks Headquarters,https://standards-oui.ieee.org/oui/oui.csv,https://web.archive.org/web/20240215032247id_/https://standards-oui.ieee.org/oui/oui.csv
DCDCC3,renamed,2024-02-15T03:22:47.000Z,"Extreme Networks, Inc.",Extreme Networks Headquarters,https://standards-oui.ieee.org/oui/oui.csv,https://web.archive.org/web/20240215032247id_/https://standards-oui.ieee.org/oui/oui.csv
DCE650,renamed,2024-02-15T03:22:47.000Z,"Extreme Networks, Inc.",Extreme Networks Headquarters,https://standards-oui.ieee.org/oui/oui.csv,https://web.archive.org/web/20240215032247id_/https://standards-oui.ieee.org/oui/oui.csv
E01C41,renamed,2024-02-15T03:22:47.000Z,"Extreme Networks, Inc.",Extreme Networks Headquarters,https://standards-oui.ieee.org/oui/oui.csv,https://web.archive.org/web/20240215032247id_/https://standards-oui.ieee.org/oui/oui.csv
E067B3,recased,2024-02-15T03:22:47.000Z,"Shenzhen C-Data Technology Co., Ltd","Shenzhen C-Data Technology Co., Ltd.",https://standards-oui.ieee.org/oui/oui.csv,https://web.archive.org/web/20240215032247id_/https://standards-oui.ieee.org/oui/oui.csv
E0A129,renamed,2024-02-15T03:22:47.000Z,"Extreme Networks, Inc.",Extreme Networks Headquarters,https://standards-oui.ieee.org/oui/oui.csv,https://web.archive.org/web/20240215032247id_/https://standards-oui.ieee.org/oui/oui.csv
E444E5,renamed,2024-02-15T03:22:47.000Z,"Extreme Networks, Inc.",Extreme Networks Headquarters,https://standards-oui.ieee.org/oui/oui.csv,https://web.archive.org/web/20240215032247id_/https://standards-oui.ieee.org/oui/oui.csv
E4BC96,renamed,2024-02-15T03:22:47.000Z,DAP B.V.,Versuni,https://standards-oui.ieee.org/oui/oui.csv,https://web.archive.org/web/20240215032247id_/https://standards-oui.ieee.org/oui/oui.csv
E4BEED,renamed,2024-02-15T03:22:47.000Z,Netcore Technology Inc.,"Netis Technology Co., Ltd.",https://standards-oui.ieee.org/oui/oui.csv,https://web.archive.org/web/20240215032247id_/https://standards-oui.ieee.org/oui/oui.csv
E4D3AA,renamed,2024-02-15T03:22:47.000Z,FCNT LMITED,FCNT LLC,https://standards-oui.ieee.org/oui/oui.csv,https://web.archive.org/web/20240215032247id_/https://standards-oui.ieee.org/oui/oui.csv
E4DBAE,renamed,2024-02-15T03:22:47.000Z,"Extreme Networks, Inc.",Extreme Networks Headquarters,https://standards-oui.ieee.org/oui/oui.csv,https://web.archive.org/web/20240215032247id_/https://standards-oui.ieee.org/oui/oui.csv
E4FAC4,renamed,2024-02-15T03:22:47.000Z,Big Field Global PTE. Ltd.,TP-LINK CORPORATION PTE. LTD.,https://standards-oui.ieee.org/oui/oui.csv,https://web.archive.org/web/20240215032247id_/https://standards-oui.ieee.org/oui/oui.csv
F06426,renamed,2024-02-15T03:22:47.000Z,"Extreme Networks, Inc.",Extreme Networks Headquarters,https://standards-oui.ieee.org/oui/oui.csv,https://web.archive.org/web/20240215032247id_/https://standards-oui.ieee.org/oui/oui.csv
F09CE9,renamed,2024-02-15T03:22:47.000Z,"Extreme Networks, Inc.",Extreme Networks Headquarters,https://standards-oui.ieee.org/oui/oui.csv,https://web.archive.org/web/20240215032247id_/https://standards-oui.ieee.org/oui/oui.csv
F46E95,renamed,2024-02-15T03:22:47.000Z,"Extreme Networks, Inc.",Extreme Networks Headquarters,https://standards-oui.ieee.org/oui/oui.csv,https://web.archive.org/web/20240215032247id_/https://standards-oui.ieee.org/oui/oui.csv
F4CE48,renamed,2024-02-15T03:22:47.000Z,"Extreme Networks, Inc.",Extreme Networks Headquarters,https://standards-oui.ieee.org/oui/oui.csv,https://web.archive.org/web/20240215032247id_/https://standards-oui.ieee.org/oui/oui.csv
F4EAB5,renamed,2024-02-15T03:22:47.000Z,"Extreme Networks, Inc.",Extreme Networks Headquarters,https://standards-oui.ieee.org/oui/oui.csv,https://web.archive.org/web/20240215032247id_/https://standards-oui.ieee.org/oui/oui.csv
FC0A81,renamed,2024-02-15T03:22:47.000Z,"Extreme Networks, Inc.",Extreme Networks Headquarters,https://standards-oui.ieee.org/oui/oui.csv,https://web.archive.org/web/20240215032247id_/https://standards-oui.ieee.org/oui/oui.csv
00057E,renamed,2024-04-16T12:10:47.000Z,Eckelmann Steuerungstechnik GmbH,Eckelmann AG,https://standards-oui.ieee.org/oui/oui.csv,https://web.archive.org/web/20240416121047id_/https://standards-oui.ieee.org/oui/oui.csv
000B86,renamed,2024-04-16T12:10:47.000Z,"Aruba, a Hewlett Packard Enterprise Company",Hewlett Packard Enterprise,https://standards-oui.ieee.org/oui/oui.csv,https://web.archive.org/web/20240416121047id_/https://standards-oui.ieee.org/oui/oui.csv
001A1E,renamed,2024-04-16T12:10:47.000Z,"Aruba, a Hewlett Packard Enterprise Company",Hewlett Packard Enterprise,https://standards-oui.ieee.org/oui/oui.csv,https://web.archive.org/web/20240416121047id_/https://standards-oui.ieee.org/oui/oui.csv
001EC6,renamed,2024-04-16T12:10:47.000Z,Obvius Holdings LLC,"Leviton Manufacturing Co., Inc",https://standards-oui.ieee.org/oui/oui.csv,https://web.archive.org/web/20240416121047id_/https://standards-oui.ieee.org/oui/oui.csv
00246C,renamed,2024-04-16T12:10:47.000Z,"Aruba, a Hewlett Packard Enterprise Company",Hewlett Packard Enterprise,https://standards-oui.ieee.org/oui/oui.csv,https://web.archive.org/web/20240416121047id_/https://standards-oui.ieee.org/oui/oui.csv
04BD88,renamed,2024-04-16T12:10:47.000Z,"Aruba, a Hewlett Packard Enterprise Company",Hewlett Packard Enterprise,https://standards-oui.ieee.org/oui/oui.csv,https://web.archive.org/web/20240416121047id_/https://standards-oui.ieee.org/oui/oui.csv
0C975F,renamed,2024-04-16T12:10:47.000Z,"Aruba, a Hewlett Packard Enterprise Company",Hewlett Packard Enterprise,https://standards-oui.ieee.org/oui/oui.csv,https://web.archive.org/web/20240416121047id_/https://standards-oui.ieee.org/oui/oui.csv
104F58,renamed,2024-04-16T12:10:47.000Z,"Aruba, a Hewlett Packard Enterprise Company",Hewlett Packard Enterprise,https://standards-oui.ieee.org/oui/oui.csv,https://web.archive.org/web/20240416121047id_/https://standards-oui.ieee.org/oui/oui.csv
14ABEC,renamed,2024-04-16T12:10:47.000Z,"Aruba, a Hewlett Packard Enterprise Company",Hewlett Packard Enterprise,https://standards-oui.ieee.org/oui/oui.csv,https://web.archive.org/web/20240416121047id_/https://standards-oui.ieee.org/oui/oui.csv
186472,renamed,2024-04-16T12:10:47.000Z,"Aruba, a Hewlett Packard Enterprise Company",Hewlett Packard Enterprise,https://standards-oui.ieee.org/oui/oui.csv,https://web.archive.org/web/20240416121047id_/https://standards-oui.ieee.org/oui/oui.csv
187A3B,renamed,2024-04-16T12:10:47.000Z,"Aruba, a Hewlett Packard Enterprise Company",Hewlett Packard Enterprise,https://standards-oui.ieee.org/oui/oui.csv,https://web.archive.org/web/20240416121047id_/https://standards-oui.ieee.org/oui/oui.csv
1C28AF,renamed,2024-04-16T12:10:47.000Z,"Aruba, a Hewlett Packard Enterprise Company",Hewlett Packard Enterprise,https://standards-oui.ieee.org/oui/oui.csv,https://web.archive.org/web/20240416121047id_/https://standards-oui.ieee.org/oui/oui.csv
204C03,renamed,2024-04-16T12:10:47.000Z,"Aruba, a Hewlett Packard Enterprise Company",Hewlett Packard Enterprise,https://standards-oui.ieee.org/oui/oui.csv,https://web.archive.org/web/20240416121047id_/https://standards-oui.ieee.org/oui/oui.csv
209CB4,renamed,2024-04-16T12:10:47.000Z,"Aruba, a Hewlett Packard Enterprise Company",Hewlett Packard Enterprise,https://standards-oui.ieee.org/oui/oui.csv,https://web.archive.org/web/20240416121047id_/https://standards-oui.ieee.org/oui/oui.csv
2462CE,renamed,2024-04-16T12:10:47.000Z,"Aruba, a Hewlett Packard Enterprise Company",Hewlett Packard Enterprise,https://standards-oui.ieee.org/oui/oui.csv,https://web.archive.org/web/20240416121047id_/https://standards-oui.ieee.org/oui/oui.csv
24DEC6,renamed,2024-04-16T12:10:47.000Z,"Aruba, a Hewlett Packard Enterprise Company",Hewlett Packard Enterprise,https://standards-oui.ieee.org/oui/oui.csv,https://web.archive.org/web/20240416121047id_/https://standards-oui.ieee.org/oui/oui.csv
28DE65,renamed,2024-04-16T12:10:47.000Z,"Aruba, a Hewlett Packard Enterprise Company",Hewlett Packard Enterprise,https://standards-oui.ieee.org/oui/oui.csv,https://web.archive.org/web/20240416121047id_/https://standards-oui.ieee.org/oui/oui.csv
343A20,renamed,2024-04-16T12:10:47.000Z,"Aruba, a Hewlett Packard Enterprise Company",Hewlett Packard Enterprise,https://standards-oui.ieee.org/oui/oui.csv,https://web.archive.org/web/20240416121047id_/https://standards-oui.ieee.org/oui/oui.csv
348A12,renamed,2024-04-16T12:10:47.000Z,"Aruba, a Hewlett Packard Enterprise Company",Hewlett Packard Enterprise,https://standards-oui.ieee.org/oui/oui.csv,https://web.archive.org/web/20240416121047id_/https://standards-oui.ieee.org/oui/oui.csv
34C515,renamed,2024-04-16T12:10:47.000Z,"Aruba, a Hewlett Packard Enterprise Company",Hewlett Packard Enterprise,https://standards-oui.ieee.org/oui/oui.csv,https://web.archive.org/web/20240416121047id_/https://standards-oui.ieee.org/oui/oui.csv
3810F0,renamed,2024-04-16T12:10:47.000Z,"Aruba, a Hewlett Packard Enterprise Company",Hewlett Packard Enterprise,https://standards-oui.ieee.org/oui/oui.csv,https://web.archive.org/web/20240416121047id_/https://standards-oui.ieee.org/oui/oui.csv
3821C7,renamed,2024-04-16T12:10:47.000Z,"Aruba, a Hewlett Packard Enterprise Company",Hewlett Packard Enterprise,https://standards-oui.ieee.org/oui/oui.csv,https://web.archive.org/web/20240416121047id_/https://standards-oui.ieee.org/oui/oui.csv
38BD7A,renamed,2024-04-16T12:10:47.000Z,"Aruba, a Hewlett Packard Enterprise Company",Hewlett Packard Enterprise,https://standards-oui.ieee.org/oui/oui.csv,https://web.archive.org/web/20240416121047id_/https://standards-oui.ieee.org/oui/oui.csv
40E3D6,renamed,2024-04-16T12:10:47.000Z,"Aruba, a Hewlett Packard Enterprise Company",Hewlett Packard Enterprise,https://standards-oui.ieee.org/oui/oui.csv,https://web.archive.org/web/20240416121047id_/https://standards-oui.ieee.org/oui/oui.csv
441244,renamed,2024-04-16T12:10:47.000Z,"Aruba, a Hewlett Packard Enterprise Company",Hewlett Packard Enterprise,https://standards-oui.ieee.org/oui/oui.csv,https://web.archive.org/web/20240416121047id_/https://standards-oui.ieee.org/oui/oui.csv
445BED,renamed,2024-04-16T12:10:47.000Z,"Aruba, a Hewlett Packard Enterprise Company",Hewlett Packard Enterprise,https://standards-oui.ieee.org/oui/oui.csv,https://web.archive.org/web/20240416121047id_/https://standards-oui.ieee.org/oui/oui.csv
480020,renamed,2024-04-16T12:10:47.000Z,"Aruba, a Hewlett Packard Enterprise Company",Hewlett Packard Enterprise,https://standards-oui.ieee.org/oui/oui.csv,https://web.archive.org/web/20240416121047id_/https://standards-oui.ieee.org/oui/oui.csv
482F6B,renamed,2024-04-16T12:10:47.000Z,"Aruba, a Hewlett Packard Enterprise Company",Hewlett Packard Enterprise,https://standards-oui.ieee.org/oui/oui.csv,https://web.archive.org/web/20240416121047id_/https://standards-oui.ieee.org/oui/oui.csv
48B4C3,renamed,2024-04-16T12:10:47.000Z,"Aruba, a Hewlett Packard Enterprise Company",Hewlett Packard Enterprise,https://standards-oui.ieee.org/oui/oui.csv,https://web.archive.org/web/20240416121047id_/https://standards-oui.ieee.org/oui/oui.csv
4CD587,renamed,2024-04-16T12:10:47.000Z,"Aruba, a Hewlett Packard Enterprise Company",Hewlett Packard Enterprise,https://standards-oui.ieee.org/oui/oui.csv,https://web.archive.org/web/20240416121047id_/https://standards-oui.ieee.org/oui/oui.csv
50E4E0,renamed,2024-04-16T12:10:47.000Z,"Aruba, a Hewlett Packard Enterprise Company",Hewlett Packard Enterprise,https://standards-oui.ieee.org/oui/oui.csv,https://web.archive.org/web/20240416121047id_/https://standards-oui.ieee.org/oui/oui.csv
54D7E3,renamed,2024-04-16T12:10:47.000Z,"Aruba, a Hewlett Packard Enterprise Company",Hewlett Packard Enterprise,https://standards-oui.ieee.org/oui/oui.csv,https://web.archive.org/web/20240416121047id_/https://standards-oui.ieee.org/oui/oui.csv
54F0B1,renamed,2024-04-16T12:10:47.000Z,"Aruba, a Hewlett Packard Enterprise Company",Hewlett Packard Enterprise,https://standards-oui.ieee.org/oui/oui.csv,https://web.archive.org/web/20240416121047id_/https://standards-oui.ieee.org/oui/oui.csv
5CA3EB,renamed,2024-04-16T12:10:47.000Z,Lokel s.r.o.,SKODA DIGITAL s.r.o.,https://standards-oui.ieee.org/oui/oui.csv,https://web.archive.org/web/20240416121047id_/https://standards-oui.ieee.org/oui/oui.csv
5CA47D,renamed,2024-04-16T12:10:47.000Z,"Aruba, a Hewlett Packard Enterprise Company",Hewlett Packard Enterprise,https://standards-oui.ieee.org/oui/oui.csv,https://web.archive.org/web/20240416121047id_/https://standards-oui.ieee.org/oui/oui.csv
6026EF,renamed,2024-04-16T12:10:47.000Z,"Aruba, a Hewlett Packard Enterprise Company",Hewlett Packard Enterprise,https://standards-oui.ieee.org/oui/oui.csv,https://web.archive.org/web/20240416121047id_/https://standards-oui.ieee.org/oui/oui.csv
64E881,renamed,2024-04-16T12:10:47.000Z,"Aruba, a Hewlett Packard Enterprise Company",Hewlett Packard Enterprise,https://standards-oui.ieee.org/oui/oui.csv,https://web.archive.org/web/20240416121047id_/https://standards-oui.ieee.org/oui/oui.csv
6828CF,renamed,2024-04-16T12:10:47.000Z,"Aruba, a Hewlett Packard Enterprise Company",Hewlett Packard Enterprise,https://standards-oui.ieee.org/oui/oui.csv,https://web.archive.org/web/20240416121047id_/https://standards-oui.ieee.org/oui/oui.csv
6CC49F,renamed,2024-04-16T12:10:47.000Z,"Aruba, a Hewlett Packard Enterprise Company",Hewlett Packard Enterprise,https://standards-oui.ieee.org/oui/oui.csv,https://web.archive.org/web/20240416121047id_/https://standards-oui.ieee.org/oui/oui.csv
6CF37F,renamed,2024-04-16T12:10:47.000Z,"Aruba, a Hewlett Packard Enterprise Company",Hewlett Packard Enterprise,https://standards-oui.ieee.org/oui/oui.csv,https://web.archive.org/web/20240416121047id_/https://standards-oui.ieee.org/oui/oui.csv
703A0E,renamed,2024-04-16T12:10:47.000Z,"Aruba, a Hewlett Packard Enterprise Company",Hewlett Packard Enterprise,https://standards-oui.ieee.org/oui/oui.csv,https://web.archive.org/web/20240416121047id_/https://standards-oui.ieee.org/oui/oui.csv
749E75,renamed,2024-04-16T12:10:47.000Z,"Aruba, a Hewlett Packard Enterprise Company",Hewlett Packard Enterprise,https://standards-oui.ieee.org/oui/oui.csv,https://web.archive.org/web/20240416121047id_/https://standards-oui.ieee.org/oui/oui.csv
7C573C,renamed,2024-04-16T12:10:47.000Z,"Aruba, a Hewlett Packard Enterprise Company",Hewlett Packard Enterprise,https://standards-oui.ieee.org/oui/oui.csv,https://web.archive.org/web/20240416121047id_/https://standards-oui.ieee.org/oui/oui.csv
84D47E,renamed,2024-04-16T12:10:47.000Z,"Aruba, a Hewlett Packard Enterprise Company",Hewlett Packard Enterprise,https://standards-oui.ieee.org/oui/oui.csv,https://web.archive.org/web/20240416121047id_/https://standards-oui.ieee.org/oui/oui.csv
882510,renamed,2024-04-16T12:10:47.000Z,"Aruba, a Hewlett Packard Enterprise Company",Hewlett Packard Enterprise,https://standards-oui.ieee.org/oui/oui.csv,https://web.archive.org/web/20240416121047id_/https://standards-oui.ieee.org/oui/oui.csv
883A30,renamed,2024-04-16T12:10:47.000Z,"Aruba, a Hewlett Packard Enterprise Company",Hewlett Packard Enterprise,https://standards-oui.ieee.org/oui/oui.csv,https://web.archive.org/web/20240416121047id_/https://standards-oui.ieee.org/oui/oui.csv
8C7909,renamed,2024-04-16T12:10:47.000Z,"Aruba, a Hewlett Packard Enterprise Company",Hewlett Packard Enterprise,https://standards-oui.ieee.org/oui/oui.csv,https://web.archive.org/web/20240416121047id_/https://standards-oui.ieee.org/oui/oui.csv
8C85C1,renamed,2024-04-16T12:10:47.000Z,"Aruba, a Hewlett Packard Enterprise Company",Hewlett Packard Enterprise,https://standards-oui.ieee.org/oui/oui.csv,https://web.archive.org/web/20240416121047id_/https://standards-oui.ieee.org/oui/oui.csv
9020C2,renamed,2024-04-16T12:10:47.000Z,"Aruba, a Hewlett Packard Enterprise Company",Hewlett Packard Enterprise,https://standards-oui.ieee.org/oui/oui.csv,https://web.archive.org/web/20240416121047id_/https://standards-oui.ieee.org/oui/oui.csv
9460D5,renamed,2024-04-16T12:10:47.000Z,"Aruba, a Hewlett Packard Enterprise Company",Hewlett Packard Enterprise,https://standards-oui.ieee.org/oui/oui.csv,https://web.archive.org/web/20240416121047id_/https://standards-oui.ieee.org/oui/oui.csv
946424,renamed,2024-04-16T12:10:47.000Z,"Aruba, a Hewlett Packard Enterprise Company",Hewlett Packard Enterprise,https://standards-oui.ieee.org/oui/oui.csv,https://web.archive.org/web/20240416121047id_/https://standards-oui.ieee.org/oui/oui.csv
94B40F,renamed,2024-04-16T12:10:47.000Z,"Aruba, a Hewlett Packard Enterprise Company",Hewlett Packard Enterprise,https://standards-oui.ieee.org/oui/oui.csv,https://web.archive.org/web/20240416121047id_/https://standards-oui.ieee.org/oui/oui.csv
988F00,renamed,2024-04-16T12:10:47.000Z,"Aruba, a Hewlett Packard Enterprise Company",Hewlett Packard Enterprise,https://standards-oui.ieee.org/oui/oui.csv,https://web.archive.org/web/20240416121047id_/https://standards-oui.ieee.org/oui/oui.csv
9C1C12,renamed,2024-04-16T12:10:47.000Z,"Aruba, a Hewlett Packard Enterprise Company",Hewlett Packard Enterprise,https://standards-oui.ieee.org/oui/oui.csv,https://web.archive.org/web/20240416121047id_/https://standards-oui.ieee.org/oui/oui.csv
9C3708,renamed,2024-04-16T12:10:47.000Z,"Aruba, a Hewlett Packard Enterprise Company",Hewlett Packard Enterprise,https://standards-oui.ieee.org/oui/oui.csv,https://web.archive.org/web/20240416121047id_/https://standards-oui.ieee.org/oui/oui.csv
A025D7,renamed,2024-04-16T12:10:47.000Z,"Aruba, a Hewlett Packard Enterprise Company",Hewlett Packard Enterprise,https://standards-oui.ieee.org/oui/oui.csv,https://web.archive.org/web/20240416121047id_/https://standards-oui.ieee.org/oui/oui.csv
A0A001,renamed,2024-04-16T12:10:47.000Z,"Aruba, a Hewlett Packard Enterprise Company",Hewlett Packard Enterprise,https://standards-oui.ieee.org/oui/oui.csv,https://web.archive.org/web/20240416121047id_/https://standards-oui.ieee.org/oui/oui.csv
A40E75,renamed,2024-04-16T12:10:47.000Z,"Aruba, a Hewlett Packard Enterprise Company",Hewlett Packard Enterprise,https://standards-oui.ieee.org/oui/oui.csv,https://web.archive.org/web/20240416121047id_/https://standards-oui.ieee.org/oui/oui.csv
A852D4,renamed,2024-04-16T12:10:47.000Z,"Aruba, a Hewlett Packard Enterprise Company",Hewlett Packard Enterprise,https://standards-oui.ieee.org/oui/oui.csv,https://web.archive.org/web/20240416121047id_/https://standards-oui.ieee.org/oui/oui.csv
A85BF7,renamed,2024-04-16T12:10:47.000Z,"Aruba, a Hewlett Packard Enterprise Company",Hewlett Packard Enterprise,https://standards-oui.ieee.org/oui/oui.csv,https://web.archive.org/web/20240416121047id_/https://standards-oui.ieee.org/oui/oui.csv
ACA31E,renamed,2024-04-16T12:10:47.000Z,"Aruba, a Hewlett Packard Enterprise Company",Hewlett Packard Enterprise,https://standards-oui.ieee.org/oui/oui.csv,https://web.archive.org/web/20240416121047id_/https://standards-oui.ieee.org/oui/oui.csv
B01F8C,renamed,2024-04-16T12:10:47.000Z,"Aruba, a Hewlett Packard Enterprise Company",Hewlett Packard Enterprise,https://standards-oui.ieee.org/oui/oui.csv,https://web.archive.org/web/20240416121047id_/https://standards-oui.ieee.org/oui/oui.csv
B45D50,renamed,2024-04-16T12:10:47.000Z,"Aruba, a Hewlett Packard Enterprise Company",Hewlett Packard Enterprise,https://standards-oui.ieee.org/oui/oui.csv,https://web.archive.org/web/20240416121047id_/https://standards-oui.ieee.org/oui/oui.csv
B837B2,renamed,2024-04-16T12:10:47.000Z,"Aruba, a Hewlett Packard Enterprise Company",Hewlett Packard Enterprise,https://standards-oui.ieee.org/oui/oui.csv,https://web.archive.org/web/20240416121047id_/https://standards-oui.ieee.org/oui/oui.csv
B83A5A,renamed,2024-04-16T12:10:47.000Z,"Aruba, a Hewlett Packard Enterprise Company",Hewlett Packard Enterprise,https://standards-oui.ieee.org/oui/oui.csv,https://web.archive.org/web/20240416121047id_/https://standards-oui.ieee.org/oui/oui.csv
B8D4E7,renamed,2024-04-16T12:10:47.000Z,"Aruba, a Hewlett Packard Enterprise Company",Hewlett Packard Enterprise,https://standards-oui.ieee.org/oui/oui.csv,https://web.archive.org/web/20240416121047id_/https://standards-oui.ieee.org/oui/oui.csv
BC9FE4,renamed,2024-04-16T12:10:47.000Z,"Aruba, a Hewlett Packard Enterprise Company",Hewlett Packard Enterprise,https://standards-oui.ieee.org/oui/oui.csv,https://web.archive.org/web/20240416121047id_/https://standards-oui.ieee.org/oui/oui.csv
BCD7A5,renamed,2024-04-16T12:10:47.000Z,"Aruba, a Hewlett Packard Enterprise Company",Hewlett Packard Enterprise,https://standards-oui.ieee.org/oui/oui.csv,https://web.archive.org/web/20240416121047id_/https://standards-oui.ieee.org/oui/oui.csv
CC88C7,renamed,2024-04-16T12:10:47.000Z,"Aruba, a Hewlett Packard Enterprise Company",Hewlett Packard Enterprise,https://standards-oui.ieee.org/oui/oui.csv,https://web.archive.org/web/20240416121047id_/https://standards-oui.ieee.org/oui/oui.csv
CCD083,renamed,2024-04-16T12:10:47.000Z,"Aruba, a Hewlett Packard Enterprise Company",Hewlett Packard Enterprise,https://standards-oui.ieee.org/oui/oui.csv,https://web.archive.org/web/20240416121047id_/https://standards-oui.ieee.org/oui/oui.csv
D015A6,renamed,2024-04-16T12:10:47.000Z,"Aruba, a Hewlett Packard Enterprise Company",Hewlett Packard Enterprise,https://standards-oui.ieee.org/oui/oui.csv,https://web.archive.org/web/20240416121047id_/https://standards-oui.ieee.org/oui/oui.csv
D04DC6,renamed,2024-04-16T12:10:47.000Z,"Aruba, a Hewlett Packard Enterprise Company",Hewlett Packard Enterprise,https://standards-oui.ieee.org/oui/oui.csv,https://web.archive.org/web/20240416121047id_/https://standards-oui.ieee.org/oui/oui.csv
D0D3E0,renamed,2024-04-16T12:10:47.000Z,"Aruba, a Hewlett Packard Enterprise Company",Hewlett Packard Enterprise,https://standards-oui.ieee.org/oui/oui.csv,https://web.archive.org/web/20240416121047id_/https://standards-oui.ieee.org/oui/oui.csv
D4E053,renamed,2024-04-16T12:10:47.000Z,"Aruba, a Hewlett Packard Enterprise Company",Hewlett Packard Enterprise,https://standards-oui.ieee.org/oui/oui.csv,https://web.archive.org/web/20240416121047id_/https://standards-oui.ieee.org/oui/oui.csv
D8C7C8,renamed,2024-04-16T12:10:47.000Z,"Aruba, a Hewlett Packard Enterprise Company",Hewlett Packard Enterprise,https://standards-oui.ieee.org/oui/oui.csv,https://web.archive.org/web/20240416121047id_/https://standards-oui.ieee.org/oui/oui.csv
DCB7AC,renamed,2024-04-16T12:10:47.000Z,"Aruba, a Hewlett Packard Enterprise Company",Hewlett Packard Enterprise,https://standards-oui.ieee.org/oui/oui.csv,https://web.archive.org/web/20240416121047id_/https://standards-oui.ieee.org/oui/oui.csv
DCECE3,renamed,2024-04-16T12:10:47.000Z,LYOTECH LABS LLC,HORYS TECHNOLOGIES LLC,https://standards-oui.ieee.org/oui/oui.csv,https://web.archive.org/web/20240416121047id_/https://standards-oui.ieee.org/oui/oui.csv
E4DE40,renamed,2024-04-16T12:10:47.000Z,"Aruba, a Hewlett Packard Enterprise Company",Hewlett Packard Enterprise,https://standards-oui.ieee.org/oui/oui.csv,https://web.archive.org/web/20240416121047id_/https://standards-oui.ieee.org/oui/oui.csv
E81098,renamed,2024-04-16T12:10:47.000Z,"Aruba, a Hewlett Packard Enterprise Company",Hewlett Packard Enterprise,https://standards-oui.ieee.org/oui/oui.csv,https://web.archive.org/web/20240416121047id_/https://standards-oui.ieee.org/oui/oui.csv
E82689,renamed,2024-04-16T12:10:47.000Z,"Aruba, a Hewlett Packard Enterprise Company",Hewlett Packard Enterprise,https://standards-oui.ieee.org/oui/oui.csv,https://web.archive.org/web/20240416121047id_/https://standards-oui.ieee.org/oui/oui.csv
EC0273,renamed,2024-04-16T12:10:47.000Z,"Aruba, a Hewlett Packard Enterprise Company",Hewlett Packard Enterprise,https://standards-oui.ieee.org/oui/oui.csv,https://web.archive.org/web/20240416121047id_/https://standards-oui.ieee.org/oui/oui.csv
EC50AA,renamed,2024-04-16T12:10:47.000Z,"Aruba, a Hewlett Packard Enterprise Company",Hewlett Packard Enterprise,https://standards-oui.ieee.org/oui/oui.csv,https://web.archive.org/web/20240416121047id_/https://standards-oui.ieee.org/oui/oui.csv
EC6794,renamed,2024-04-16T12:10:47.000Z,"Aruba, a Hewlett Packard Enterprise Company",Hewlett Packard Enterprise,https://standards-oui.ieee.org/oui/oui.csv,https://web.archive.org/web/20240416121047id_/https://standards-oui.ieee.org/oui/oui.csv
ECFCC6,renamed,2024-04-16T12:10:47.000Z,"Aruba, a Hewlett Packard Enterprise Company",Hewlett Packard Enterprise,https://standards-oui.ieee.org/oui/oui.csv,https://web.archive.org/web/20240416121047id_/https://standards-oui.ieee.org/oui/oui.csv
F01AA0,renamed,2024-04-16T12:10:47.000Z,"Aruba, a Hewlett Packard Enterprise Company",Hewlett Packard Enterprise,https://standards-oui.ieee.org/oui/oui.csv,https://web.archive.org/web/20240416121047id_/https://standards-oui.ieee.org/oui/oui.csv
F05C19,renamed,2024-04-16T12:10:47.000Z,"Aruba, a Hewlett Packard Enterprise Company",Hewlett Packard Enterprise,https://standards-oui.ieee.org/oui/oui.csv,https://web.archive.org/web/20240416121047id_/https://standards-oui.ieee.org/oui/oui.csv
F061C0,renamed,2024-04-16T12:10:47.000Z,"Aruba, a Hewlett Packard Enterprise Company",Hewlett Packard Enterprise,https://standards-oui.ieee.org/oui/oui.csv,https://web.archive.org/web/20240416121047id_/https://standards-oui.ieee.org/oui/oui.csv
F42E7F,renamed,2024-04-16T12:10:47.000Z,"Aruba, a Hewlett Packard Enterprise Company",Hewlett Packard Enterprise,https://standards-oui.ieee.org/oui/oui.csv,https://web.archive.org/web/20240416121047id_/https://standards-oui.ieee.org/oui/oui.csv
F860F0,renamed,2024-04-16T12:10:47.000Z,"Aruba, a Hewlett Packard Enterprise Company",Hewlett Packard Enterprise,https://standards-oui.ieee.org/oui/oui.csv,https://web.archive.org/web/20240416121047id_/https://standards-oui.ieee.org/oui/oui.csv
FC7FF1,renamed,2024-04-16T12:10:47.000Z,"Aruba, a Hewlett Packard Enterprise Company",Hewlett Packard Enterprise,https://standards-oui.ieee.org/oui/oui.csv,https://web.archive.org/web/20240416121047id_/https://standards-oui.ieee.org/oui/oui.csv
000295,renamed,2024-06-23T18:08:31.000Z,IP.Access Limited,MAVENIR IPA UK LTD,https://standards-oui.ieee.org/oui/oui.csv,https://web.archive.org/web/20240623180831id_/https://standards-oui.ieee.org/oui/oui.csv
000417,renamed,2024-06-23T18:08:31.000Z,ELAU AG,Schneider Electric,https://standards-oui.ieee.org/oui/oui.csv,https://web.archive.org/web/20240623180831id_/https://standards-oui.ieee.org/oui/oui.csv
0009F7,renamed,2024-06-23T18:08:31.000Z,"SED, a division of Calian",Calian Advanced Technologies,https://standards-oui.ieee.org/oui/oui.csv,https://web.archive.org/web/20240623180831id_/https://standards-oui.ieee.org/oui/oui.csv
00153B,recased,2024-06-23T18:08:31.000Z,EMH metering GmbH & Co. KG,EMH Metering GmbH & Co. KG,https://standards-oui.ieee.org/oui/oui.csv,https://web.archive.org/web/20240623180831id_/https://standards-oui.ieee.org/oui/oui.csv
001710,renamed,2024-06-23T18:08:31.000Z,Casa Systems Inc.,AxyomCore Inc.,https://standards-oui.ieee.org/oui/oui.csv,https://web.archive.org/web/20240623180831id_/https://standards-oui.ieee.org/oui/oui.csv
001E96,renamed,2024-06-23T18:08:31.000Z,Sepura Plc,Sepura Limited,https://standards-oui.ieee.org/oui/oui.csv,https://web.archive.org/web/20240623180831id_/https://standards-oui.ieee.org/oui/oui.csv
002B67,recased,2024-06-23T18:08:31.000Z,"LCFC(HeFei) Electronics Technology co., ltd","LCFC(Hefei) Electronics Technology co., ltd",https://standards-oui.ieee.org/oui/oui.csv,https://web.archive.org/web/20240623180831id_/https://standards-oui.ieee.org/oui/oui.csv
1889A0,renamed,2024-06-23T18:08:31.000Z,"Wuhan Funshion Online Technologies Co.,Ltd","Funshion Online Technologies Co.,Ltd",https://standards-oui.ieee.org/oui/oui.csv,https://web.archive.org/web/20240623180831id_/https://standards-oui.ieee.org/oui/oui.csv
246278,renamed,2024-06-23T18:08:31.000Z,sysmocom - systems for mobile communications GmbH,sysmocom - s.f.m.c. GmbH,https://standards-oui.ieee.org/oui/oui.csv,https://web.archive.org/web/20240623180831id_/https://standards-oui.ieee.org/oui/oui.csv
28D244,recased,2024-06-23T18:08:31.000Z,"LCFC(HeFei) Electronics Technology co., ltd","LCFC(Hefei) Electronics Technology co., ltd",https://standards-oui.ieee.org/oui/oui.csv,https://web.archive.org/web/20240623180831id_/https://standards-oui.ieee.org/oui/oui.csv
38F3AB,recased,2024-06-23T18:08:31.000Z,"LCFC(HeFei) Electronics Technology co., ltd","LCFC(Hefei) Electronics Technology co., ltd",https://standards-oui.ieee.org/oui/oui.csv,https://web.archive.org/web/20240623180831id_/https://standards-oui.ieee.org/oui/oui.csv
40BC68,renamed,2024-06-23T18:08:31.000Z,"Wuhan Funshion Online Technologies Co.,Ltd","Funshion Online Technologies Co.,Ltd",https://standards-oui.ieee.org/oui/oui.csv,https://web.archive.org/web/20240623180831id_/https://standards-oui.ieee.org/oui/oui.csv
446370,recased,2024-06-23T18:08:31.000Z,"LCFC(HeFei) Electronics Technology co., ltd","LCFC(Hefei) Electronics Technology co., ltd",https://standards-oui.ieee.org/oui/oui.csv,https://web.archive.org/web/20240623180831id_/https://standards-oui.ieee.org/oui/oui.csv
507B9D,recased,2024-06-23T18:08:31.000Z,"LCFC(HeFei) Electronics Technology co., ltd","LCFC(Hefei) Electronics Technology co., ltd",https://standards-oui.ieee.org/oui/oui.csv,https://web.archive.org/web/20240623180831id_/https://standards-oui.ieee.org/oui/oui.csv
5405DB,recased,2024-06-23T18:08:31.000Z,"LCFC(HeFei) Electronics Technology co., ltd","LCFC(Hefei) Electronics Technology co., ltd",https://standards-oui.ieee.org/oui/oui.csv,https://web.archive.org/web/20240623180831id_/https://standards-oui.ieee.org/oui/oui.csv
54E1AD,recased,2024-06-23T18:08:31.000Z,"LCFC(HeFei) Electronics Technology co., ltd","LCFC(Hefei) Electronics Technology co., ltd",https://standards-oui.ieee.org/oui/oui.csv,https://web.archive.org/web/20240623180831id_/https://standards-oui.ieee.org/oui/oui.csv
645563,renamed,2024-06-23T18:08:31.000Z,Intelight Inc.,"Q-Free America, Inc.",https://standards-oui.ieee.org/oui/oui.csv,https://web.archive.org/web/20240623180831id_/https://standards-oui.ieee.org/oui/oui.csv
68F728,recased,2024-06-23T18:08:31.000Z,"LCFC(HeFei) Electronics Technology co., ltd","LCFC(Hefei) Electronics Technology co., ltd",https://standards-oui.ieee.org/oui/oui.csv,https://web.archive.org/web/20240623180831id_/https://standards-oui.ieee.org/oui/oui.csv
6C2408,recased,2024-06-23T18:08:31.000Z,"LCFC(HeFei) Electronics Technology co., ltd","LCFC(Hefei) Electronics Technology co., ltd",https://standards-oui.ieee.org/oui/oui.csv,https://web.archive.org/web/20240623180831id_/https://standards-oui.ieee.org/oui/oui.csv
6C92BF,renamed,2024-06-23T18:08:31.000Z,"Inspur Electronic Information Industry Co.,Ltd.","IEIT SYSTEMS Co., Ltd.",https://standards-oui.ieee.org/oui/oui.csv,https://web.archive.org/web/20240623180831id_/https://standards-oui.ieee.org/oui/oui.csv
745D22,recased,2024-06-23T18:08:31.000Z,"LCFC(HeFei) Electronics Technology co., ltd","LCFC(Hefei) Electronics Technology co., ltd",https://standards-oui.ieee.org/oui/oui.csv,https://web.archive.org/web/20240623180831id_/https://standards-oui.ieee.org/oui/oui.csv
8431A8,renamed,2024-06-23T18:08:31.000Z,"Wuhan Funshion Online Technologies Co.,Ltd","Funshion Online Technologies Co.,Ltd",https://standards-oui.ieee.org/oui/oui.csv,https://web.archive.org/web/20240623180831id_/https://standards-oui.ieee.org/oui/oui.csv
84A938,recased,2024-06-23T18:08:31.000Z,"LCFC(HeFei) Electronics Technology co., ltd","LCFC(Hefei) Electronics Technology co., ltd",https://standards-oui.ieee.org/oui/oui.csv,https://web.archive.org/web/20240623180831id_/https://standards-oui.ieee.org/oui/oui.csv
88A4C2,recased,2024-06-23T18:08:31.000Z,"LCFC(HeFei) Electronics Technology co., ltd","LCFC(Hefei) Electronics Technology co., ltd",https://standards-oui.ieee.org/oui/oui.csv,https://web.archive.org/web/20240623180831id_/https://standards-oui.ieee.org/oui/oui.csv
8C1645,recased,2024-06-23T18:08:31.000Z,"LCFC(HeFei) Electronics Technology co., ltd","LCFC(Hefei) Electronics Technology co., ltd",https://standards-oui.ieee.org/oui/oui.csv,https://web.archive.org/web/20240623180831id_/https://standards-oui.ieee.org/oui/oui.csv
8C5C20,renamed,2024-06-23T18:08:31.000Z,"ARRIS Group, Inc.",Vantiva USA LLC,https://standards-oui.ieee.org/oui/oui.csv,https://web.archive.org/web/20240623180831id_/https://standards-oui.ieee.org/oui/oui.csv
8C8CAA,recased,2024-06-23T18:08:31.000Z,"LCFC(HeFei) Electronics Technology co., ltd","LCFC(Hefei) Electronics Technology co., ltd",https://standards-oui.ieee.org/oui/oui.csv,https://web.archive.org/web/20240623180831id_/https://standards-oui.ieee.org/oui/oui.csv
902E16,recased,2024-06-23T18:08:31.000Z,"LCFC(HeFei) Electronics Technology co., ltd","LCFC(Hefei) Electronics Technology co., ltd",https://standards-oui.ieee.org/oui/oui.csv,https://web.archive.org/web/20240623180831id_/https://standards-oui.ieee.org/oui/oui.csv
983F66,renamed,2024-06-23T18:08:31.000Z,"Wuhan Funshion Online Technologies Co.,Ltd","Funshion Online Technologies Co.,Ltd",https://standards-oui.ieee.org/oui/oui.csv,https://web.archive.org/web/20240623180831id_/https://standards-oui.ieee.org/oui/oui.csv
98FA9B,recased,2024-06-23T18:08:31.000Z,"LCFC(HeFei) Electronics Technology co., ltd","LCFC(Hefei) Electronics Technology co., ltd",https://standards-oui.ieee.org/oui/oui.csv,https://web.archive.org/web/20240623180831id_/https://standards-oui.ieee.org/oui/oui.csv
9C2DCD,recased,2024-06-23T18:08:31.000Z,"LCFC(HeFei) Electronics Technology co., ltd","LCFC(Hefei) Electronics Technology co., ltd",https://standards-oui.ieee.org/oui/oui.csv,https://web.archive.org/web/20240623180831id_/https://standards-oui.ieee.org/oui/oui.csv
9CC2C4,renamed,2024-06-23T18:08:31.000Z,"Inspur Electronic Information Industry Co.,Ltd.","IEIT SYSTEMS Co., Ltd.",https://standards-oui.ieee.org/oui/oui.csv,https://web.archive.org/web/20240623180831id_/https://standards-oui.ieee.org/oui/oui.csv
9CDBCB,renamed,2024-06-23T18:08:31.000Z,"Wuhan Funshion Online Technologies Co.,Ltd","Funshion Online Technologies Co.,Ltd",https://standards-oui.ieee.org/oui/oui.csv,https://web.archive.org/web/20240623180831id_/https://standards-oui.ieee.org/oui/oui.csv
A85C03,renamed,2024-06-23T18:08:31.000Z,"Jiang Su Fulian Communication Technology Co., Ltd","JiangSu Fulian Communication Technology Co., Ltd",https://standards-oui.ieee.org/oui/oui.csv,https://web.archive.org/web/20240623180831id_/https://standards-oui.ieee.org/oui/oui.csv
B4055D,renamed,2024-06-23T18:08:31.000Z,"Inspur Electronic Information Industry Co.,Ltd.","IEIT SYSTEMS Co., Ltd.",https://standards-oui.ieee.org/oui/oui.csv,https://web.archive.org/web/20240623180831id_/https://standards-oui.ieee.org/oui/oui.csv
C4C6E6,recased,2024-06-23T18:08:31.000Z,"LCFC(HeFei) Electronics Technology co., ltd","LCFC(Hefei) Electronics Technology co., ltd",https://standards-oui.ieee.org/oui/oui.csv,https://web.archive.org/web/20240623180831id_/https://standards-oui.ieee.org/oui/oui.csv
C85B76,recased,2024-06-23T18:08:31.000Z,"LCFC(HeFei) Electronics Technology co., ltd","LCFC(Hefei) Electronics Technology co., ltd",https://standards-oui.ieee.org/oui/oui.csv,https://web.archive.org/web/20240623180831id_/https://standards-oui.ieee.org/oui/oui.csv
E817FC,renamed,2024-06-23T18:08:31.000Z,Fujitsu Cloud Technologies Limited,Fujitsu Limited,https://standards-oui.ieee.org/oui/oui.csv,https://web.archive.org/web/20240623180831id_/https://standards-oui.ieee.org/oui/oui.csv
E86A64,recased,2024-06-23T18:08:31.000Z,"LCFC(HeFei) Electronics Technology co., ltd","LCFC(Hefei) Electronics Technology co., ltd",https://standards-oui.ieee.org/oui/oui.csv,https://web.archive.org/web/20240623180831id_/https://standards-oui.ieee.org/oui/oui.csv
E88088,recased,2024-06-23T18:08:31.000Z,"LCFC(HeFei) Electronics Technology co., ltd","LCFC(Hefei) Electronics Technology co., ltd",https://standards-oui.ieee.org/oui/oui.csv,https://web.archive.org/web/20240623180831id_/https://standards-oui.ieee.org/oui/oui.csv
F04B8A,renamed,2024-06-23T18:08:31.000Z,"ARRIS Group, Inc.",Vantiva USA LLC,https://standards-oui.ieee.org/oui/oui.csv,https://web.archive.org/web/20240623180831id_/https://standards-oui.ieee.org/oui/oui.csv
F820D2,renamed,2024-06-23T18:08:31.000Z,"ARRIS Group, Inc.",Vantiva USA LLC,https://standards-oui.ieee.org/oui/oui.csv,https://web.archive.org/web/20240623180831id_/https://standards-oui.ieee.org/oui/oui.csv
F875A4,recased,2024-06-23T18:08:31.000Z,"LCFC(HeFei) Electronics Technology co., ltd","LCFC(Hefei) Electronics Technology co., ltd",https://standards-oui.ieee.org/oui/oui.csv,https://web.archive.org/web/20240623180831id_/https://standards-oui.ieee.org/oui/oui.csv
FC5CEE,recased,2024-06-23T18:08:31.000Z,"LCFC(HeFei) Electronics Technology co., ltd","LCFC(Hefei) Electronics Technology co., ltd",https://standards-oui.ieee.org/oui/oui.csv,https://web.archive.org/web/20240623180831id_/https://standards-oui.ieee.org/oui/oui.csv
000AF6,renamed,2024-07-02T18:51:01.000Z,"Emerson Climate Technologies Retail Solutions, Inc.",Copeland LP,https://standards-oui.ieee.org/oui/oui.csv,https://web.archive.org/web/20240702185101id_/https://standards-oui.ieee.org/oui/oui.csv
E43022,renamed,2024-07-02T18:51:01.000Z,Hanwha Techwin Security Vietnam,Hanwha Vision VietNam,https://standards-oui.ieee.org/oui/oui.csv,https://web.archive.org/web/20240702185101id_/https://standards-oui.ieee.org/oui/oui.csv
007532,renamed,2024-08-15T03:03:43.000Z,INID BV,Integrated Engineering BV,https://standards-oui.ieee.org/oui/oui.csv,https://web.archive.org/web/20240815030343id_/https://standards-oui.ieee.org/oui/oui.csv
105F02,renamed,2024-08-15T03:03:43.000Z,Private,"Ruijie Networks Co.,LTD",https://standards-oui.ieee.org/oui/oui.csv,https://web.archive.org/web/20240815030343id_/https://standards-oui.ieee.org/oui/oui.csv
8407C4,renamed,2024-08-15T03:03:43.000Z,Carrier Corporation,"Walter Kidde Portable Equipment, Inc.",https://standards-oui.ieee.org/oui/oui.csv,https://web.archive.org/web/20240815030343id_/https://standards-oui.ieee.org/oui/oui.csv
BCA13A,renamed,2024-08-15T03:03:43.000Z,SES-imagotag,VusionGroup,https://standards-oui.ieee.org/oui/oui.csv,https://web.archive.org/web/20240815030343id_/https://standards-oui.ieee.org/oui/oui.csv
C0BAE6,renamed,2024-08-15T03:03:43.000Z,Application Solutions (Safety and Security) Ltd,Zenitel GB Ltd,https://standards-oui.ieee.org/oui/oui.csv,https://web.archive.org/web/20240815030343id_/https://standards-oui.ieee.org/oui/oui.csv
D0C0BF,renamed,2024-08-15T03:03:43.000Z,"Actions Microelectronics Co., Ltd",Actions Microelectronics,https://standards-oui.ieee.org/oui/oui.csv,https://web.archive.org/web/20240815030343id_/https://standards-oui.ieee.org/oui/oui.csv
D4C9B2,renamed,2024-08-15T03:03:43.000Z,Quanergy Systems Inc,Quanergy Solutions Inc,https://standards-oui.ieee.org/oui/oui.csv,https://web.archive.org/web/20240815030343id_/https://standards-oui.ieee.org/oui/oui.csv
FC1928,renamed,2024-08-15T03:03:43.000Z,"Actions Microelectronics Co., Ltd",Actions Microelectronics,https://standards-oui.ieee.org/oui/oui.csv,https://web.archive.org/web/20240815030343id_/https://standards-oui.ieee.org/oui/oui.csv
000341,renamed,2024-09-17T16:39:59.000Z,Axon Digital Design,EVS Broadcast Equipment,https://standards-oui.ieee.org/oui/oui.csv,https://web.archive.org/web/20240917163959id_/https://standards-oui.ieee.org/oui/oui.csv
000B4F,renamed,2024-09-17T16:39:59.000Z,Verifone,"Verifone, Inc.",https://standards-oui.ieee.org/oui/oui.csv,https://web.archive.org/web/20240917163959id_/https://standards-oui.ieee.org/oui/oui.csv
001CF3,recased,2024-09-17T16:39:59.000Z,EVS BROADCAST EQUIPMENT,EVS Broadcast Equipment,https://standards-oui.ieee.org/oui/oui.csv,https://web.archive.org/web/20240917163959id_/https://standards-oui.ieee.org/oui/oui.csv
0022C8,renamed,2024-09-17T16:39:59.000Z,Applied Instruments B.V.,ModuVision Technologies,https://standards-oui.ieee.org/oui/oui.csv,https://web.archive.org/web/20240917163959id_/https://standards-oui.ieee.org/oui/oui.csv
0060D5,renamed,2024-09-17T16:39:59.000Z,"AMADA MIYACHI Co., Ltd","AMADA CO., LTD",https://standards-oui.ieee.org/oui/oui.csv,https://web.archive.org/web/20240917163959id_/https://standards-oui.ieee.org/oui/oui.csv
081287,recased,2024-09-17T16:39:59.000Z,"Jiangxi Risound Electronics Co., LTD","Jiangxi Risound Electronics Co.,LTD",https://standards-oui.ieee.org/oui/oui.csv,https://web.archive.org/web/20240917163959id_/https://standards-oui.ieee.org/oui/oui.csv
60C798,renamed,2024-09-17T16:39:59.000Z,Verifone,"Verifone, Inc.",https://standards-oui.ieee.org/oui/oui.csv,https://web.archive.org/web/20240917163959id_/https://standards-oui.ieee.org/oui/oui.csv
840F2A,recased,2024-09-17T16:39:59.000Z,"Jiangxi Risound Electronics Co., LTD","Jiangxi Risound Electronics Co.,LTD",https://standards-oui.ieee.org/oui/oui.csv,https://web.archive.org/web/20240917163959id_/https://standards-oui.ieee.org/oui/oui.csv
9CBF0D,renamed,2024-09-17T16:39:59.000Z,Framework Computer LLC,Framework Computer Inc.,https://standards-oui.ieee.org/oui/oui.csv,https://web.archive.org/web/20240917163959id_/https://standards-oui.ieee.org/oui/oui.csv
A46011,renamed,2024-09-17T16:39:59.000Z,Verifone,"Verifone, Inc.",https://standards-oui.ieee.org/oui/oui.csv,https://web.archive.org/web/20240917163959id_/https://standards-oui.ieee.org/oui/oui.csv
E805DC,recased,2024-09-17T16:39:59.000Z,Verifone Inc.,"Verifone, Inc.",https://standards-oui.ieee.org/oui/oui.csv,https://web.archive.org/web/20240917163959id_/https://standards-oui.ieee.org/oui/oui.csv
0000C5,renamed,2024-11-20T10:58:46.000Z,"ARRIS Group, Inc.",Commscope,https://standards-oui.ieee.org/oui/oui.csv,https://web.archive.org/web/20241120105846id_/https://standards-oui.ieee.org/oui/oui.csv
0000CA,renamed,2024-11-20T10:58:46.000Z,"ARRIS Group, Inc.",Commscope,https://standards-oui.ieee.org/oui/oui.csv,https://web.archive.org/web/20241120105846id_/https://standards-oui.ieee.org/oui/oui.csv
0003E0,renamed,2024-11-20T10:58:46.000Z,"ARRIS Group, Inc.",Commscope,https://standards-oui.ieee.org/oui/oui.csv,https://web.archive.org/web/20241120105846id_/https://standards-oui.ieee.org/oui/oui.csv
0004BD,renamed,2024-11-20T10:58:46.000Z,"ARRIS Group, Inc.",Commscope,https://standards-oui.ieee.org/oui/oui.csv,https://web.archive.org/web/20241120105846id_/https://standards-oui.ieee.org/oui/oui.csv
000540,renamed,2024-11-20T10:58:46.000Z,FAST Corporation,Tokyo Electron Device Limited,https://standards-oui.ieee.org/oui/oui.csv,https://web.archive.org/web/20241120105846id_/https://standards-oui.ieee.org/oui/oui.csv
00080E,renamed,2024-11-20T10:58:46.000Z,"ARRIS Group, Inc.",Commscope,https://standards-oui.ieee.org/oui/oui.csv,https://web.archive.org/web/20241120105846id_/https://standards-oui.ieee.org/oui/oui.csv
000B06,renamed,2024-11-20T10:58:46.000Z,"ARRIS Group, Inc.",Commscope,https://standards-oui.ieee.org/oui/oui.csv,https://web.archive.org/web/20241120105846id_/https://standards-oui.ieee.org/oui/oui.csv
000CE5,renamed,2024-11-20T10:58:46.000Z,"ARRIS Group, Inc.",Commscope,https://standards-oui.ieee.org/oui/oui.csv,https://web.archive.org/web/20241120105846id_/https://standards-oui.ieee.org/oui/oui.csv
000E5C,renamed,2024-11-20T10:58:46.000Z,"ARRIS Group, Inc.",Commscope,https://standards-oui.ieee.org/oui/oui.csv,https://web.archive.org/web/20241120105846id_/https://standards-oui.ieee.org/oui/oui.csv
000F9F,renamed,2024-11-20T10:58:46.000Z,"ARRIS Group, Inc.",Commscope,https://standards-oui.ieee.org/oui/oui.csv,https://web.archive.org/web/20241120105846id_/https://standards-oui.ieee.org/oui/oui.csv
000FCC,renamed,2024-11-20T10:58:46.000Z,"ARRIS Group, Inc.",Commscope,https://standards-oui.ieee.org/oui/oui.csv,https://web.archive.org/web/20241120105846id_/https://standards-oui.ieee.org/oui/oui.csv
00111A,renamed,2024-11-20T10:58:46.000Z,"ARRIS Group, Inc.",Commscope,https://standards-oui.ieee.org/oui/oui.csv,https://web.archive.org/web/20241120105846id_/https://standards-oui.ieee.org/oui/oui.csv
001180,renamed,2024-11-20T10:58:46.000Z,"ARRIS Group, Inc.",Commscope,https://standards-oui.ieee.org/oui/oui.csv,https://web.archive.org/web/20241120105846id_/https://standards-oui.ieee.org/oui/oui.csv
0011AE,renamed,2024-11-20T10:58:46.000Z,"ARRIS Group, Inc.",Commscope,https://standards-oui.ieee.org/oui/oui.csv,https://web.archive.org/web/20241120105846id_/https://standards-oui.ieee.org/oui/oui.csv
001225,renamed,2024-11-20T10:58:46.000Z,"ARRIS Group, Inc.",Commscope,https://standards-oui.ieee.org/oui/oui.csv,https://web.archive.org/web/20241120105846id_/https://standards-oui.ieee.org/oui/oui.csv
00128A,renamed,2024-11-20T10:58:46.000Z,"ARRIS Group, Inc.",Commscope,https://standards-oui.ieee.org/oui/oui.csv,https://web.archive.org/web/20241120105846id_/https://standards-oui.ieee.org/oui/oui.csv
0012C9,renamed,2024-11-20T10:58:46.000Z,"ARRIS Group, Inc.",Commscope,https://standards-oui.ieee.org/oui/oui.csv,https://web.archive.org/web/20241120105846id_/https://standards-oui.ieee.org/oui/oui.csv
001311,renamed,2024-11-20T10:58:46.000Z,"ARRIS Group, Inc.",Commscope,https://standards-oui.ieee.org/oui/oui.csv,https://web.archive.org/web/20241120105846id_/https://standards-oui.ieee.org/oui/oui.csv
001371,renamed,2024-11-20T10:58:46.000Z,"ARRIS Group, Inc.",Commscope,https://standards-oui.ieee.org/oui/oui.csv,https://web.archive.org/web/20241120105846id_/https://standards-oui.ieee.org/oui/oui.csv
001404,renamed,2024-11-20T10:58:46.000Z,"ARRIS Group, Inc.",Commscope,https://standards-oui.ieee.org/oui/oui.csv,https://web.archive.org/web/20241120105846id_/https://standards-oui.ieee.org/oui/oui.csv
00149A,renamed,2024-11-20T10:58:46.000Z,"ARRIS Group, Inc.",Commscope,https://standards-oui.ieee.org/oui/oui.csv,https://web.archive.org/web/20241120105846id_/https://standards-oui.ieee.org/oui/oui.csv
0014E8,renamed,2024-11-20T10:58:46.000Z,"ARRIS Group, Inc.",Commscope,https://standards-oui.ieee.org/oui/oui.csv,https://web.archive.org/web/20241120105846id_/https://standards-oui.ieee.org/oui/oui.csv
00152F,renamed,2024-11-20T10:58:46.000Z,"ARRIS Group, Inc.",Commscope,https://standards-oui.ieee.org/oui/oui.csv,https://web.archive.org/web/20241120105846id_/https://standards-oui.ieee.org/oui/oui.csv
001596,renamed,2024-11-20T10:58:46.000Z,"ARRIS Group, Inc.",Commscope,https://standards-oui.ieee.org/oui/oui.csv,https://web.archive.org/web/20241120105846id_/https://standards-oui.ieee.org/oui/oui.csv
00159A,renamed,2024-11-20T10:58:46.000Z,"ARRIS Group, Inc.",Commscope,https://standards-oui.ieee.org/oui/oui.csv,https://web.archive.org/web/20241120105846id_/https://standards-oui.ieee.org/oui/oui.csv
0015A2,renamed,2024-11-20T10:58:46.000Z,"ARRIS Group, Inc.",Commscope,https://standards-oui.ieee.org/oui/oui.csv,https://web.archive.org/web/20241120105846id_/https://standards-oui.ieee.org/oui/oui.csv
0015A3,renamed,2024-11-20T10:58:46.000Z,"ARRIS Group, Inc.",Commscope,https://standards-oui.ieee.org/oui/oui.csv,https://web.archive.org/web/20241120105846id_/https://standards-oui.ieee.org/oui/oui.csv
0015A4,renamed,2024-11-20T10:58:46.000Z,"ARRIS Group, Inc.",Commscope,https://standards-oui.ieee.org/oui/oui.csv,https://web.archive.org/web/20241120105846id_/https://standards-oui.ieee.org/oui/oui.csv
0015A8,renamed,2024-11-20T10:58:46.000Z,"ARRIS Group, Inc.",Commscope,https://standards-oui.ieee.org/oui/oui.csv,https://web.archive.org/web/20241120105846id_/https://standards-oui.ieee.org/oui/oui.csv
0015CE,renamed,2024-11-20T10:58:46.000Z,"ARRIS Group, Inc.",Commscope,https://standards-oui.ieee.org/oui/oui.csv,https://web.archive.org/web/20241120105846id_/https://standards-oui.ieee.org/oui/oui.csv
0015CF,renamed,2024-11-20T10:58:46.000Z,"ARRIS Group, Inc.",Commscope,https://standards-oui.ieee.org/oui/oui.csv,https://web.archive.org/web/20241120105846id_/https://standards-oui.ieee.org/oui/oui.csv
0015D0,renamed,2024-11-20T10:58:46.000Z,"ARRIS Group, Inc.",Commscope,https://standards-oui.ieee.org/oui/oui.csv,https://web.archive.org/web/20241120105846id_/https://standards-oui.ieee.org/oui/oui.csv
0015D1,renamed,2024-11-20T10:58:46.000Z,"ARRIS Group, Inc.",Commscope,https://standards-oui.ieee.org/oui/oui.csv,https://web.archive.org/web/20241120105846id_/https://standards-oui.ieee.org/oui/oui.csv
001626,renamed,2024-11-20T10:58:46.000Z,"ARRIS Group, Inc.",Commscope,https://standards-oui.ieee.org/oui/oui.csv,https://web.archive.org/web/20241120105846id_/https://standards-oui.ieee.org/oui/oui.csv
001675,renamed,2024-11-20T10:58:46.000Z,"ARRIS Group, Inc.",Commscope,https://standards-oui.ieee.org/oui/oui.csv,https://web.archive.org/web/20241120105846id_/https://standards-oui.ieee.org/oui/oui.csv
0016B5,renamed,2024-11-20T10:58:46.000Z,"ARRIS Group, Inc.",Commscope,https://standards-oui.ieee.org/oui/oui.csv,https://web.archive.org/web/20241120105846id_/https://standards-oui.ieee.org/oui/oui.csv
001700,renamed,2024-11-20T10:58:46.000Z,"ARRIS Group, Inc.",Commscope,https://standards-oui.ieee.org/oui/oui.csv,https://web.archive.org/web/20241120105846id_/https://standards-oui.ieee.org/oui/oui.csv
001784,renamed,2024-11-20T10:58:46.000Z,"ARRIS Group, Inc.",Commscope,https://standards-oui.ieee.org/oui/oui.csv,https://web.archive.org/web/20241120105846id_/https://standards-oui.ieee.org/oui/oui.csv
0017E2,renamed,2024-11-20T10:58:46.000Z,"ARRIS Group, Inc.",Commscope,https://standards-oui.ieee.org/oui/oui.csv,https://web.archive.org/web/20241120105846id_/https://standards-oui.ieee.org/oui/oui.csv
0017EE,renamed,2024-11-20T10:58:46.000Z,"ARRIS Group, Inc.",Commscope,https://standards-oui.ieee.org/oui/oui.csv,https://web.archive.org/web/20241120105846id_/https://standards-oui.ieee.org/oui/oui.csv
0018A4,renamed,2024-11-20T10:58:46.000Z,"ARRIS Group, Inc.",Commscope,https://standards-oui.ieee.org/oui/oui.csv,https://web.archive.org/web/20241120105846id_/https://standards-oui.ieee.org/oui/oui.csv
0018C0,renamed,2024-11-20T10:58:46.000Z,"ARRIS Group, Inc.",Commscope,https://standards-oui.ieee.org/oui/oui.csv,https://web.archive.org/web/20241120105846id_/https://standards-oui.ieee.org/oui/oui.csv
00192C,renamed,2024-11-20T10:58:46.000Z,"ARRIS Group, Inc.",Commscope,https://standards-oui.ieee.org/oui/oui.csv,https://web.archive.org/web/20241120105846id_/https://standards-oui.ieee.org/oui/oui.csv
00195E,renamed,2024-11-20T10:58:46.000Z,"ARRIS Group, Inc.",Commscope,https://standards-oui.ieee.org/oui/oui.csv,https://web.archive.org/web/20241120105846id_/https://standards-oui.ieee.org/oui/oui.csv
0019A6,renamed,2024-11-20T10:58:46.000Z,"ARRIS Group, Inc.",Commscope,https://standards-oui.ieee.org/oui/oui.csv,https://web.archive.org/web/20241120105846id_/https://standards-oui.ieee.org/oui/oui.csv
0019C0,renamed,2024-11-20T10:58:46.000Z,"ARRIS Group, Inc.",Commscope,https://standards-oui.ieee.org/oui/oui.csv,https://web.archive.org/web/20241120105846id_/https://standards-oui.ieee.org/oui/oui.csv
001A1B,renamed,2024-11-20T10:58:46.000Z,"ARRIS Group, Inc.",Commscope,https://standards-oui.ieee.org/oui/oui.csv,https://web.archive.org/web/20241120105846id_/https://standards-oui.ieee.org/oui/oui.csv
001A66,renamed,2024-11-20T10:58:46.000Z,"ARRIS Group, Inc.",Commscope,https://standards-oui.ieee.org/oui/oui.csv,https://web.archive.org/web/20241120105846id_/https://standards-oui.ieee.org/oui/oui.csv
001A77,renamed,2024-11-20T10:58:46.000Z,"ARRIS Group, Inc.",Commscope,https://standards-oui.ieee.org/oui/oui.csv,https://web.archive.org/web/20241120105846id_/https://standards-oui.ieee.org/oui/oui.csv
001AAD,renamed,2024-11-20T10:58:46.000Z,"ARRIS Group, Inc.",Commscope,https://standards-oui.ieee.org/oui/oui.csv,https://web.archive.org/web/20241120105846id_/https://standards-oui.ieee.org/oui/oui.csv
001ADB,renamed,2024-11-20T10:58:46.000Z,"ARRIS Group, Inc.",Commscope,https://standards-oui.ieee.org/oui/oui.csv,https://web.archive.org/web/20241120105846id_/https://standards-oui.ieee.org/oui/oui.csv
001ADE,renamed,2024-11-20T10:58:46.000Z,"ARRIS Group, Inc.",Commscope,https://standards-oui.ieee.org/oui/oui.csv,https://web.archive.org/web/20241120105846id_/https://standards-oui.ieee.org/oui/oui.csv
001B52,renamed,2024-11-20T10:58:46.000Z,"ARRIS Group, Inc.",Commscope,https://standards-oui.ieee.org/oui/oui.csv,https://web.archive.org/web/20241120105846id_/https://standards-oui.ieee.org/oui/oui.csv
001BDD,renamed,2024-11-20T10:58:46.000Z,"ARRIS Group, Inc.",Commscope,https://standards-oui.ieee.org/oui/oui.csv,https://web.archive.org/web/20241120105846id_/https://standards-oui.ieee.org/oui/oui.csv
001C11,renamed,2024-11-20T10:58:46.000Z,"ARRIS Group, Inc.",Commscope,https://standards-oui.ieee.org/oui/oui.csv,https://web.archive.org/web/20241120105846id_/https://standards-oui.ieee.org/oui/oui.csv
001C12,renamed,2024-11-20T10:58:46.000Z,"ARRIS Group, Inc.",Commscope,https://standards-oui.ieee.org/oui/oui.csv,https://web.archive.org/web/20241120105846id_/https://standards-oui.ieee.org/oui/oui.csv
001CC1,renamed,2024-11-20T10:58:46.000Z,"ARRIS Group, Inc.",Commscope,https://standards-oui.ieee.org/oui/oui.csv,https://web.archive.org/web/20241120105846id_/https://standards-oui.ieee.org/oui/oui.csv
001CC3,renamed,2024-11-20T10:58:46.000Z,"ARRIS Group, Inc.",Commscope,https://standards-oui.ieee.org/oui/oui.csv,https://web.archive.org/web/20241120105846id_/https://standards-oui.ieee.org/oui/oui.csv
001CFB,renamed,2024-11-20T10:58:46.000Z,"ARRIS Group, Inc.",Commscope,https://standards-oui.ieee.org/oui/oui.csv,https://web.archive.org/web/20241120105846id_/https://standards-oui.ieee.org/oui/oui.csv
001D6B,renamed,2024-11-20T10:58:46.000Z,"ARRIS Group, Inc.",Commscope,https://standards-oui.ieee.org/oui/oui.csv,https://web.archive.org/web/20241120105846id_/https://standards-oui.ieee.org/oui/oui.csv
001DBE,renamed,2024-11-20T10:58:46.000Z,"ARRIS Group, Inc.",Commscope,https://standards-oui.ieee.org/oui/oui.csv,https://web.archive.org/web/20241120105846id_/https://standards-oui.ieee.org/oui/oui.csv
001DCD,renamed,2024-11-20T10:58:46.000Z,"ARRIS Group, Inc.",Commscope,https://standards-oui.ieee.org/oui/oui.csv,https://web.archive.org/web/20241120105846id_/https://standards-oui.ieee.org/oui/oui.csv
001DCE,renamed,2024-11-20T10:58:46.000Z,"ARRIS Group, Inc.",Commscope,https://standards-oui.ieee.org/oui/oui.csv,https://web.archive.org/web/20241120105846id_/https://standards-oui.ieee.org/oui/oui.csv
001DCF,renamed,2024-11-20T10:58:46.000Z,"ARRIS Group, Inc.",Commscope,https://standards-oui.ieee.org/oui/oui.csv,https://web.archive.org/web/20241120105846id_/https://standards-oui.ieee.org/oui/oui.csv
001DD0,renamed,2024-11-20T10:58:46.000Z,"ARRIS Group, Inc.",Commscope,https://standards-oui.ieee.org/oui/oui.csv,https://web.archive.org/web/20241120105846id_/https://standards-oui.ieee.org/oui/oui.csv
001DD1,renamed,2024-11-20T10:58:46.000Z,"ARRIS Group, Inc.",Commscope,https://standards-oui.ieee.org/oui/oui.csv,https://web.archive.org/web/20241120105846id_/https://standards-oui.ieee.org/oui/oui.csv
001DD2,renamed,2024-11-20T10:58:46.000Z,"ARRIS Group, Inc.",Commscope,https://standards-oui.ieee.org/oui/oui.csv,https://web.archive.org/web/20241120105846id_/https://standards-oui.ieee.org/oui/oui.csv
001DD3,renamed,2024-11-20T10:58:46.000Z,"ARRIS Group, Inc.",Commscope,https://standards-oui.ieee.org/oui/oui.csv,https://web.archive.org/web/20241120105846id_/https://standards-oui.ieee.org/oui/oui.csv
001DD4,renamed,2024-11-20T10:58:46.000Z,"ARRIS Group, Inc.",Commscope,https://standards-oui.ieee.org/oui/oui.csv,https://web.archive.org/web/20241120105846id_/https://standards-oui.ieee.org/oui/oui.csv
001DD5,renamed,2024-11-20T10:58:46.000Z,"ARRIS Group, Inc.",Commscope,https://standards-oui.ieee.org/oui/oui.csv,https://web.archive.org/web/20241120105846id_/https://standards-oui.ieee.org/oui/oui.csv
001DD6,renamed,2024-11-20T10:58:46.000Z,"ARRIS Group, Inc.",Commscope,https://standards-oui.ieee.org/oui/oui.csv,https://web.archive.org/web/20241120105846id_/https://standards-oui.ieee.org/oui/oui.csv
001E46,renamed,2024-11-20T10:58:46.000Z,"ARRIS Group, Inc.",Commscope,https://standards-oui.ieee.org/oui/oui.csv,https://web.archive.org/web/20241120105846id_/https://standards-oui.ieee.org/oui/oui.csv
001E5A,renamed,2024-11-20T10:58:46.000Z,"ARRIS Group, Inc.",Commscope,https://standards-oui.ieee.org/oui/oui.csv,https://web.archive.org/web/20241120105846id_/https://standards-oui.ieee.org/oui/oui.csv
001E8D,renamed,2024-11-20T10:58:46.000Z,"ARRIS Group, Inc.",Commscope,https://standards-oui.ieee.org/oui/oui.csv,https://web.archive.org/web/20241120105846id_/https://standards-oui.ieee.org/oui/oui.csv
001F7E,renamed,2024-11-20T10:58:46.000Z,"ARRIS Group, Inc.",Commscope,https://standards-oui.ieee.org/oui/oui.csv,https://web.archive.org/web/20241120105846id_/https://standards-oui.ieee.org/oui/oui.csv
001FC4,renamed,2024-11-20T10:58:46.000Z,"ARRIS Group, Inc.",Commscope,https://standards-oui.ieee.org/oui/oui.csv,https://web.archive.org/web/20241120105846id_/https://standards-oui.ieee.org/oui/oui.csv
002040,renamed,2024-11-20T10:58:46.000Z,"ARRIS Group, Inc.",Commscope,https://standards-oui.ieee.org/oui/oui.csv,https://web.archive.org/web/20241120105846id_/https://standards-oui.ieee.org/oui/oui.csv
00211E,renamed,2024-11-20T10:58:46.000Z,"ARRIS Group, Inc.",Commscope,https://standards-oui.ieee.org/oui/oui.csv,https://web.archive.org/web/20241120105846id_/https://standards-oui.ieee.org/oui/oui.csv
002136,renamed,2024-11-20T10:58:46.000Z,"ARRIS Group, Inc.",Commscope,https://standards-oui.ieee.org/oui/oui.csv,https://web.archive.org/web/20241120105846id_/https://standards-oui.ieee.org/oui/oui.csv
002143,renamed,2024-11-20T10:58:46.000Z,"ARRIS Group, Inc.",Commscope,https://standards-oui.ieee.org/oui/oui.csv,https://web.archive.org/web/20241120105846id_/https://standards-oui.ieee.org/oui/oui.csv
002180,renamed,2024-11-20T10:58:46.000Z,"ARRIS Group, Inc.",Commscope,https://standards-oui.ieee.org/oui/oui.csv,https://web.archive.org/web/20241120105846id_/https://standards-oui.ieee.org/oui/oui.csv
002210,renamed,2024-11-20T10:58:46.000Z,"ARRIS Group, Inc.",Commscope,https://standards-oui.ieee.org/oui/oui.csv,https://web.archive.org/web/20241120105846id_/https://standards-oui.ieee.org/oui/oui.csv
0022B4,renamed,2024-11-20T10:58:46.000Z,"ARRIS Group, Inc.",Commscope,https://standards-oui.ieee.org/oui/oui.csv,https://web.archive.org/web/20241120105846id_/https://standards-oui.ieee.org/oui/oui.csv
00230B,renamed,2024-11-20T10:58:46.000Z,"ARRIS Group, Inc.",Commscope,https://standards-oui.ieee.org/oui/oui.csv,https://web.archive.org/web/20241120105846id_/https://standards-oui.ieee.org/oui/oui.csv
002374,renamed,2024-11-20T10:58:46.000Z,"ARRIS Group, Inc.",Commscope,https://standards-oui.ieee.org/oui/oui.csv,https://web.archive.org/web/20241120105846id_/https://standards-oui.ieee.org/oui/oui.csv
002375,renamed,2024-11-20T10:58:46.000Z,"ARRIS Group, Inc.",Commscope,https://standards-oui.ieee.org/oui/oui.csv,https://web.archive.org/web/20241120105846id_/https://standards-oui.ieee.org/oui/oui.csv
002395,renamed,2024-11-20T10:58:46.000Z,"ARRIS Group, Inc.",Commscope,https://standards-oui.ieee.org/oui/oui.csv,https://web.archive.org/web/20241120105846id_/https://standards-oui.ieee.org/oui/oui.csv
0023A2,renamed,2024-11-20T10:58:46.000Z,"ARRIS Group, Inc.",Commscope,https://standards-oui.ieee.org/oui/oui.csv,https://web.archive.org/web/20241120105846id_/https://standards-oui.ieee.org/oui/oui.csv
0023A3,renamed,2024-11-20T10:58:46.000Z,"ARRIS Group, Inc.",Commscope,https://standards-oui.ieee.org/oui/oui.csv,https://web.archive.org/web/20241120105846id_/https://standards-oui.ieee.org/oui/oui.csv
0023AF,renamed,2024-11-20T10:58:46.000Z,"ARRIS Group, Inc.",Commscope,https://standards-oui.ieee.org/oui/oui.csv,https://web.archive.org/web/20241120105846id_/https://standards-oui.ieee.org/oui/oui.csv
0023ED,renamed,2024-11-20T10:58:46.000Z,"ARRIS Group, Inc.",Commscope,https://standards-oui.ieee.org/oui/oui.csv,https://web.archive.org/web/20241120105846id_/https://standards-oui.ieee.org/oui/oui.csv
0023EE,renamed,2024-11-20T10:58:46.000Z,"ARRIS Group, Inc.",Commscope,https://standards-oui.ieee.org/oui/oui.csv,https://web.archive.org/web/20241120105846id_/https://standards-oui.ieee.org/oui/oui.csv
002493,renamed,2024-11-20T10:58:46.000Z,"ARRIS Group, Inc.",Commscope,https://standards-oui.ieee.org/oui/oui.csv,https://web.archive.org/web/20241120105846id_/https://standards-oui.ieee.org/oui/oui.csv
002495,renamed,2024-11-20T10:58:46.000Z,"ARRIS Group, Inc.",Commscope,https://standards-oui.ieee.org/oui/oui.csv,https://web.archive.org/web/20241120105846id_/https://standards-oui.ieee.org/oui/oui.csv
0024A0,renamed,2024-11-20T10:58:46.000Z,"ARRIS Group, Inc.",Commscope,https://standards-oui.ieee.org/oui/oui.csv,https://web.archive.org/web/20241120105846id_/https://standards-oui.ieee.org/oui/oui.csv
0024A1,renamed,2024-11-20T10:58:46.000Z,"ARRIS Group, Inc.",Commscope,https://standards-oui.ieee.org/oui/oui.csv,https://web.archive.org/web/20241120105846id_/https://standards-oui.ieee.org/oui/oui.csv
0024C1,renamed,2024-11-20T10:58:46.000Z,"ARRIS Group, Inc.",Commscope,https://standards-oui.ieee.org/oui/oui.csv,https://web.archive.org/web/20241120105846id_/https://standards-oui.ieee.org/oui/oui.csv
0025F1,renamed,2024-11-20T10:58:46.000Z,"ARRIS Group, Inc.",Commscope,https://standards-oui.ieee.org/oui/oui.csv,https://web.archive.org/web/20241120105846id_/https://standards-oui.ieee.org/oui/oui.csv
0025F2,renamed,2024-11-20T10:58:46.000Z,"ARRIS Group, Inc.",Commscope,https://standards-oui.ieee.org/oui/oui.csv,https://web.archive.org/web/20241120105846id_/https://standards-oui.ieee.org/oui/oui.csv
002636,renamed,2024-11-20T10:58:46.000Z,"ARRIS Group, Inc.",Commscope,https://standards-oui.ieee.org/oui/oui.csv,https://web.archive.org/web/20241120105846id_/https://standards-oui.ieee.org/oui/oui.csv
002641,renamed,2024-11-20T10:58:46.000Z,"ARRIS Group, Inc.",Commscope,https://standards-oui.ieee.org/oui/oui.csv,https://web.archive.org/web/20241120105846id_/https://standards-oui.ieee.org/oui/oui.csv
002642,renamed,2024-11-20T10:58:46.000Z,"ARRIS Group, Inc.",Commscope,https://standards-oui.ieee.org/oui/oui.csv,https://web.archive.org/web/20241120105846id_/https://standards-oui.ieee.org/oui/oui.csv
0026BA,renamed,2024-11-20T10:58:46.000Z,"ARRIS Group, Inc.",Commscope,https://standards-oui.ieee.org/oui/oui.csv,https://web.archive.org/web/20241120105846id_/https://standards-oui.ieee.org/oui/oui.csv
0026D9,renamed,2024-11-20T10:58:46.000Z,"ARRIS Group, Inc.",Commscope,https://standards-oui.ieee.org/oui/oui.csv,https://web.archive.org/web/20241120105846id_/https://standards-oui.ieee.org/oui/oui.csv
003676,renamed,2024-11-20T10:58:46.000Z,"ARRIS Group, Inc.",Commscope,https://standards-oui.ieee.org/oui/oui.csv,https://web.archive.org/web/20241120105846id_/https://standards-oui.ieee.org/oui/oui.csv
004031,renamed,2024-11-20T10:58:46.000Z,"KOKUSAI ELECTRIC CO., LTD","Hitachi Kokusai Electric, Inc.",https://standards-oui.ieee.org/oui/oui.csv,https://web.archive.org/web/20241120105846id_/https://standards-oui.ieee.org/oui/oui.csv
005094,renamed,2024-11-20T10:58:46.000Z,"ARRIS Group, Inc.",Commscope,https://standards-oui.ieee.org/oui/oui.csv,https://web.archive.org/web/20241120105846id_/https://standards-oui.ieee.org/oui/oui.csv
0050E3,renamed,2024-11-20T10:58:46.000Z,"ARRIS Group, Inc.",Commscope,https://standards-oui.ieee.org/oui/oui.csv,https://web.archive.org/web/20241120105846id_/https://standards-oui.ieee.org/oui/oui.csv
00909C,renamed,2024-11-20T10:58:46.000Z,"ARRIS Group, Inc.",Commscope,https://standards-oui.ieee.org/oui/oui.csv,https://web.archive.org/web/20241120105846id_/https://standards-oui.ieee.org/oui/oui.csv
00909D,renamed,2024-11-20T10:58:46.000Z,"NovaTech Process Solutions, LLC","NovaTech, LLC",https://standards-oui.ieee.org/oui/oui.csv,https://web.archive.org/web/20241120105846id_/https://standards-oui.ieee.org/oui/oui.csv
00A045,renamed,2024-11-20T10:58:46.000Z,PHOENIX CONTACT Electronics GmbH,Phoenix Contact GmbH & Co. KG,https://standards-oui.ieee.org/oui/oui.csv,https://web.archive.org/web/20241120105846id_/https://standards-oui.ieee.org/oui/oui.csv
00ACE0,renamed,2024-11-20T10:58:46.000Z,"ARRIS Group, Inc.",Commscope,https://standards-oui.ieee.org/oui/oui.csv,https://web.archive.org/web/20241120105846id_/https://standards-oui.ieee.org/oui/oui.csv
00D037,renamed,2024-11-20T10:58:46.000Z,"ARRIS Group, Inc.",Commscope,https://standards-oui.ieee.org/oui/oui.csv,https://web.archive.org/web/20241120105846id_/https://standards-oui.ieee.org/oui/oui.csv
00D088,renamed,2024-11-20T10:58:46.000Z,"ARRIS Group, Inc.",Commscope,https://standards-oui.ieee.org/oui/oui.csv,https://web.archive.org/web/20241120105846id_/https://standards-oui.ieee.org/oui/oui.csv
00E06F,renamed,2024-11-20T10:58:46.000Z,"ARRIS Group, Inc.",Commscope,https://standards-oui.ieee.org/oui/oui.csv,https://web.archive.org/web/20241120105846id_/https://standards-oui.ieee.org/oui/oui.csv
044E5A,renamed,2024-11-20T10:58:46.000Z,"ARRIS Group, Inc.",Commscope,https://standards-oui.ieee.org/oui/oui.csv,https://web.archive.org/web/20241120105846id_/https://standards-oui.ieee.org/oui/oui.csv
083E0C,renamed,2024-11-20T10:58:46.000Z,"ARRIS Group, Inc.",Commscope,https://standards-oui.ieee.org/oui/oui.csv,https://web.archive.org/web/20241120105846id_/https://standards-oui.ieee.org/oui/oui.csv
0C7FB2,renamed,2024-11-20T10:58:46.000Z,"ARRIS Group, Inc.",Commscope,https://standards-oui.ieee.org/oui/oui.csv,https://web.archive.org/web/20241120105846id_/https://standards-oui.ieee.org/oui/oui.csv
0CB771,renamed,2024-11-20T10:58:46.000Z,"ARRIS Group, Inc.",Commscope,https://standards-oui.ieee.org/oui/oui.csv,https://web.archive.org/web/20241120105846id_/https://standards-oui.ieee.org/oui/oui.csv
0CEAC9,renamed,2024-11-20T10:58:46.000Z,"ARRIS Group, Inc.",Commscope,https://standards-oui.ieee.org/oui/oui.csv,https://web.archive.org/web/20241120105846id_/https://standards-oui.ieee.org/oui/oui.csv
0CF893,renamed,2024-11-20T10:58:46.000Z,"ARRIS Group, Inc.",Commscope,https://standards-oui.ieee.org/oui/oui.csv,https://web.archive.org/web/20241120105846id_/https://standards-oui.ieee.org/oui/oui.csv
1005B1,renamed,2024-11-20T10:58:46.000Z,"ARRIS Group, Inc.",Commscope,https://standards-oui.ieee.org/oui/oui.csv,https://web.archive.org/web/20241120105846id_/https://standards-oui.ieee.org/oui/oui.csv
105611,renamed,2024-11-20T10:58:46.000Z,"ARRIS Group, Inc.",Commscope,https://standards-oui.ieee.org/oui/oui.csv,https://web.archive.org/web/20241120105846id_/https://standards-oui.ieee.org/oui/oui.csv
10868C,renamed,2024-11-20T10:58:46.000Z,"ARRIS Group, Inc.",Commscope,https://standards-oui.ieee.org/oui/oui.csv,https://web.archive.org/web/20241120105846id_/https://standards-oui.ieee.org/oui/oui.csv
109397,renamed,2024-11-20T10:58:46.000Z,"ARRIS Group, Inc.",Commscope,https://standards-oui.ieee.org/oui/oui.csv,https://web.archive.org/web/20241120105846id_/https://standards-oui.ieee.org/oui/oui.csv
10E177,renamed,2024-11-20T10:58:46.000Z,"ARRIS Group, Inc.",Commscope,https://standards-oui.ieee.org/oui/oui.csv,https://web.archive.org/web/20241120105846id_/https://standards-oui.ieee.org/oui/oui.csv
145BD1,renamed,2024-11-20T10:58:46.000Z,"ARRIS Group, Inc.",Commscope,https://standards-oui.ieee.org/oui/oui.csv,https://web.archive.org/web/20241120105846id_/https://standards-oui.ieee.org/oui/oui.csv
14ABF0,renamed,2024-11-20T10:58:46.000Z,"ARRIS Group, Inc.",Commscope,https://standards-oui.ieee.org/oui/oui.csv,https://web.archive.org/web/20241120105846id_/https://standards-oui.ieee.org/oui/oui.csv
14C03E,renamed,2024-11-20T10:58:46.000Z,"ARRIS Group, Inc.",Commscope,https://standards-oui.ieee.org/oui/oui.csv,https://web.archive.org/web/20241120105846id_/https://standards-oui.ieee.org/oui/oui.csv
14CFE2,renamed,2024-11-20T10:58:46.000Z,"ARRIS Group, Inc.",Commscope,https://standards-oui.ieee.org/oui/oui.csv,https://web.archive.org/web/20241120105846id_/https://standards-oui.ieee.org/oui/oui.csv
14D4FE,renamed,2024-11-20T10:58:46.000Z,"ARRIS Group, Inc.",Commscope,https://standards-oui.ieee.org/oui/oui.csv,https://web.archive.org/web/20241120105846id_/https://standards-oui.ieee.org/oui/oui.csv
1820D5,renamed,2024-11-20T10:58:46.000Z,"ARRIS Group, Inc.",Commscope,https://standards-oui.ieee.org/oui/oui.csv,https://web.archive.org/web/20241120105846id_/https://standards-oui.ieee.org/oui/oui.csv
1835D1,renamed,2024-11-20T10:58:46.000Z,"ARRIS Group, Inc.",Commscope,https://standards-oui.ieee.org/oui/oui.csv,https://web.archive.org/web/20241120105846id_/https://standards-oui.ieee.org/oui/oui.csv
189C27,renamed,2024-11-20T10:58:46.000Z,"ARRIS Group, Inc.",Commscope,https://standards-oui.ieee.org/oui/oui.csv,https://web.archive.org/web/20241120105846id_/https://standards-oui.ieee.org/oui/oui.csv
18B81F,renamed,2024-11-20T10:58:46.000Z,"ARRIS Group, Inc.",Commscope,https://standards-oui.ieee.org/oui/oui.csv,https://web.archive.org/web/20241120105846id_/https://standards-oui.ieee.org/oui/oui.csv
1C1448,renamed,2024-11-20T10:58:46.000Z,"ARRIS Group, Inc.",Commscope,https://standards-oui.ieee.org/oui/oui.csv,https://web.archive.org/web/20241120105846id_/https://standards-oui.ieee.org/oui/oui.csv
1C1B68,renamed,2024-11-20T10:58:46.000Z,"ARRIS Group, Inc.",Commscope,https://standards-oui.ieee.org/oui/oui.csv,https://web.archive.org/web/20241120105846id_/https://standards-oui.ieee.org/oui/oui.csv
1C573E,renamed,2024-11-20T10:58:46.000Z,Altice Labs S.A.,Altice Labs,https://standards-oui.ieee.org/oui/oui.csv,https://web.archive.org/web/20241120105846id_/https://standards-oui.ieee.org/oui/oui.csv
1C937C,renamed,2024-11-20T10:58:46.000Z,"ARRIS Group, Inc.",Commscope,https://standards-oui.ieee.org/oui/oui.csv,https://web.archive.org/web/20241120105846id_/https://standards-oui.ieee.org/oui/oui.csv
203D66,renamed,2024-11-20T10:58:46.000Z,"ARRIS Group, Inc.",Commscope,https://standards-oui.ieee.org/oui/oui.csv,https://web.archive.org/web/20241120105846id_/https://standards-oui.ieee.org/oui/oui.csv
207355,renamed,2024-11-20T10:58:46.000Z,"ARRIS Group, Inc.",Commscope,https://standards-oui.ieee.org/oui/oui.csv,https://web.archive.org/web/20241120105846id_/https://standards-oui.ieee.org/oui/oui.csv
20E564,renamed,2024-11-20T10:58:46.000Z,"ARRIS Group, Inc.",Commscope,https://standards-oui.ieee.org/oui/oui.csv,https://web.archive.org/web/20241120105846id_/https://standards-oui.ieee.org/oui/oui.csv
20F19E,renamed,2024-11-20T10:58:46.000Z,"ARRIS Group, Inc.",Commscope,https://standards-oui.ieee.org/oui/oui.csv,https://web.archive.org/web/20241120105846id_/https://standards-oui.ieee.org/oui/oui.csv
20F375,renamed,2024-11-20T10:58:46.000Z,"ARRIS Group, Inc.",Commscope,https://standards-oui.ieee.org/oui/oui.csv,https://web.archive.org/web/20241120105846id_/https://standards-oui.ieee.org/oui/oui.csv
240A63,renamed,2024-11-20T10:58:46.000Z,"ARRIS Group, Inc.",Commscope,https://standards-oui.ieee.org/oui/oui.csv,https://web.archive.org/web/20241120105846id_/https://standards-oui.ieee.org/oui/oui.csv
2494CB,renamed,2024-11-20T10:58:46.000Z,"ARRIS Group, Inc.",Commscope,https://standards-oui.ieee.org/oui/oui.csv,https://web.archive.org/web/20241120105846id_/https://standards-oui.ieee.org/oui/oui.csv
24A186,renamed,2024-11-20T10:58:46.000Z,"ARRIS Group, Inc.",Commscope,https://standards-oui.ieee.org/oui/oui.csv,https://web.archive.org/web/20241120105846id_/https://standards-oui.ieee.org/oui/oui.csv
287AEE,renamed,2024-11-20T10:58:46.000Z,"ARRIS Group, Inc.",Commscope,https://standards-oui.ieee.org/oui/oui.csv,https://web.archive.org/web/20241120105846id_/https://standards-oui.ieee.org/oui/oui.csv
28C87A,renamed,2024-11-20T10:58:46.000Z,"ARRIS Group, Inc.",Commscope,https://standards-oui.ieee.org/oui/oui.csv,https://web.archive.org/web/20241120105846id_/https://standards-oui.ieee.org/oui/oui.csv
28F5D1,renamed,2024-11-20T10:58:46.000Z,"ARRIS Group, Inc.",Commscope,https://standards-oui.ieee.org/oui/oui.csv,https://web.archive.org/web/20241120105846id_/https://standards-oui.ieee.org/oui/oui.csv
2C00AB,renamed,2024-11-20T10:58:46.000Z,"ARRIS Group, Inc.",Commscope,https://standards-oui.ieee.org/oui/oui.csv,https://web.archive.org/web/20241120105846id_/https://standards-oui.ieee.org/oui/oui.csv
2C1DB8,renamed,2024-11-20T10:58:46.000Z,"ARRIS Group, Inc.",Commscope,https://standards-oui.ieee.org/oui/oui.csv,https://web.archive.org/web/20241120105846id_/https://standards-oui.ieee.org/oui/oui.csv
2C584F,renamed,2024-11-20T10:58:46.000Z,"ARRIS Group, Inc.",Commscope,https://standards-oui.ieee.org/oui/oui.csv,https://web.archive.org/web/20241120105846id_/https://standards-oui.ieee.org/oui/oui.csv
2C7E81,renamed,2024-11-20T10:58:46.000Z,"ARRIS Group, Inc.",Commscope,https://standards-oui.ieee.org/oui/oui.csv,https://web.archive.org/web/20241120105846id_/https://standards-oui.ieee.org/oui/oui.csv
2C9569,renamed,2024-11-20T10:58:46.000Z,"ARRIS Group, Inc.",Commscope,https://standards-oui.ieee.org/oui/oui.csv,https://web.archive.org/web/20241120105846id_/https://standards-oui.ieee.org/oui/oui.csv
2C9924,renamed,2024-11-20T10:58:46.000Z,"ARRIS Group, Inc.",Commscope,https://standards-oui.ieee.org/oui/oui.csv,https://web.archive.org/web/20241120105846id_/https://standards-oui.ieee.org/oui/oui.csv
2C9E5F,renamed,2024-11-20T10:58:46.000Z,"ARRIS Group, Inc.",Commscope,https://standards-oui.ieee.org/oui/oui.csv,https://web.archive.org/web/20241120105846id_/https://standards-oui.ieee.org/oui/oui.csv
2CA17D,renamed,2024-11-20T10:58:46.000Z,"ARRIS Group, Inc.",Commscope,https://standards-oui.ieee.org/oui/oui.csv,https://web.archive.org/web/20241120105846id_/https://standards-oui.ieee.org/oui/oui.csv
306023,renamed,2024-11-20T10:58:46.000Z,"ARRIS Group, Inc.",Commscope,https://standards-oui.ieee.org/oui/oui.csv,https://web.archive.org/web/20241120105846id_/https://standards-oui.ieee.org/oui/oui.csv
341FE4,renamed,2024-11-20T10:58:46.000Z,"ARRIS Group, Inc.",Commscope,https://standards-oui.ieee.org/oui/oui.csv,https://web.archive.org/web/20241120105846id_/https://standards-oui.ieee.org/oui/oui.csv
347A60,renamed,2024-11-20T10:58:46.000Z,"ARRIS Group, Inc.",Commscope,https://standards-oui.ieee.org/oui/oui.csv,https://web.archive.org/web/20241120105846id_/https://standards-oui.ieee.org/oui/oui.csv
384C90,renamed,2024-11-20T10:58:46.000Z,"ARRIS Group, Inc.",Commscope,https://standards-oui.ieee.org/oui/oui.csv,https://web.archive.org/web/20241120105846id_/https://standards-oui.ieee.org/oui/oui.csv
386BBB,renamed,2024-11-20T10:58:46.000Z,"ARRIS Group, Inc.",Commscope,https://standards-oui.ieee.org/oui/oui.csv,https://web.archive.org/web/20241120105846id_/https://standards-oui.ieee.org/oui/oui.csv
38700C,renamed,2024-11-20T10:58:46.000Z,"ARRIS Group, Inc.",Commscope,https://standards-oui.ieee.org/oui/oui.csv,https://web.archive.org/web/20241120105846id_/https://standards-oui.ieee.org/oui/oui.csv
3C0461,renamed,2024-11-20T10:58:46.000Z,"ARRIS Group, Inc.",Commscope,https://standards-oui.ieee.org/oui/oui.csv,https://web.archive.org/web/20241120105846id_/https://standards-oui.ieee.org/oui/oui.csv
3C36E4,renamed,2024-11-20T10:58:46.000Z,"ARRIS Group, Inc.",Commscope,https://standards-oui.ieee.org/oui/oui.csv,https://web.archive.org/web/20241120105846id_/https://standards-oui.ieee.org/oui/oui.csv
3C438E,renamed,2024-11-20T10:58:46.000Z,"ARRIS Group, Inc.",Commscope,https://standards-oui.ieee.org/oui/oui.csv,https://web.archive.org/web/20241120105846id_/https://standards-oui.ieee.org/oui/oui.csv
3C754A,renamed,2024-11-20T10:58:46.000Z,"ARRIS Group, Inc.",Commscope,https://standards-oui.ieee.org/oui/oui.csv,https://web.archive.org/web/20241120105846id_/https://standards-oui.ieee.org/oui/oui.csv
3C7A8A,renamed,2024-11-20T10:58:46.000Z,"ARRIS Group, Inc.",Commscope,https://standards-oui.ieee.org/oui/oui.csv,https://web.archive.org/web/20241120105846id_/https://standards-oui.ieee.org/oui/oui.csv
3CDFA9,renamed,2024-11-20T10:58:46.000Z,"ARRIS Group, Inc.",Commscope,https://standards-oui.ieee.org/oui/oui.csv,https://web.archive.org/web/20241120105846id_/https://standards-oui.ieee.org/oui/oui.csv
400D10,renamed,2024-11-20T10:58:46.000Z,"ARRIS Group, Inc.",Commscope,https://standards-oui.ieee.org/oui/oui.csv,https://web.archive.org/web/20241120105846id_/https://standards-oui.ieee.org/oui/oui.csv
402B50,renamed,2024-11-20T10:58:46.000Z,"ARRIS Group, Inc.",Commscope,https://standards-oui.ieee.org/oui/oui.csv,https://web.archive.org/web/20241120105846id_/https://standards-oui.ieee.org/oui/oui.csv
404C77,renamed,2024-11-20T10:58:46.000Z,"ARRIS Group, Inc.",Commscope,https://standards-oui.ieee.org/oui/oui.csv,https://web.archive.org/web/20241120105846id_/https://standards-oui.ieee.org/oui/oui.csv
407009,renamed,2024-11-20T10:58:46.000Z,"ARRIS Group, Inc.",Commscope,https://standards-oui.ieee.org/oui/oui.csv,https://web.archive.org/web/20241120105846id_/https://standards-oui.ieee.org/oui/oui.csv
40B7F3,renamed,2024-11-20T10:58:46.000Z,"ARRIS Group, Inc.",Commscope,https://standards-oui.ieee.org/oui/oui.csv,https://web.archive.org/web/20241120105846id_/https://standards-oui.ieee.org/oui/oui.csv
40FC89,renamed,2024-11-20T10:58:46.000Z,"ARRIS Group, Inc.",Commscope,https://standards-oui.ieee.org/oui/oui.csv,https://web.archive.org/web/20241120105846id_/https://standards-oui.ieee.org/oui/oui.csv
4434A7,renamed,2024-11-20T10:58:46.000Z,"ARRIS Group, Inc.",Commscope,https://standards-oui.ieee.org/oui/oui.csv,https://web.archive.org/web/20241120105846id_/https://standards-oui.ieee.org/oui/oui.csv
446AB7,renamed,2024-11-20T10:58:46.000Z,"ARRIS Group, Inc.",Commscope,https://standards-oui.ieee.org/oui/oui.csv,https://web.archive.org/web/20241120105846id_/https://standards-oui.ieee.org/oui/oui.csv
44AAF5,renamed,2024-11-20T10:58:46.000Z,"ARRIS Group, Inc.",Commscope,https://standards-oui.ieee.org/oui/oui.csv,https://web.archive.org/web/20241120105846id_/https://standards-oui.ieee.org/oui/oui.csv
44E137,renamed,2024-11-20T10:58:46.000Z,"ARRIS Group, Inc.",Commscope,https://standards-oui.ieee.org/oui/oui.csv,https://web.archive.org/web/20241120105846id_/https://standards-oui.ieee.org/oui/oui.csv
484EFC,renamed,2024-11-20T10:58:46.000Z,"ARRIS Group, Inc.",Commscope,https://standards-oui.ieee.org/oui/oui.csv,https://web.archive.org/web/20241120105846id_/https://standards-oui.ieee.org/oui/oui.csv
48D343,renamed,2024-11-20T10:58:46.000Z,"ARRIS Group, Inc.",Commscope,https://standards-oui.ieee.org/oui/oui.csv,https://web.archive.org/web/20241120105846id_/https://standards-oui.ieee.org/oui/oui.csv
4C1265,renamed,2024-11-20T10:58:46.000Z,"ARRIS Group, Inc.",Commscope,https://standards-oui.ieee.org/oui/oui.csv,https://web.archive.org/web/20241120105846id_/https://standards-oui.ieee.org/oui/oui.csv
4C3089,renamed,2024-11-20T10:58:46.000Z,Thales Transportation Systems GmbH,Hitachi Rail GTS Deutschland GmbH,https://standards-oui.ieee.org/oui/oui.csv,https://web.archive.org/web/20241120105846id_/https://standards-oui.ieee.org/oui/oui.csv
4C38D8,renamed,2024-11-20T10:58:46.000Z,"ARRIS Group, Inc.",Commscope,https://standards-oui.ieee.org/oui/oui.csv,https://web.archive.org/web/20241120105846id_/https://standards-oui.ieee.org/oui/oui.csv
5075F1,renamed,2024-11-20T10:58:46.000Z,"ARRIS Group, Inc.",Commscope,https://standards-oui.ieee.org/oui/oui.csv,https://web.archive.org/web/20241120105846id_/https://standards-oui.ieee.org/oui/oui.csv
509551,renamed,2024-11-20T10:58:46.000Z,"ARRIS Group, Inc.",Commscope,https://standards-oui.ieee.org/oui/oui.csv,https://web.archive.org/web/20241120105846id_/https://standards-oui.ieee.org/oui/oui.csv
50A5DC,renamed,2024-11-20T10:58:46.000Z,"ARRIS Group, Inc.",Commscope,https://standards-oui.ieee.org/oui/oui.csv,https://web.archive.org/web/20241120105846id_/https://standards-oui.ieee.org/oui/oui.csv
5465DE,renamed,2024-11-20T10:58:46.000Z,"ARRIS Group, Inc.",Commscope,https://standards-oui.ieee.org/oui/oui.csv,https://web.archive.org/web/20241120105846id_/https://standards-oui.ieee.org/oui/oui.csv
54E2E0,renamed,2024-11-20T10:58:46.000Z,"ARRIS Group, Inc.",Commscope,https://standards-oui.ieee.org/oui/oui.csv,https://web.archive.org/web/20241120105846id_/https://standards-oui.ieee.org/oui/oui.csv
5819F8,renamed,2024-11-20T10:58:46.000Z,"ARRIS Group, Inc.",Commscope,https://standards-oui.ieee.org/oui/oui.csv,https://web.archive.org/web/20241120105846id_/https://standards-oui.ieee.org/oui/oui.csv
5856E8,renamed,2024-11-20T10:58:46.000Z,"ARRIS Group, Inc.",Commscope,https://standards-oui.ieee.org/oui/oui.csv,https://web.archive.org/web/20241120105846id_/https://standards-oui.ieee.org/oui/oui.csv
5860D8,renamed,2024-11-20T10:58:46.000Z,"ARRIS Group, Inc.",Commscope,https://standards-oui.ieee.org/oui/oui.csv,https://web.archive.org/web/20241120105846id_/https://standards-oui.ieee.org/oui/oui.csv
58FC20,renamed,2024-11-20T10:58:46.000Z,Altice Labs S.A.,Altice Labs,https://standards-oui.ieee.org/oui/oui.csv,https://web.archive.org/web/20241120105846id_/https://standards-oui.ieee.org/oui/oui.csv
5C571A,renamed,2024-11-20T10:58:46.000Z,"ARRIS Group, Inc.",Commscope,https://standards-oui.ieee.org/oui/oui.csv,https://web.archive.org/web/20241120105846id_/https://standards-oui.ieee.org/oui/oui.csv
5C8FE0,renamed,2024-11-20T10:58:46.000Z,"ARRIS Group, Inc.",Commscope,https://standards-oui.ieee.org/oui/oui.csv,https://web.archive.org/web/20241120105846id_/https://standards-oui.ieee.org/oui/oui.csv
5CB066,renamed,2024-11-20T10:58:46.000Z,"ARRIS Group, Inc.",Commscope,https://standards-oui.ieee.org/oui/oui.csv,https://web.archive.org/web/20241120105846id_/https://standards-oui.ieee.org/oui/oui.csv
5CE30E,renamed,2024-11-20T10:58:46.000Z,"ARRIS Group, Inc.",Commscope,https://standards-oui.ieee.org/oui/oui.csv,https://web.archive.org/web/20241120105846id_/https://standards-oui.ieee.org/oui/oui.csv
601971,renamed,2024-11-20T10:58:46.000Z,"ARRIS Group, Inc.",Commscope,https://standards-oui.ieee.org/oui/oui.csv,https://web.archive.org/web/20241120105846id_/https://standards-oui.ieee.org/oui/oui.csv
608CE6,renamed,2024-11-20T10:58:46.000Z,"ARRIS Group, Inc.",Commscope,https://standards-oui.ieee.org/oui/oui.csv,https://web.archive.org/web/20241120105846id_/https://standards-oui.ieee.org/oui/oui.csv
6092F5,renamed,2024-11-20T10:58:46.000Z,"ARRIS Group, Inc.",Commscope,https://standards-oui.ieee.org/oui/oui.csv,https://web.archive.org/web/20241120105846id_/https://standards-oui.ieee.org/oui/oui.csv
60D248,renamed,2024-11-20T10:58:46.000Z,"ARRIS Group, Inc.",Commscope,https://standards-oui.ieee.org/oui/oui.csv,https://web.archive.org/web/20241120105846id_/https://standards-oui.ieee.org/oui/oui.csv
6402CB,renamed,2024-11-20T10:58:46.000Z,"ARRIS Group, Inc.",Commscope,https://standards-oui.ieee.org/oui/oui.csv,https://web.archive.org/web/20241120105846id_/https://standards-oui.ieee.org/oui/oui.csv
641269,renamed,2024-11-20T10:58:46.000Z,"ARRIS Group, Inc.",Commscope,https://standards-oui.ieee.org/oui/oui.csv,https://web.archive.org/web/20241120105846id_/https://standards-oui.ieee.org/oui/oui.csv
6455B1,renamed,2024-11-20T10:58:46.000Z,"ARRIS Group, Inc.",Commscope,https://standards-oui.ieee.org/oui/oui.csv,https://web.archive.org/web/20241120105846id_/https://standards-oui.ieee.org/oui/oui.csv
64ED57,renamed,2024-11-20T10:58:46.000Z,"ARRIS Group, Inc.",Commscope,https://standards-oui.ieee.org/oui/oui.csv,https://web.archive.org/web/20241120105846id_/https://standards-oui.ieee.org/oui/oui.csv
6833EE,renamed,2024-11-20T10:58:46.000Z,"ARRIS Group, Inc.",Commscope,https://standards-oui.ieee.org/oui/oui.csv,https://web.archive.org/web/20241120105846id_/https://standards-oui.ieee.org/oui/oui.csv
68AAC4,renamed,2024-11-20T10:58:46.000Z,Altice Labs S.A.,Altice Labs,https://standards-oui.ieee.org/oui/oui.csv,https://web.archive.org/web/20241120105846id_/https://standards-oui.ieee.org/oui/oui.csv
6C639C,renamed,2024-11-20T10:58:46.000Z,"ARRIS Group, Inc.",Commscope,https://standards-oui.ieee.org/oui/oui.csv,https://web.archive.org/web/20241120105846id_/https://standards-oui.ieee.org/oui/oui.csv
6CA604,renamed,2024-11-20T10:58:46.000Z,"ARRIS Group, Inc.",Commscope,https://standards-oui.ieee.org/oui/oui.csv,https://web.archive.org/web/20241120105846id_/https://standards-oui.ieee.org/oui/oui.csv
6CC1D2,renamed,2024-11-20T10:58:46.000Z,"ARRIS Group, Inc.",Commscope,https://standards-oui.ieee.org/oui/oui.csv,https://web.archive.org/web/20241120105846id_/https://standards-oui.ieee.org/oui/oui.csv
6CCA08,renamed,2024-11-20T10:58:46.000Z,"ARRIS Group, Inc.",Commscope,https://standards-oui.ieee.org/oui/oui.csv,https://web.archive.org/web/20241120105846id_/https://standards-oui.ieee.org/oui/oui.csv
704FB8,renamed,2024-11-20T10:58:46.000Z,"ARRIS Group, Inc.",Commscope,https://standards-oui.ieee.org/oui/oui.csv,https://web.archive.org/web/20241120105846id_/https://standards-oui.ieee.org/oui/oui.csv
705425,renamed,2024-11-20T10:58:46.000Z,"ARRIS Group, Inc.",Commscope,https://standards-oui.ieee.org/oui/oui.csv,https://web.archive.org/web/20241120105846id_/https://standards-oui.ieee.org/oui/oui.csv
707630,renamed,2024-11-20T10:58:46.000Z,"ARRIS Group, Inc.",Commscope,https://standards-oui.ieee.org/oui/oui.csv,https://web.archive.org/web/20241120105846id_/https://standards-oui.ieee.org/oui/oui.csv
707E43,renamed,2024-11-20T10:58:46.000Z,"ARRIS Group, Inc.",Commscope,https://standards-oui.ieee.org/oui/oui.csv,https://web.archive.org/web/20241120105846id_/https://standards-oui.ieee.org/oui/oui.csv
7085C6,renamed,2024-11-20T10:58:46.000Z,"ARRIS Group, Inc.",Commscope,https://standards-oui.ieee.org/oui/oui.csv,https://web.archive.org/web/20241120105846id_/https://standards-oui.ieee.org/oui/oui.csv
70B14E,renamed,2024-11-20T10:58:46.000Z,"ARRIS Group, Inc.",Commscope,https://standards-oui.ieee.org/oui/oui.csv,https://web.archive.org/web/20241120105846id_/https://standards-oui.ieee.org/oui/oui.csv
70DFF7,renamed,2024-11-20T10:58:46.000Z,"ARRIS Group, Inc.",Commscope,https://standards-oui.ieee.org/oui/oui.csv,https://web.archive.org/web/20241120105846id_/https://standards-oui.ieee.org/oui/oui.csv
745612,renamed,2024-11-20T10:58:46.000Z,"ARRIS Group, Inc.",Commscope,https://standards-oui.ieee.org/oui/oui.csv,https://web.archive.org/web/20241120105846id_/https://standards-oui.ieee.org/oui/oui.csv
748A0D,renamed,2024-11-20T10:58:46.000Z,"ARRIS Group, Inc.",Commscope,https://standards-oui.ieee.org/oui/oui.csv,https://web.archive.org/web/20241120105846id_/https://standards-oui.ieee.org/oui/oui.csv
74E7C6,renamed,2024-11-20T10:58:46.000Z,"ARRIS Group, Inc.",Commscope,https://standards-oui.ieee.org/oui/oui.csv,https://web.archive.org/web/20241120105846id_/https://standards-oui.ieee.org/oui/oui.csv
74EAE8,renamed,2024-11-20T10:58:46.000Z,"ARRIS Group, Inc.",Commscope,https://standards-oui.ieee.org/oui/oui.csv,https://web.archive.org/web/20241120105846id_/https://standards-oui.ieee.org/oui/oui.csv
74F612,renamed,2024-11-20T10:58:46.000Z,"ARRIS Group, Inc.",Commscope,https://standards-oui.ieee.org/oui/oui.csv,https://web.archive.org/web/20241120105846id_/https://standards-oui.ieee.org/oui/oui.csv
7823AE,renamed,2024-11-20T10:58:46.000Z,"ARRIS Group, Inc.",Commscope,https://standards-oui.ieee.org/oui/oui.csv,https://web.archive.org/web/20241120105846id_/https://standards-oui.ieee.org/oui/oui.csv
786A1F,renamed,2024-11-20T10:58:46.000Z,"ARRIS Group, Inc.",Commscope,https://standards-oui.ieee.org/oui/oui.csv,https://web.archive.org/web/20241120105846id_/https://standards-oui.ieee.org/oui/oui.csv
78719C,renamed,2024-11-20T10:58:46.000Z,"ARRIS Group, Inc.",Commscope,https://standards-oui.ieee.org/oui/oui.csv,https://web.archive.org/web/20241120105846id_/https://standards-oui.ieee.org/oui/oui.csv
789684,renamed,2024-11-20T10:58:46.000Z,"ARRIS Group, Inc.",Commscope,https://standards-oui.ieee.org/oui/oui.csv,https://web.archive.org/web/20241120105846id_/https://standards-oui.ieee.org/oui/oui.csv
7C2634,renamed,2024-11-20T10:58:46.000Z,"ARRIS Group, Inc.",Commscope,https://standards-oui.ieee.org/oui/oui.csv,https://web.archive.org/web/20241120105846id_/https://standards-oui.ieee.org/oui/oui.csv
7CBF77,renamed,2024-11-20T10:58:46.000Z,SPEEDTECH CORP.,SPEEDTECH CORP. JIO,https://standards-oui.ieee.org/oui/oui.csv,https://web.archive.org/web/20241120105846id_/https://standards-oui.ieee.org/oui/oui.csv
7CBFB1,renamed,2024-11-20T10:58:46.000Z,"ARRIS Group, Inc.",Commscope,https://standards-oui.ieee.org/oui/oui.csv,https://web.archive.org/web/20241120105846id_/https://standards-oui.ieee.org/oui/oui.csv
8096B1,renamed,2024-11-20T10:58:46.000Z,"ARRIS Group, Inc.",Commscope,https://standards-oui.ieee.org/oui/oui.csv,https://web.archive.org/web/20241120105846id_/https://standards-oui.ieee.org/oui/oui.csv
80E540,renamed,2024-11-20T10:58:46.000Z,"ARRIS Group, Inc.",Commscope,https://standards-oui.ieee.org/oui/oui.csv,https://web.archive.org/web/20241120105846id_/https://standards-oui.ieee.org/oui/oui.csv
80F503,renamed,2024-11-20T10:58:46.000Z,"ARRIS Group, Inc.",Commscope,https://standards-oui.ieee.org/oui/oui.csv,https://web.archive.org/web/20241120105846id_/https://standards-oui.ieee.org/oui/oui.csv
8461A0,renamed,2024-11-20T10:58:46.000Z,"ARRIS Group, Inc.",Commscope,https://standards-oui.ieee.org/oui/oui.csv,https://web.archive.org/web/20241120105846id_/https://standards-oui.ieee.org/oui/oui.csv
8496D8,renamed,2024-11-20T10:58:46.000Z,"ARRIS Group, Inc.",Commscope,https://standards-oui.ieee.org/oui/oui.csv,https://web.archive.org/web/20241120105846id_/https://standards-oui.ieee.org/oui/oui.csv
84BB69,renamed,2024-11-20T10:58:46.000Z,"ARRIS Group, Inc.",Commscope,https://standards-oui.ieee.org/oui/oui.csv,https://web.archive.org/web/20241120105846id_/https://standards-oui.ieee.org/oui/oui.csv
84E058,renamed,2024-11-20T10:58:46.000Z,"ARRIS Group, Inc.",Commscope,https://standards-oui.ieee.org/oui/oui.csv,https://web.archive.org/web/20241120105846id_/https://standards-oui.ieee.org/oui/oui.csv
8871B1,renamed,2024-11-20T10:58:46.000Z,"ARRIS Group, Inc.",Commscope,https://standards-oui.ieee.org/oui/oui.csv,https://web.archive.org/web/20241120105846id_/https://standards-oui.ieee.org/oui/oui.csv
88964E,renamed,2024-11-20T10:58:46.000Z,"ARRIS Group, Inc.",Commscope,https://standards-oui.ieee.org/oui/oui.csv,https://web.archive.org/web/20241120105846id_/https://standards-oui.ieee.org/oui/oui.csv
88EF16,renamed,2024-11-20T10:58:46.000Z,"ARRIS Group, Inc.",Commscope,https://standards-oui.ieee.org/oui/oui.csv,https://web.archive.org/web/20241120105846id_/https://standards-oui.ieee.org/oui/oui.csv
8C09F4,renamed,2024-11-20T10:58:46.000Z,"ARRIS Group, Inc.",Commscope,https://standards-oui.ieee.org/oui/oui.csv,https://web.archive.org/web/20241120105846id_/https://standards-oui.ieee.org/oui/oui.csv
8C5A25,renamed,2024-11-20T10:58:46.000Z,"ARRIS Group, Inc.",Commscope,https://standards-oui.ieee.org/oui/oui.csv,https://web.archive.org/web/20241120105846id_/https://standards-oui.ieee.org/oui/oui.csv
8C5BF0,renamed,2024-11-20T10:58:46.000Z,"ARRIS Group, Inc.",Commscope,https://standards-oui.ieee.org/oui/oui.csv,https://web.archive.org/web/20241120105846id_/https://standards-oui.ieee.org/oui/oui.csv
8C61A3,renamed,2024-11-20T10:58:46.000Z,"ARRIS Group, Inc.",Commscope,https://standards-oui.ieee.org/oui/oui.csv,https://web.archive.org/web/20241120105846id_/https://standards-oui.ieee.org/oui/oui.csv
8C763F,renamed,2024-11-20T10:58:46.000Z,"ARRIS Group, Inc.",Commscope,https://standards-oui.ieee.org/oui/oui.csv,https://web.archive.org/web/20241120105846id_/https://standards-oui.ieee.org/oui/oui.csv
8C7F3B,renamed,2024-11-20T10:58:46.000Z,"ARRIS Group, Inc.",Commscope,https://standards-oui.ieee.org/oui/oui.csv,https://web.archive.org/web/20241120105846id_/https://standards-oui.ieee.org/oui/oui.csv
900DCB,renamed,2024-11-20T10:58:46.000Z,"ARRIS Group, Inc.",Commscope,https://standards-oui.ieee.org/oui/oui.csv,https://web.archive.org/web/20241120105846id_/https://standards-oui.ieee.org/oui/oui.csv
901ACA,renamed,2024-11-20T10:58:46.000Z,"ARRIS Group, Inc.",Commscope,https://standards-oui.ieee.org/oui/oui.csv,https://web.archive.org/web/20241120105846id_/https://standards-oui.ieee.org/oui/oui.csv
903EAB,renamed,2024-11-20T10:58:46.000Z,"ARRIS Group, Inc.",Commscope,https://standards-oui.ieee.org/oui/oui.csv,https://web.archive.org/web/20241120105846id_/https://standards-oui.ieee.org/oui/oui.csv
90935A,renamed,2024-11-20T10:58:46.000Z,"ARRIS Group, Inc.",Commscope,https://standards-oui.ieee.org/oui/oui.csv,https://web.archive.org/web/20241120105846id_/https://standards-oui.ieee.org/oui/oui.csv
909D7D,renamed,2024-11-20T10:58:46.000Z,"ARRIS Group, Inc.",Commscope,https://standards-oui.ieee.org/oui/oui.csv,https://web.archive.org/web/20241120105846id_/https://standards-oui.ieee.org/oui/oui.csv
90B134,renamed,2024-11-20T10:58:46.000Z,"ARRIS Group, Inc.",Commscope,https://standards-oui.ieee.org/oui/oui.csv,https://web.archive.org/web/20241120105846id_/https://standards-oui.ieee.org/oui/oui.csv
90C792,renamed,2024-11-20T10:58:46.000Z,"ARRIS Group, Inc.",Commscope,https://standards-oui.ieee.org/oui/oui.csv,https://web.archive.org/web/20241120105846id_/https://standards-oui.ieee.org/oui/oui.csv
946269,renamed,2024-11-20T10:58:46.000Z,"ARRIS Group, Inc.",Commscope,https://standards-oui.ieee.org/oui/oui.csv,https://web.archive.org/web/20241120105846id_/https://standards-oui.ieee.org/oui/oui.csv
94877C,renamed,2024-11-20T10:58:46.000Z,"ARRIS Group, Inc.",Commscope,https://standards-oui.ieee.org/oui/oui.csv,https://web.archive.org/web/20241120105846id_/https://standards-oui.ieee.org/oui/oui.csv
948FCF,renamed,2024-11-20T10:58:46.000Z,"ARRIS Group, Inc.",Commscope,https://standards-oui.ieee.org/oui/oui.csv,https://web.archive.org/web/20241120105846id_/https://standards-oui.ieee.org/oui/oui.csv
94CCB9,renamed,2024-11-20T10:58:46.000Z,"ARRIS Group, Inc.",Commscope,https://standards-oui.ieee.org/oui/oui.csv,https://web.archive.org/web/20241120105846id_/https://standards-oui.ieee.org/oui/oui.csv
94E8C5,renamed,2024-11-20T10:58:46.000Z,"ARRIS Group, Inc.",Commscope,https://standards-oui.ieee.org/oui/oui.csv,https://web.archive.org/web/20241120105846id_/https://standards-oui.ieee.org/oui/oui.csv
984B4A,renamed,2024-11-20T10:58:46.000Z,"ARRIS Group, Inc.",Commscope,https://standards-oui.ieee.org/oui/oui.csv,https://web.archive.org/web/20241120105846id_/https://standards-oui.ieee.org/oui/oui.csv
986B3D,renamed,2024-11-20T10:58:46.000Z,"ARRIS Group, Inc.",Commscope,https://standards-oui.ieee.org/oui/oui.csv,https://web.archive.org/web/20241120105846id_/https://standards-oui.ieee.org/oui/oui.csv
98F781,renamed,2024-11-20T10:58:46.000Z,"ARRIS Group, Inc.",Commscope,https://standards-oui.ieee.org/oui/oui.csv,https://web.archive.org/web/20241120105846id_/https://standards-oui.ieee.org/oui/oui.csv
98F7D7,renamed,2024-11-20T10:58:46.000Z,"ARRIS Group, Inc.",Commscope,https://standards-oui.ieee.org/oui/oui.csv,https://web.archive.org/web/20241120105846id_/https://standards-oui.ieee.org/oui/oui.csv
9C3426,renamed,2024-11-20T10:58:46.000Z,"ARRIS Group, Inc.",Commscope,https://standards-oui.ieee.org/oui/oui.csv,https://web.archive.org/web/20241120105846id_/https://standards-oui.ieee.org/oui/oui.csv
9CC8FC,renamed,2024-11-20T10:58:46.000Z,"ARRIS Group, Inc.",Commscope,https://standards-oui.ieee.org/oui/oui.csv,https://web.archive.org/web/20241120105846id_/https://standards-oui.ieee.org/oui/oui.csv
A055DE,renamed,2024-11-20T10:58:46.000Z,"ARRIS Group, Inc.",Commscope,https://standards-oui.ieee.org/oui/oui.csv,https://web.archive.org/web/20241120105846id_/https://standards-oui.ieee.org/oui/oui.csv
A0687E,renamed,2024-11-20T10:58:46.000Z,"ARRIS Group, Inc.",Commscope,https://standards-oui.ieee.org/oui/oui.csv,https://web.archive.org/web/20241120105846id_/https://standards-oui.ieee.org/oui/oui.csv
A0C562,renamed,2024-11-20T10:58:46.000Z,"ARRIS Group, Inc.",Commscope,https://standards-oui.ieee.org/oui/oui.csv,https://web.archive.org/web/20241120105846id_/https://standards-oui.ieee.org/oui/oui.csv
A0E7AE,renamed,2024-11-20T10:58:46.000Z,"ARRIS Group, Inc.",Commscope,https://standards-oui.ieee.org/oui/oui.csv,https://web.archive.org/web/20241120105846id_/https://standards-oui.ieee.org/oui/oui.csv
A405D6,renamed,2024-11-20T10:58:46.000Z,"ARRIS Group, Inc.",Commscope,https://standards-oui.ieee.org/oui/oui.csv,https://web.archive.org/web/20241120105846id_/https://standards-oui.ieee.org/oui/oui.csv
A41588,renamed,2024-11-20T10:58:46.000Z,"ARRIS Group, Inc.",Commscope,https://standards-oui.ieee.org/oui/oui.csv,https://web.archive.org/web/20241120105846id_/https://standards-oui.ieee.org/oui/oui.csv
A4438C,renamed,2024-11-20T10:58:46.000Z,"ARRIS Group, Inc.",Commscope,https://standards-oui.ieee.org/oui/oui.csv,https://web.archive.org/web/20241120105846id_/https://standards-oui.ieee.org/oui/oui.csv
A47AA4,renamed,2024-11-20T10:58:46.000Z,"ARRIS Group, Inc.",Commscope,https://standards-oui.ieee.org/oui/oui.csv,https://web.archive.org/web/20241120105846id_/https://standards-oui.ieee.org/oui/oui.csv
A49813,renamed,2024-11-20T10:58:46.000Z,"ARRIS Group, Inc.",Commscope,https://standards-oui.ieee.org/oui/oui.csv,https://web.archive.org/web/20241120105846id_/https://standards-oui.ieee.org/oui/oui.csv
A4ED4E,renamed,2024-11-20T10:58:46.000Z,"ARRIS Group, Inc.",Commscope,https://standards-oui.ieee.org/oui/oui.csv,https://web.archive.org/web/20241120105846id_/https://standards-oui.ieee.org/oui/oui.csv
A811FC,renamed,2024-11-20T10:58:46.000Z,"ARRIS Group, Inc.",Commscope,https://standards-oui.ieee.org/oui/oui.csv,https://web.archive.org/web/20241120105846id_/https://standards-oui.ieee.org/oui/oui.csv
A8705D,renamed,2024-11-20T10:58:46.000Z,"ARRIS Group, Inc.",Commscope,https://standards-oui.ieee.org/oui/oui.csv,https://web.archive.org/web/20241120105846id_/https://standards-oui.ieee.org/oui/oui.csv
A8741D,renamed,2024-11-20T10:58:46.000Z,PHOENIX CONTACT Electronics GmbH,Phoenix Contact GmbH & Co. KG,https://standards-oui.ieee.org/oui/oui.csv,https://web.archive.org/web/20241120105846id_/https://standards-oui.ieee.org/oui/oui.csv
A897CD,renamed,2024-11-20T10:58:46.000Z,"ARRIS Group, Inc.",Commscope,https://standards-oui.ieee.org/oui/oui.csv,https://web.archive.org/web/20241120105846id_/https://standards-oui.ieee.org/oui/oui.csv
A89FEC,renamed,2024-11-20T10:58:46.000Z,"ARRIS Group, Inc.",Commscope,https://standards-oui.ieee.org/oui/oui.csv,https://web.archive.org/web/20241120105846id_/https://standards-oui.ieee.org/oui/oui.csv
A8F5DD,renamed,2024-11-20T10:58:46.000Z,"ARRIS Group, Inc.",Commscope,https://standards-oui.ieee.org/oui/oui.csv,https://web.archive.org/web/20241120105846id_/https://standards-oui.ieee.org/oui/oui.csv
ACB313,renamed,2024-11-20T10:58:46.000Z,"ARRIS Group, Inc.",Commscope,https://standards-oui.ieee.org/oui/oui.csv,https://web.archive.org/web/20241120105846id_/https://standards-oui.ieee.org/oui/oui.csv
ACDB48,renamed,2024-11-20T10:58:46.000Z,"ARRIS Group, Inc.",Commscope,https://standards-oui.ieee.org/oui/oui.csv,https://web.archive.org/web/20241120105846id_/https://standards-oui.ieee.org/oui/oui.csv
ACEC80,renamed,2024-11-20T10:58:46.000Z,"ARRIS Group, Inc.",Commscope,https://standards-oui.ieee.org/oui/oui.csv,https://web.archive.org/web/20241120105846id_/https://standards-oui.ieee.org/oui/oui.csv
ACF8CC,renamed,2024-11-20T10:58:46.000Z,"ARRIS Group, Inc.",Commscope,https://standards-oui.ieee.org/oui/oui.csv,https://web.archive.org/web/20241120105846id_/https://standards-oui.ieee.org/oui/oui.csv
B05DD4,renamed,2024-11-20T10:58:46.000Z,"ARRIS Group, Inc.",Commscope,https://standards-oui.ieee.org/oui/oui.csv,https://web.archive.org/web/20241120105846id_/https://standards-oui.ieee.org/oui/oui.csv
B077AC,renamed,2024-11-20T10:58:46.000Z,"ARRIS Group, Inc.",Commscope,https://standards-oui.ieee.org/oui/oui.csv,https://web.archive.org/web/20241120105846id_/https://standards-oui.ieee.org/oui/oui.csv
B083D6,renamed,2024-11-20T10:58:46.000Z,"ARRIS Group, Inc.",Commscope,https://standards-oui.ieee.org/oui/oui.csv,https://web.archive.org/web/20241120105846id_/https://standards-oui.ieee.org/oui/oui.csv
B0935B,renamed,2024-11-20T10:58:46.000Z,"ARRIS Group, Inc.",Commscope,https://standards-oui.ieee.org/oui/oui.csv,https://web.archive.org/web/20241120105846id_/https://standards-oui.ieee.org/oui/oui.csv
B0DAF9,renamed,2024-11-20T10:58:46.000Z,"ARRIS Group, Inc.",Commscope,https://standards-oui.ieee.org/oui/oui.csv,https://web.archive.org/web/20241120105846id_/https://standards-oui.ieee.org/oui/oui.csv
B4F2E8,renamed,2024-11-20T10:58:46.000Z,"ARRIS Group, Inc.",Commscope,https://standards-oui.ieee.org/oui/oui.csv,https://web.archive.org/web/20241120105846id_/https://standards-oui.ieee.org/oui/oui.csv
B81619,renamed,2024-11-20T10:58:46.000Z,"ARRIS Group, Inc.",Commscope,https://standards-oui.ieee.org/oui/oui.csv,https://web.archive.org/web/20241120105846id_/https://standards-oui.ieee.org/oui/oui.csv
BC2E48,renamed,2024-11-20T10:58:46.000Z,"ARRIS Group, Inc.",Commscope,https://standards-oui.ieee.org/oui/oui.csv,https://web.archive.org/web/20241120105846id_/https://standards-oui.ieee.org/oui/oui.csv
BC5BD5,renamed,2024-11-20T10:58:46.000Z,"ARRIS Group, Inc.",Commscope,https://standards-oui.ieee.org/oui/oui.csv,https://web.archive.org/web/20241120105846id_/https://standards-oui.ieee.org/oui/oui.csv
BC644B,renamed,2024-11-20T10:58:46.000Z,"ARRIS Group, Inc.",Commscope,https://standards-oui.ieee.org/oui/oui.csv,https://web.archive.org/web/20241120105846id_/https://standards-oui.ieee.org/oui/oui.csv
BCCAB5,renamed,2024-11-20T10:58:46.000Z,"ARRIS Group, Inc.",Commscope,https://standards-oui.ieee.org/oui/oui.csv,https://web.archive.org/web/20241120105846id_/https://standards-oui.ieee.org/oui/oui.csv
C005C2,renamed,2024-11-20T10:58:46.000Z,"ARRIS Group, Inc.",Commscope,https://standards-oui.ieee.org/oui/oui.csv,https://web.archive.org/web/20241120105846id_/https://standards-oui.ieee.org/oui/oui.csv
C089AB,renamed,2024-11-20T10:58:46.000Z,"ARRIS Group, Inc.",Commscope,https://standards-oui.ieee.org/oui/oui.csv,https://web.archive.org/web/20241120105846id_/https://standards-oui.ieee.org/oui/oui.csv
C09435,renamed,2024-11-20T10:58:46.000Z,"ARRIS Group, Inc.",Commscope,https://standards-oui.ieee.org/oui/oui.csv,https://web.archive.org/web/20241120105846id_/https://standards-oui.ieee.org/oui/oui.csv
C0A00D,renamed,2024-11-20T10:58:46.000Z,"ARRIS Group, Inc.",Commscope,https://standards-oui.ieee.org/oui/oui.csv,https://web.archive.org/web/20241120105846id_/https://standards-oui.ieee.org/oui/oui.csv
C0C522,renamed,2024-11-20T10:58:46.000Z,"ARRIS Group, Inc.",Commscope,https://standards-oui.ieee.org/oui/oui.csv,https://web.archive.org/web/20241120105846id_/https://standards-oui.ieee.org/oui/oui.csv
C83FB4,renamed,2024-11-20T10:58:46.000Z,"ARRIS Group, Inc.",Commscope,https://standards-oui.ieee.org/oui/oui.csv,https://web.archive.org/web/20241120105846id_/https://standards-oui.ieee.org/oui/oui.csv
C85261,renamed,2024-11-20T10:58:46.000Z,"ARRIS Group, Inc.",Commscope,https://standards-oui.ieee.org/oui/oui.csv,https://web.archive.org/web/20241120105846id_/https://standards-oui.ieee.org/oui/oui.csv
C863FC,renamed,2024-11-20T10:58:46.000Z,"ARRIS Group, Inc.",Commscope,https://standards-oui.ieee.org/oui/oui.csv,https://web.archive.org/web/20241120105846id_/https://standards-oui.ieee.org/oui/oui.csv
C87023,renamed,2024-11-20T10:58:46.000Z,Altice Labs S.A.,Altice Labs,https://standards-oui.ieee.org/oui/oui.csv,https://web.archive.org/web/20241120105846id_/https://standards-oui.ieee.org/oui/oui.csv
C8AA21,renamed,2024-11-20T10:58:46.000Z,"ARRIS Group, Inc.",Commscope,https://standards-oui.ieee.org/oui/oui.csv,https://web.archive.org/web/20241120105846id_/https://standards-oui.ieee.org/oui/oui.csv
CC3E79,renamed,2024-11-20T10:58:46.000Z,"ARRIS Group, Inc.",Commscope,https://standards-oui.ieee.org/oui/oui.csv,https://web.archive.org/web/20241120105846id_/https://standards-oui.ieee.org/oui/oui.csv
CC65AD,renamed,2024-11-20T10:58:46.000Z,"ARRIS Group, Inc.",Commscope,https://standards-oui.ieee.org/oui/oui.csv,https://web.archive.org/web/20241120105846id_/https://standards-oui.ieee.org/oui/oui.csv
CC75E2,renamed,2024-11-20T10:58:46.000Z,"ARRIS Group, Inc.",Commscope,https://standards-oui.ieee.org/oui/oui.csv,https://web.archive.org/web/20241120105846id_/https://standards-oui.ieee.org/oui/oui.csv
CC7D37,renamed,2024-11-20T10:58:46.000Z,"ARRIS Group, Inc.",Commscope,https://standards-oui.ieee.org/oui/oui.csv,https://web.archive.org/web/20241120105846id_/https://standards-oui.ieee.org/oui/oui.csv
CCA462,renamed,2024-11-20T10:58:46.000Z,"ARRIS Group, Inc.",Commscope,https://standards-oui.ieee.org/oui/oui.csv,https://web.archive.org/web/20241120105846id_/https://standards-oui.ieee.org/oui/oui.csv
CCCCEA,renamed,2024-11-20T10:58:46.000Z,PHOENIX CONTACT Electronics GmbH,Phoenix Contact GmbH & Co. KG,https://standards-oui.ieee.org/oui/oui.csv,https://web.archive.org/web/20241120105846id_/https://standards-oui.ieee.org/oui/oui.csv
D039B3,renamed,2024-11-20T10:58:46.000Z,"ARRIS Group, Inc.",Commscope,https://standards-oui.ieee.org/oui/oui.csv,https://web.archive.org/web/20241120105846id_/https://standards-oui.ieee.org/oui/oui.csv
D0E54D,renamed,2024-11-20T10:58:46.000Z,"ARRIS Group, Inc.",Commscope,https://standards-oui.ieee.org/oui/oui.csv,https://web.archive.org/web/20241120105846id_/https://standards-oui.ieee.org/oui/oui.csv
D404CD,renamed,2024-11-20T10:58:46.000Z,"ARRIS Group, Inc.",Commscope,https://standards-oui.ieee.org/oui/oui.csv,https://web.archive.org/web/20241120105846id_/https://standards-oui.ieee.org/oui/oui.csv
D40598,renamed,2024-11-20T10:58:46.000Z,"ARRIS Group, Inc.",Commscope,https://standards-oui.ieee.org/oui/oui.csv,https://web.archive.org/web/20241120105846id_/https://standards-oui.ieee.org/oui/oui.csv
D40AA9,renamed,2024-11-20T10:58:46.000Z,"ARRIS Group, Inc.",Commscope,https://standards-oui.ieee.org/oui/oui.csv,https://web.archive.org/web/20241120105846id_/https://standards-oui.ieee.org/oui/oui.csv
D42C0F,renamed,2024-11-20T10:58:46.000Z,"ARRIS Group, Inc.",Commscope,https://standards-oui.ieee.org/oui/oui.csv,https://web.archive.org/web/20241120105846id_/https://standards-oui.ieee.org/oui/oui.csv
D43FCB,renamed,2024-11-20T10:58:46.000Z,"ARRIS Group, Inc.",Commscope,https://standards-oui.ieee.org/oui/oui.csv,https://web.archive.org/web/20241120105846id_/https://standards-oui.ieee.org/oui/oui.csv
D46C6D,renamed,2024-11-20T10:58:46.000Z,"ARRIS Group, Inc.",Commscope,https://standards-oui.ieee.org/oui/oui.csv,https://web.archive.org/web/20241120105846id_/https://standards-oui.ieee.org/oui/oui.csv
D4AB82,renamed,2024-11-20T10:58:46.000Z,"ARRIS Group, Inc.",Commscope,https://standards-oui.ieee.org/oui/oui.csv,https://web.archive.org/web/20241120105846id_/https://standards-oui.ieee.org/oui/oui.csv
D4B27A,renamed,2024-11-20T10:58:46.000Z,"ARRIS Group, Inc.",Commscope,https://standards-oui.ieee.org/oui/oui.csv,https://web.archive.org/web/20241120105846id_/https://standards-oui.ieee.org/oui/oui.csv
D823E0,renamed,2024-11-20T10:58:46.000Z,SPEEDTECH CORP.,SPEEDTECH CORP. JIO,https://standards-oui.ieee.org/oui/oui.csv,https://web.archive.org/web/20241120105846id_/https://standards-oui.ieee.org/oui/oui.csv
D82522,renamed,2024-11-20T10:58:46.000Z,"ARRIS Group, Inc.",Commscope,https://standards-oui.ieee.org/oui/oui.csv,https://web.archive.org/web/20241120105846id_/https://standards-oui.ieee.org/oui/oui.csv
DC4517,renamed,2024-11-20T10:58:46.000Z,"ARRIS Group, Inc.",Commscope,https://standards-oui.ieee.org/oui/oui.csv,https://web.archive.org/web/20241120105846id_/https://standards-oui.ieee.org/oui/oui.csv
DCA633,renamed,2024-11-20T10:58:46.000Z,"ARRIS Group, Inc.",Commscope,https://standards-oui.ieee.org/oui/oui.csv,https://web.archive.org/web/20241120105846id_/https://standards-oui.ieee.org/oui/oui.csv
E02202,renamed,2024-11-20T10:58:46.000Z,"ARRIS Group, Inc.",Commscope,https://standards-oui.ieee.org/oui/oui.csv,https://web.archive.org/web/20241120105846id_/https://standards-oui.ieee.org/oui/oui.csv
E0B70A,renamed,2024-11-20T10:58:46.000Z,"ARRIS Group, Inc.",Commscope,https://standards-oui.ieee.org/oui/oui.csv,https://web.archive.org/web/20241120105846id_/https://standards-oui.ieee.org/oui/oui.csv
E0B7B1,renamed,2024-11-20T10:58:46.000Z,"ARRIS Group, Inc.",Commscope,https://standards-oui.ieee.org/oui/oui.csv,https://web.archive.org/web/20241120105846id_/https://standards-oui.ieee.org/oui/oui.csv
E45740,renamed,2024-11-20T10:58:46.000Z,"ARRIS Group, Inc.",Commscope,https://standards-oui.ieee.org/oui/oui.csv,https://web.archive.org/web/20241120105846id_/https://standards-oui.ieee.org/oui/oui.csv
E46449,renamed,2024-11-20T10:58:46.000Z,"ARRIS Group, Inc.",Commscope,https://standards-oui.ieee.org/oui/oui.csv,https://web.archive.org/web/20241120105846id_/https://standards-oui.ieee.org/oui/oui.csv
E48399,renamed,2024-11-20T10:58:46.000Z,"ARRIS Group, Inc.",Commscope,https://standards-oui.ieee.org/oui/oui.csv,https://web.archive.org/web/20241120105846id_/https://standards-oui.ieee.org/oui/oui.csv
E49F1E,renamed,2024-11-20T10:58:46.000Z,"ARRIS Group, Inc.",Commscope,https://standards-oui.ieee.org/oui/oui.csv,https://web.archive.org/web/20241120105846id_/https://standards-oui.ieee.org/oui/oui.csv
E4F75B,renamed,2024-11-20T10:58:46.000Z,"ARRIS Group, Inc.",Commscope,https://standards-oui.ieee.org/oui/oui.csv,https://web.archive.org/web/20241120105846id_/https://standards-oui.ieee.org/oui/oui.csv
E83381,renamed,2024-11-20T10:58:46.000Z,"ARRIS Group, Inc.",Commscope,https://standards-oui.ieee.org/oui/oui.csv,https://web.archive.org/web/20241120105846id_/https://standards-oui.ieee.org/oui/oui.csv
E83EFC,renamed,2024-11-20T10:58:46.000Z,"ARRIS Group, Inc.",Commscope,https://standards-oui.ieee.org/oui/oui.csv,https://web.archive.org/web/20241120105846id_/https://standards-oui.ieee.org/oui/oui.csv
E86D52,renamed,2024-11-20T10:58:46.000Z,"ARRIS Group, Inc.",Commscope,https://standards-oui.ieee.org/oui/oui.csv,https://web.archive.org/web/20241120105846id_/https://standards-oui.ieee.org/oui/oui.csv
E8825B,renamed,2024-11-20T10:58:46.000Z,"ARRIS Group, Inc.",Commscope,https://standards-oui.ieee.org/oui/oui.csv,https://web.archive.org/web/20241120105846id_/https://standards-oui.ieee.org/oui/oui.csv
E8892C,renamed,2024-11-20T10:58:46.000Z,"ARRIS Group, Inc.",Commscope,https://standards-oui.ieee.org/oui/oui.csv,https://web.archive.org/web/20241120105846id_/https://standards-oui.ieee.org/oui/oui.csv
E8ED05,renamed,2024-11-20T10:58:46.000Z,"ARRIS Group, Inc.",Commscope,https://standards-oui.ieee.org/oui/oui.csv,https://web.archive.org/web/20241120105846id_/https://standards-oui.ieee.org/oui/oui.csv
E8F928,renamed,2024-11-20T10:58:46.000Z,RFTECH SRL,ENGINKO SRL,https://standards-oui.ieee.org/oui/oui.csv,https://web.archive.org/web/20241120105846id_/https://standards-oui.ieee.org/oui/oui.csv
EC7097,renamed,2024-11-20T10:58:46.000Z,"ARRIS Group, Inc.",Commscope,https://standards-oui.ieee.org/oui/oui.csv,https://web.archive.org/web/20241120105846id_/https://standards-oui.ieee.org/oui/oui.csv
ECA940,renamed,2024-11-20T10:58:46.000Z,"ARRIS Group, Inc.",Commscope,https://standards-oui.ieee.org/oui/oui.csv,https://web.archive.org/web/20241120105846id_/https://standards-oui.ieee.org/oui/oui.csv
F0AF85,renamed,2024-11-20T10:58:46.000Z,"ARRIS Group, Inc.",Commscope,https://standards-oui.ieee.org/oui/oui.csv,https://web.archive.org/web/20241120105846id_/https://standards-oui.ieee.org/oui/oui.csv
F0FCC8,renamed,2024-11-20T10:58:46.000Z,"ARRIS Group, Inc.",Commscope,https://standards-oui.ieee.org/oui/oui.csv,https://web.archive.org/web/20241120105846id_/https://standards-oui.ieee.org/oui/oui.csv
F40E83,renamed,2024-11-20T10:58:46.000Z,"ARRIS Group, Inc.",Commscope,https://standards-oui.ieee.org/oui/oui.csv,https://web.archive.org/web/20241120105846id_/https://standards-oui.ieee.org/oui/oui.csv
F80BBE,renamed,2024-11-20T10:58:46.000Z,"ARRIS Group, Inc.",Commscope,https://standards-oui.ieee.org/oui/oui.csv,https://web.archive.org/web/20241120105846id_/https://standards-oui.ieee.org/oui/oui.csv
F82DC0,renamed,2024-11-20T10:58:46.000Z,"ARRIS Group, Inc.",Commscope,https://standards-oui.ieee.org/oui/oui.csv,https://web.archive.org/web/20241120105846id_/https://standards-oui.ieee.org/oui/oui.csv
F863D9,renamed,2024-11-20T10:58:46.000Z,"ARRIS Group, Inc.",Commscope,https://standards-oui.ieee.org/oui/oui.csv,https://web.archive.org/web/20241120105846id_/https://standards-oui.ieee.org/oui/oui.csv
F8790A,renamed,2024-11-20T10:58:46.000Z,"ARRIS Group, Inc.",Commscope,https://standards-oui.ieee.org/oui/oui.csv,https://web.archive.org/web/20241120105846id_/https://standards-oui.ieee.org/oui/oui.csv
F87B7A,renamed,2024-11-20T10:58:46.000Z,"ARRIS Group, Inc.",Commscope,https://standards-oui.ieee.org/oui/oui.csv,https://web.archive.org/web/20241120105846id_/https://standards-oui.ieee.org/oui/oui.csv
F88B37,renamed,2024-11-20T10:58:46.000Z,"ARRIS Group, Inc.",Commscope,https://standards-oui.ieee.org/oui/oui.csv,https://web.archive.org/web/20241120105846id_/https://standards-oui.ieee.org/oui/oui.csv
F8A097,renamed,2024-11-20T10:58:46.000Z,"ARRIS Group, Inc.",Commscope,https://standards-oui.ieee.org/oui/oui.csv,https://web.archive.org/web/20241120105846id_/https://standards-oui.ieee.org/oui/oui.csv
F8EDA5,renamed,2024-11-20T10:58:46.000Z,"ARRIS Group, Inc.",Commscope,https://standards-oui.ieee.org/oui/oui.csv,https://web.archive.org/web/20241120105846id_/https://standards-oui.ieee.org/oui/oui.csv
F8F532,renamed,2024-11-20T10:58:46.000Z,"ARRIS Group, Inc.",Commscope,https://standards-oui.ieee.org/oui/oui.csv,https://web.archive.org/web/20241120105846id_/https://standards-oui.ieee.org/oui/oui.csv
FC51A4,renamed,2024-11-20T10:58:46.000Z,"ARRIS Group, Inc.",Commscope,https://standards-oui.ieee.org/oui/oui.csv,https://web.archive.org/web/20241120105846id_/https://standards-oui.ieee.org/oui/oui.csv
FC6FB7,renamed,2024-11-20T10:58:46.000Z,"ARRIS Group, Inc.",Commscope,https://standards-oui.ieee.org/oui/oui.csv,https://web.archive.org/web/20241120105846id_/https://standards-oui.ieee.org/oui/oui.csv
FC8E7E,renamed,2024-11-20T10:58:46.000Z,"ARRIS Group, Inc.",Commscope,https://standards-oui.ieee.org/oui/oui.csv,https://web.archive.org/web/20241120105846id_/https://standards-oui.ieee.org/oui/oui.csv
FCAE34,renamed,2024-11-20T10:58:46.000Z,"ARRIS Group, Inc.",Commscope,https://standards-oui.ieee.org/oui/oui.csv,https://web.archive.org/web/20241120105846id_/https://standards-oui.ieee.org/oui/oui.csv
00006C,renamed,2025-02-27T19:27:21.000Z,Private,Schneider Electric,https://standards-oui.ieee.org/oui/oui.csv,https://web.archive.org/web/20250227192721id_/https://standards-oui.ieee.org/oui/oui.csv
0001CC,renamed,2025-02-27T19:27:21.000Z,"Japan Total Design Communication Co., Ltd.",Brand Maker Enabler Inc.,https://standards-oui.ieee.org/oui/oui.csv,https://web.archive.org/web/20250227192721id_/https://standards-oui.ieee.org/oui/oui.csv
000346,renamed,2025-02-27T19:27:21.000Z,"Hitachi Kokusai Electric, Inc.",KOKUSAI DENKI Electric Inc.,https://standards-oui.ieee.org/oui/oui.csv,https://web.archive.org/web/20250227192721id_/https://standards-oui.ieee.org/oui/oui.csv
00047E,renamed,2025-02-27T19:27:21.000Z,Siqura B.V.,TKH Security B.V.,https://standards-oui.ieee.org/oui/oui.csv,https://web.archive.org/web/20250227192721id_/https://standards-oui.ieee.org/oui/oui.csv
000A00,renamed,2025-02-27T19:27:21.000Z,Mediatek Corp.,MediaTek Inc,https://standards-oui.ieee.org/oui/oui.csv,https://web.archive.org/web/20250227192721id_/https://standards-oui.ieee.org/oui/oui.csv
000C43,renamed,2025-02-27T19:27:21.000Z,"Ralink Technology, Corp.",MediaTek Inc,https://standards-oui.ieee.org/oui/oui.csv,https://web.archive.org/web/20250227192721id_/https://standards-oui.ieee.org/oui/oui.csv
000CE7,recased,2025-02-27T19:27:21.000Z,MediaTek Inc.,MediaTek Inc,https://standards-oui.ieee.org/oui/oui.csv,https://web.archive.org/web/20250227192721id_/https://standards-oui.ieee.org/oui/oui.csv
000FEC,renamed,2025-02-27T19:27:21.000Z,ARKUS Inc.,GopherTec Inc.,https://standards-oui.ieee.org/oui/oui.csv,https://web.archive.org/web/20250227192721id_/https://standards-oui.ieee.org/oui/oui.csv
0017A5,renamed,2025-02-27T19:27:21.000Z,Ralink Technology Corp,MediaTek Inc,https://standards-oui.ieee.org/oui/oui.csv,https://web.archive.org/web/20250227192721id_/https://standards-oui.ieee.org/oui/oui.csv
001A01,renamed,2025-02-27T19:27:21.000Z,Smiths Medical,"ICU Medical, Inc.",https://standards-oui.ieee.org/oui/oui.csv,https://web.archive.org/web/20250227192721id_/https://standards-oui.ieee.org/oui/oui.csv
001C2B,renamed,2025-02-27T19:27:21.000Z,Alertme.com Limited,Hive,https://standards-oui.ieee.org/oui/oui.csv,https://web.archive.org/web/20250227192721id_/https://standards-oui.ieee.org/oui/oui.csv
00210E,renamed,2025-02-27T19:27:21.000Z,Orpak Systems L.T.D.,Gilbarco Inc.,https://standards-oui.ieee.org/oui/oui.csv,https://web.archive.org/web/20250227192721id_/https://standards-oui.ieee.org/oui/oui.csv
004031,renamed,2025-02-27T19:27:21.000Z,"Hitachi Kokusai Electric, Inc.",KOKUSAI DENKI Electric Inc.,https://standards-oui.ieee.org/oui/oui.csv,https://web.archive.org/web/20250227192721id_/https://standards-oui.ieee.org/oui/oui.csv
00C029,renamed,2025-02-27T19:27:21.000Z,Nexans Deutschland GmbH - ANS,Aginode Germany GmbH,https://standards-oui.ieee.org/oui/oui.csv,https://web.archive.org/web/20250227192721id_/https://standards-oui.ieee.org/oui/oui.csv
00D0CE,renamed,2025-02-27T19:27:21.000Z,iSystem Labs,TASKING Labs,https://standards-oui.ieee.org/oui/oui.csv,https://web.archive.org/web/20250227192721id_/https://standards-oui.ieee.org/oui/oui.csv
284D92,renamed,2025-02-27T19:27:21.000Z,Luminator,Luminator Technology Group Global LLC,https://standards-oui.ieee.org/oui/oui.csv,https://web.archive.org/web/20250227192721id_/https://standards-oui.ieee.org/oui/oui.csv
2C2D48,renamed,2025-02-27T19:27:21.000Z,bct electronic GesmbH,Commend International GmbH,https://standards-oui.ieee.org/oui/oui.csv,https://web.archive.org/web/20250227192721id_/https://standards-oui.ieee.org/oui/oui.csv
5056A8,renamed,2025-02-27T19:27:21.000Z,Jolla Ltd,Jollyboys Ltd,https://standards-oui.ieee.org/oui/oui.csv,https://web.archive.org/web/20250227192721id_/https://standards-oui.ieee.org/oui/oui.csv
58FCC8,renamed,2025-02-27T19:27:21.000Z,LenelS2 Carrier,Honeywell,https://standards-oui.ieee.org/oui/oui.csv,https://web.archive.org/web/20250227192721id_/https://standards-oui.ieee.org/oui/oui.csv
6882F2,renamed,2025-02-27T19:27:21.000Z,grandcentrix GmbH,FIXME GmbH,https://standards-oui.ieee.org/oui/oui.csv,https://web.archive.org/web/20250227192721id_/https://standards-oui.ieee.org/oui/oui.csv
6CCF39,renamed,2025-02-27T19:27:21.000Z,"Guangdong Starfive Technology Co., Ltd.","Shanghai StarFive Semiconductor Co., Ltd.",https://standards-oui.ieee.org/oui/oui.csv,https://web.archive.org/web/20250227192721id_/https://standards-oui.ieee.org/oui/oui.csv
701AD5,renamed,2025-02-27T19:27:21.000Z,"Openpath Security, Inc.",Avigilon Alta,https://standards-oui.ieee.org/oui/oui.csv,https://web.archive.org/web/20250227192721id_/https://standards-oui.ieee.org/oui/oui.csv
7CBF77,renamed,2025-02-27T19:27:21.000Z,SPEEDTECH CORP. JIO,SPEEDTECH CORP.,https://standards-oui.ieee.org/oui/oui.csv,https://web.archive.org/web/20250227192721id_/https://standards-oui.ieee.org/oui/oui.csv
84AF1F,renamed,2025-02-27T19:27:21.000Z,"Beat System Service Co,. Ltd.",GopherTec Inc.,https://standards-oui.ieee.org/oui/oui.csv,https://web.archive.org/web/20250227192721id_/https://standards-oui.ieee.org/oui/oui.csv
88948E,renamed,2025-02-27T19:27:21.000Z,Max Weishaupt GmbH,Max Weishaupt SE,https://standards-oui.ieee.org/oui/oui.csv,https://web.archive.org/web/20250227192721id_/https://standards-oui.ieee.org/oui/oui.csv
A8D3C8,renamed,2025-02-27T19:27:21.000Z,Topcon Electronics GmbH & Co. KG,Wachendorff Automation GmbH & CO.KG,https://standards-oui.ieee.org/oui/oui.csv,https://web.archive.org/web/20250227192721id_/https://standards-oui.ieee.org/oui/oui.csv
D490E0,renamed,2025-02-27T19:27:21.000Z,Topcon Electronics GmbH & Co. KG,Wachendorff Automation GmbH & CO.KG,https://standards-oui.ieee.org/oui/oui.csv,https://web.archive.org/web/20250227192721id_/https://standards-oui.ieee.org/oui/oui.csv
D823E0,renamed,2025-02-27T19:27:21.000Z,SPEEDTECH CORP. JIO,SPEEDTECH CORP.,https://standards-oui.ieee.org/oui/oui.csv,https://web.archive.org/web/20250227192721id_/https://standards-oui.ieee.org/oui/oui.csv
E01CA7,renamed,2025-02-27T19:27:21.000Z,"Arista Networks, Inc.",Arista Networks,https://standards-oui.ieee.org/oui/oui.csv,https://web.archive.org/web/20250227192721id_/https://standards-oui.ieee.org/oui/oui.csv
F4B549,renamed,2025-02-27T19:27:21.000Z,"Xiamen Yeastar Information Technology Co., Ltd.","Xiamen Yeastar Digital Technology Co., Ltd",https://standards-oui.ieee.org/oui/oui.csv,https://web.archive.org/web/20250227192721id_/https://standards-oui.ieee.org/oui/oui.csv
000302,renamed,2025-05-13T01:54:16.000Z,"Charles Industries, Ltd.",Charles Industries,https://standards-oui.ieee.org/oui/oui.csv,https://web.archive.org/web/20250513015416id_/https://standards-oui.ieee.org/oui/oui.csv
00055B,renamed,2025-05-13T01:54:16.000Z,"Charles Industries, Ltd.",Charles Industries,https://standards-oui.ieee.org/oui/oui.csv,https://web.archive.org/web/20250513015416id_/https://standards-oui.ieee.org/oui/oui.csv
000B91,renamed,2025-05-13T01:54:16.000Z,Aglaia Gesellschaft für Bildverarbeitung und Kommunikation mbH,Xovis Germany GmbH,https://standards-oui.ieee.org/oui/oui.csv,https://web.archive.org/web/20250513015416id_/https://standards-oui.ieee.org/oui/oui.csv
001645,renamed,2025-05-13T01:54:16.000Z,"Power Distribution, Inc.",Eaton Corporation,https://standards-oui.ieee.org/oui/oui.csv,https://web.archive.org/web/20250513015416id_/https://standards-oui.ieee.org/oui/oui.csv
001F23,renamed,2025-05-13T01:54:16.000Z,Interacoustics,DGS Diagnostics A/S,https://standards-oui.ieee.org/oui/oui.csv,https://web.archive.org/web/20250513015416id_/https://standards-oui.ieee.org/oui/oui.csv
003192,renamed,2025-05-13T01:54:16.000Z,TP-Link Corporation Limited,TP-Link Systems Inc,https://standards-oui.ieee.org/oui/oui.csv,https://web.archive.org/web/20250513015416id_/https://standards-oui.ieee.org/oui/oui.csv
005F67,renamed,2025-05-13T01:54:16.000Z,TP-Link Corporation Limited,TP-Link Systems Inc,https://standards-oui.ieee.org/oui/oui.csv,https://web.archive.org/web/20250513015416id_/https://standards-oui.ieee.org/oui/oui.csv
1027F5,renamed,2025-05-13T01:54:16.000Z,TP-Link Corporation Limited,TP-Link Systems Inc,https://standards-oui.ieee.org/oui/oui.csv,https://web.archive.org/web/20250513015416id_/https://standards-oui.ieee.org/oui/oui.csv
14EBB6,renamed,2025-05-13T01:54:16.000Z,TP-Link Corporation Limited,TP-Link Systems Inc,https://standards-oui.ieee.org/oui/oui.csv,https://web.archive.org/web/20250513015416id_/https://standards-oui.ieee.org/oui/oui.csv
1C61B4,renamed,2025-05-13T01:54:16.000Z,TP-Link Corporation Limited,TP-Link Systems Inc,https://standards-oui.ieee.org/oui/oui.csv,https://web.archive.org/web/20250513015416id_/https://standards-oui.ieee.org/oui/oui.csv
202351,renamed,2025-05-13T01:54:16.000Z,TP-LINK CORPORATION PTE. LTD.,TP-Link Systems Inc,https://standards-oui.ieee.org/oui/oui.csv,https://web.archive.org/web/20250513015416id_/https://standards-oui.ieee.org/oui/oui.csv
203626,renamed,2025-05-13T01:54:16.000Z,TP-Link Corporation Limited,TP-Link Systems Inc,https://standards-oui.ieee.org/oui/oui.csv,https://web.archive.org/web/20250513015416id_/https://standards-oui.ieee.org/oui/oui.csv
242FD0,renamed,2025-05-13T01:54:16.000Z,TP-LINK CORPORATION PTE. LTD.,TP-Link Systems Inc,https://standards-oui.ieee.org/oui/oui.csv,https://web.archive.org/web/20250513015416id_/https://standards-oui.ieee.org/oui/oui.csv
2887BA,renamed,2025-05-13T01:54:16.000Z,TP-Link Corporation Limited,TP-Link Systems Inc,https://standards-oui.ieee.org/oui/oui.csv,https://web.archive.org/web/20250513015416id_/https://standards-oui.ieee.org/oui/oui.csv
30DE4B,renamed,2025-05-13T01:54:16.000Z,TP-Link Corporation Limited,TP-Link Systems Inc,https://standards-oui.ieee.org/oui/oui.csv,https://web.archive.org/web/20250513015416id_/https://standards-oui.ieee.org/oui/oui.csv
3460F9,renamed,2025-05-13T01:54:16.000Z,TP-Link Corporation Limited,TP-Link Systems Inc,https://standards-oui.ieee.org/oui/oui.csv,https://web.archive.org/web/20250513015416id_/https://standards-oui.ieee.org/oui/oui.csv
3C52A1,renamed,2025-05-13T01:54:16.000Z,TP-Link Corporation Limited,TP-Link Systems Inc,https://standards-oui.ieee.org/oui/oui.csv,https://web.archive.org/web/20250513015416id_/https://standards-oui.ieee.org/oui/oui.csv
3C64CF,renamed,2025-05-13T01:54:16.000Z,TP-LINK CORPORATION PTE. LTD.,TP-Link Systems Inc,https://standards-oui.ieee.org/oui/oui.csv,https://web.archive.org/web/20250513015416id_/https://standards-oui.ieee.org/oui/oui.csv
40AE30,renamed,2025-05-13T01:54:16.000Z,TP-LINK CORPORATION PTE. LTD.,TP-Link Systems Inc,https://standards-oui.ieee.org/oui/oui.csv,https://web.archive.org/web/20250513015416id_/https://standards-oui.ieee.org/oui/oui.csv
40ED00,renamed,2025-05-13T01:54:16.000Z,TP-Link Corporation Limited,TP-Link Systems Inc,https://standards-oui.ieee.org/oui/oui.csv,https://web.archive.org/web/20250513015416id_/https://standards-oui.ieee.org/oui/oui.csv
482254,renamed,2025-05-13T01:54:16.000Z,TP-Link Corporation Limited,TP-Link Systems Inc,https://standards-oui.ieee.org/oui/oui.csv,https://web.archive.org/web/20250513015416id_/https://standards-oui.ieee.org/oui/oui.csv
5091E3,renamed,2025-05-13T01:54:16.000Z,TP-Link Corporation Limited,TP-Link Systems Inc,https://standards-oui.ieee.org/oui/oui.csv,https://web.archive.org/web/20250513015416id_/https://standards-oui.ieee.org/oui/oui.csv
54AF97,renamed,2025-05-13T01:54:16.000Z,TP-Link Corporation Limited,TP-Link Systems Inc,https://standards-oui.ieee.org/oui/oui.csv,https://web.archive.org/web/20250513015416id_/https://standards-oui.ieee.org/oui/oui.csv
5C628B,renamed,2025-05-13T01:54:16.000Z,TP-Link Corporation Limited,TP-Link Systems Inc,https://standards-oui.ieee.org/oui/oui.csv,https://web.archive.org/web/20250513015416id_/https://standards-oui.ieee.org/oui/oui.csv
5CA6E6,renamed,2025-05-13T01:54:16.000Z,TP-Link Corporation Limited,TP-Link Systems Inc,https://standards-oui.ieee.org/oui/oui.csv,https://web.archive.org/web/20250513015416id_/https://standards-oui.ieee.org/oui/oui.csv
5CE931,renamed,2025-05-13T01:54:16.000Z,TP-Link Corporation Limited,TP-Link Systems Inc,https://standards-oui.ieee.org/oui/oui.csv,https://web.archive.org/web/20250513015416id_/https://standards-oui.ieee.org/oui/oui.csv
6083E7,renamed,2025-05-13T01:54:16.000Z,TP-LINK CORPORATION PTE. LTD.,TP-Link Systems Inc,https://standards-oui.ieee.org/oui/oui.csv,https://web.archive.org/web/20250513015416id_/https://standards-oui.ieee.org/oui/oui.csv
60A4B7,renamed,2025-05-13T01:54:16.000Z,TP-Link Corporation Limited,TP-Link Systems Inc,https://standards-oui.ieee.org/oui/oui.csv,https://web.archive.org/web/20250513015416id_/https://standards-oui.ieee.org/oui/oui.csv
687FF0,renamed,2025-05-13T01:54:16.000Z,TP-Link Corporation Limited,TP-Link Systems Inc,https://standards-oui.ieee.org/oui/oui.csv,https://web.archive.org/web/20250513015416id_/https://standards-oui.ieee.org/oui/oui.csv
6C5AB0,renamed,2025-05-13T01:54:16.000Z,TP-Link Corporation Limited,TP-Link Systems Inc,https://standards-oui.ieee.org/oui/oui.csv,https://web.archive.org/web/20250513015416id_/https://standards-oui.ieee.org/oui/oui.csv
74FECE,renamed,2025-05-13T01:54:16.000Z,TP-LINK CORPORATION PTE. LTD.,TP-Link Systems Inc,https://standards-oui.ieee.org/oui/oui.csv,https://web.archive.org/web/20250513015416id_/https://standards-oui.ieee.org/oui/oui.csv
788CB5,renamed,2025-05-13T01:54:16.000Z,TP-Link Corporation Limited,TP-Link Systems Inc,https://standards-oui.ieee.org/oui/oui.csv,https://web.archive.org/web/20250513015416id_/https://standards-oui.ieee.org/oui/oui.csv
7CC2C6,renamed,2025-05-13T01:54:16.000Z,TP-Link Corporation Limited,TP-Link Systems Inc,https://standards-oui.ieee.org/oui/oui.csv,https://web.archive.org/web/20250513015416id_/https://standards-oui.ieee.org/oui/oui.csv
7CF17E,renamed,2025-05-13T01:54:16.000Z,TP-LINK CORPORATION PTE. LTD.,TP-Link Systems Inc,https://standards-oui.ieee.org/oui/oui.csv,https://web.archive.org/web/20250513015416id_/https://standards-oui.ieee.org/oui/oui.csv
80F3EF,renamed,2025-05-13T01:54:16.000Z,"Meta Platforms Technologies, LLC","Meta Platforms, Inc.",https://standards-oui.ieee.org/oui/oui.csv,https://web.archive.org/web/20250513015416id_/https://standards-oui.ieee.org/oui/oui.csv
8457F7,renamed,2025-05-13T01:54:16.000Z,"Meta Platforms Technologies, LLC","Meta Platforms, Inc.",https://standards-oui.ieee.org/oui/oui.csv,https://web.archive.org/web/20250513015416id_/https://standards-oui.ieee.org/oui/oui.csv
882508,renamed,2025-05-13T01:54:16.000Z,"Meta Platforms Technologies, LLC","Meta Platforms, Inc.",https://standards-oui.ieee.org/oui/oui.csv,https://web.archive.org/web/20250513015416id_/https://standards-oui.ieee.org/oui/oui.csv
94F929,renamed,2025-05-13T01:54:16.000Z,"Meta Platforms Technologies, LLC","Meta Platforms, Inc.",https://standards-oui.ieee.org/oui/oui.csv,https://web.archive.org/web/20250513015416id_/https://standards-oui.ieee.org/oui/oui.csv
98254A,renamed,2025-05-13T01:54:16.000Z,TP-LINK CORPORATION PTE. LTD.,TP-Link Systems Inc,https://standards-oui.ieee.org/oui/oui.csv,https://web.archive.org/web/20250513015416id_/https://standards-oui.ieee.org/oui/oui.csv
9C5322,renamed,2025-05-13T01:54:16.000Z,TP-Link Corporation Limited,TP-Link Systems Inc,https://standards-oui.ieee.org/oui/oui.csv,https://web.archive.org/web/20250513015416id_/https://standards-oui.ieee.org/oui/oui.csv
9CA2F4,renamed,2025-05-13T01:54:16.000Z,TP-Link Corporation Limited,TP-Link Systems Inc,https://standards-oui.ieee.org/oui/oui.csv,https://web.archive.org/web/20250513015416id_/https://standards-oui.ieee.org/oui/oui.csv
A083B4,renamed,2025-05-13T01:54:16.000Z,HeNet B.V.,Velorum B.V,https://standards-oui.ieee.org/oui/oui.csv,https://web.archive.org/web/20250513015416id_/https://standards-oui.ieee.org/oui/oui.csv
A842A1,renamed,2025-05-13T01:54:16.000Z,TP-Link Corporation Limited,TP-Link Systems Inc,https://standards-oui.ieee.org/oui/oui.csv,https://web.archive.org/web/20250513015416id_/https://standards-oui.ieee.org/oui/oui.csv
A86E84,renamed,2025-05-13T01:54:16.000Z,TP-LINK CORPORATION PTE. LTD.,TP-Link Systems Inc,https://standards-oui.ieee.org/oui/oui.csv,https://web.archive.org/web/20250513015416id_/https://standards-oui.ieee.org/oui/oui.csv
AC15A2,renamed,2025-05-13T01:54:16.000Z,TP-Link Corporation Limited,TP-Link Systems Inc,https://standards-oui.ieee.org/oui/oui.csv,https://web.archive.org/web/20250513015416id_/https://standards-oui.ieee.org/oui/oui.csv
B01921,renamed,2025-05-13T01:54:16.000Z,TP-LINK CORPORATION PTE. LTD.,TP-Link Systems Inc,https://standards-oui.ieee.org/oui/oui.csv,https://web.archive.org/web/20250513015416id_/https://standards-oui.ieee.org/oui/oui.csv
B0A7B9,renamed,2025-05-13T01:54:16.000Z,TP-Link Corporation Limited,TP-Link Systems Inc,https://standards-oui.ieee.org/oui/oui.csv,https://web.archive.org/web/20250513015416id_/https://standards-oui.ieee.org/oui/oui.csv
B417A8,renamed,2025-05-13T01:54:16.000Z,"Meta Platforms Technologies, LLC","Meta Platforms, Inc.",https://standards-oui.ieee.org/oui/oui.csv,https://web.archive.org/web/20250513015416id_/https://standards-oui.ieee.org/oui/oui.csv
B4B024,renamed,2025-05-13T01:54:16.000Z,TP-Link Corporation Limited,TP-Link Systems Inc,https://standards-oui.ieee.org/oui/oui.csv,https://web.archive.org/web/20250513015416id_/https://standards-oui.ieee.org/oui/oui.csv
C006C3,renamed,2025-05-13T01:54:16.000Z,TP-Link Corporation Limited,TP-Link Systems Inc,https://standards-oui.ieee.org/oui/oui.csv,https://web.archive.org/web/20250513015416id_/https://standards-oui.ieee.org/oui/oui.csv
C0DD8A,renamed,2025-05-13T01:54:16.000Z,"Meta Platforms Technologies, LLC","Meta Platforms, Inc.",https://standards-oui.ieee.org/oui/oui.csv,https://web.archive.org/web/20250513015416id_/https://standards-oui.ieee.org/oui/oui.csv
CC68B6,renamed,2025-05-13T01:54:16.000Z,TP-Link Corporation Limited,TP-Link Systems Inc,https://standards-oui.ieee.org/oui/oui.csv,https://web.archive.org/web/20250513015416id_/https://standards-oui.ieee.org/oui/oui.csv
CCA174,renamed,2025-05-13T01:54:16.000Z,"Meta Platforms Technologies, LLC","Meta Platforms, Inc.",https://standards-oui.ieee.org/oui/oui.csv,https://web.archive.org/web/20250513015416id_/https://standards-oui.ieee.org/oui/oui.csv
D0B3C2,renamed,2025-05-13T01:54:16.000Z,"Meta Platforms Technologies, LLC","Meta Platforms, Inc.",https://standards-oui.ieee.org/oui/oui.csv,https://web.archive.org/web/20250513015416id_/https://standards-oui.ieee.org/oui/oui.csv
D4D659,renamed,2025-05-13T01:54:16.000Z,"Meta Platforms Technologies, LLC","Meta Platforms, Inc.",https://standards-oui.ieee.org/oui/oui.csv,https://web.archive.org/web/20250513015416id_/https://standards-oui.ieee.org/oui/oui.csv
D84489,renamed,2025-05-13T01:54:16.000Z,TP-LINK CORPORATION PTE. LTD.,TP-Link Systems Inc,https://standards-oui.ieee.org/oui/oui.csv,https://web.archive.org/web/20250513015416id_/https://standards-oui.ieee.org/oui/oui.csv
DC6279,renamed,2025-05-13T01:54:16.000Z,TP-LINK CORPORATION PTE. LTD.,TP-Link Systems Inc,https://standards-oui.ieee.org/oui/oui.csv,https://web.archive.org/web/20250513015416id_/https://standards-oui.ieee.org/oui/oui.csv
E4FAC4,renamed,2025-05-13T01:54:16.000Z,TP-LINK CORPORATION PTE. LTD.,TP-Link Systems Inc,https://standards-oui.ieee.org/oui/oui.csv,https://web.archive.org/web/20250513015416id_/https://standards-oui.ieee.org/oui/oui.csv
E848B8,renamed,2025-05-13T01:54:16.000Z,TP-Link Corporation Limited,TP-Link Systems Inc,https://standards-oui.ieee.org/oui/oui.csv,https://web.archive.org/web/20250513015416id_/https://standards-oui.ieee.org/oui/oui.csv
F0090D,renamed,2025-05-13T01:54:16.000Z,TP-LINK CORPORATION PTE. LTD.,TP-Link Systems Inc,https://standards-oui.ieee.org/oui/oui.csv,https://web.archive.org/web/20250513015416id_/https://standards-oui.ieee.org/oui/oui.csv
F0A731,renamed,2025-05-13T01:54:16.000Z,TP-Link Corporation Limited,TP-Link Systems Inc,https://standards-oui.ieee.org/oui/oui.csv,https://web.archive.org/web/20250513015416id_/https://standards-oui.ieee.org/oui/oui.csv
000147,renamed,2025-08-23T07:49:07.000Z,DZS Inc.,"Zhone Technologies, Inc.",https://standards-oui.ieee.org/oui/oui.csv,https://web.archive.org/web/20250823074907id_/https://standards-oui.ieee.org/oui/oui.csv
0001D7,renamed,2025-08-23T07:49:07.000Z,"F5 Networks, Inc.",F5 Inc.,https://standards-oui.ieee.org/oui/oui.csv,https://web.archive.org/web/20250823074907id_/https://standards-oui.ieee.org/oui/oui.csv
000271,renamed,2025-08-23T07:49:07.000Z,DZS Inc.,"Zhone Technologies, Inc.",https://standards-oui.ieee.org/oui/oui.csv,https://web.archive.org/web/20250823074907id_/https://standards-oui.ieee.org/oui/oui.csv
000A49,renamed,2025-08-23T07:49:07.000Z,"F5 Networks, Inc.",F5 Inc.,https://standards-oui.ieee.org/oui/oui.csv,https://web.archive.org/web/20250823074907id_/https://standards-oui.ieee.org/oui/oui.csv
0015FF,renamed,2025-08-23T07:49:07.000Z,"Novatel Wireless Solutions, Inc.","Inseego Wireless, Inc",https://standards-oui.ieee.org/oui/oui.csv,https://web.archive.org/web/20250823074907id_/https://standards-oui.ieee.org/oui/oui.csv
00180C,renamed,2025-08-23T07:49:07.000Z,DZS Inc.,"Zhone Technologies, Inc.",https://standards-oui.ieee.org/oui/oui.csv,https://web.archive.org/web/20250823074907id_/https://standards-oui.ieee.org/oui/oui.csv
0023E9,renamed,2025-08-23T07:49:07.000Z,"F5 Networks, Inc.",F5 Inc.,https://standards-oui.ieee.org/oui/oui.csv,https://web.archive.org/web/20250823074907id_/https://standards-oui.ieee.org/oui/oui.csv
003052,renamed,2025-08-23T07:49:07.000Z,DZS Inc.,"Zhone Technologies, Inc.",https://standards-oui.ieee.org/oui/oui.csv,https://web.archive.org/web/20250823074907id_/https://standards-oui.ieee.org/oui/oui.csv
0050CA,renamed,2025-08-23T07:49:07.000Z,DZS Inc.,"Zhone Technologies, Inc.",https://standards-oui.ieee.org/oui/oui.csv,https://web.archive.org/web/20250823074907id_/https://standards-oui.ieee.org/oui/oui.csv
0094A1,renamed,2025-08-23T07:49:07.000Z,"F5 Networks, Inc.",F5 Inc.,https://standards-oui.ieee.org/oui/oui.csv,https://web.archive.org/web/20250823074907id_/https://standards-oui.ieee.org/oui/oui.csv
00A01B,renamed,2025-08-23T07:49:07.000Z,DZS Inc.,"Zhone Technologies, Inc.",https://standards-oui.ieee.org/oui/oui.csv,https://web.archive.org/web/20250823074907id_/https://standards-oui.ieee.org/oui/oui.csv
00E0DF,renamed,2025-08-23T07:49:07.000Z,DZS Inc.,"Zhone Technologies, Inc.",https://standards-oui.ieee.org/oui/oui.csv,https://web.archive.org/web/20250823074907id_/https://standards-oui.ieee.org/oui/oui.csv
102F6E,recased,2025-08-23T07:49:07.000Z,Shenzhen Sundray Technologies Company Limited,Shenzhen Sundray Technologies company Limited,https://standards-oui.ieee.org/oui/oui.csv,https://web.archive.org/web/20250823074907id_/https://standards-oui.ieee.org/oui/oui.csv
14A9D0,renamed,2025-08-23T07:49:07.000Z,"F5 Networks, Inc.",F5 Inc.,https://standards-oui.ieee.org/oui/oui.csv,https://web.archive.org/web/20250823074907id_/https://standards-oui.ieee.org/oui/oui.csv
186F2D,recased,2025-08-23T07:49:07.000Z,Shenzhen Sundray Technologies Company Limited,Shenzhen Sundray Technologies company Limited,https://standards-oui.ieee.org/oui/oui.csv,https://web.archive.org/web/20250823074907id_/https://standards-oui.ieee.org/oui/oui.csv
189578,recased,2025-08-23T07:49:07.000Z,DENSO Corporation,DENSO CORPORATION,https://standards-oui.ieee.org/oui/oui.csv,https://web.archive.org/web/20250823074907id_/https://standards-oui.ieee.org/oui/oui.csv
18CC88,renamed,2025-08-23T07:49:07.000Z,Hitachi Johnson Controls Air,"Hitachi Air Conditioning Shimizu, Inc.",https://standards-oui.ieee.org/oui/oui.csv,https://web.archive.org/web/20250823074907id_/https://standards-oui.ieee.org/oui/oui.csv
18EE86,renamed,2025-08-23T07:49:07.000Z,"Novatel Wireless Solutions, Inc.","Inseego Wireless, Inc",https://standards-oui.ieee.org/oui/oui.csv,https://web.archive.org/web/20250823074907id_/https://standards-oui.ieee.org/oui/oui.csv
202027,recased,2025-08-23T07:49:07.000Z,Shenzhen Sundray Technologies Company Limited,Shenzhen Sundray Technologies company Limited,https://standards-oui.ieee.org/oui/oui.csv,https://web.archive.org/web/20250823074907id_/https://standards-oui.ieee.org/oui/oui.csv
2880A2,renamed,2025-08-23T07:49:07.000Z,"Novatel Wireless Solutions, Inc.","Inseego Wireless, Inc",https://standards-oui.ieee.org/oui/oui.csv,https://web.archive.org/web/20250823074907id_/https://standards-oui.ieee.org/oui/oui.csv
2C9D4B,renamed,2025-08-23T07:49:07.000Z,Lavelle Network Private Limited,Lavelle Networks Private Limited,https://standards-oui.ieee.org/oui/oui.csv,https://web.archive.org/web/20250823074907id_/https://standards-oui.ieee.org/oui/oui.csv
2CC1F4,renamed,2025-08-23T07:49:07.000Z,Nokia Solution and Networks Pvt Ltd,Nokia Solutions and Networks India Private Limited,https://standards-oui.ieee.org/oui/oui.csv,https://web.archive.org/web/20250823074907id_/https://standards-oui.ieee.org/oui/oui.csv
304F75,renamed,2025-08-23T07:49:07.000Z,DZS Inc.,"Zhone Technologies, Inc.",https://standards-oui.ieee.org/oui/oui.csv,https://web.archive.org/web/20250823074907id_/https://standards-oui.ieee.org/oui/oui.csv
40F21C,renamed,2025-08-23T07:49:07.000Z,DZS Inc.,"Zhone Technologies, Inc.",https://standards-oui.ieee.org/oui/oui.csv,https://web.archive.org/web/20250823074907id_/https://standards-oui.ieee.org/oui/oui.csv
4CEF56,recased,2025-08-23T07:49:07.000Z,Shenzhen Sundray Technologies Company Limited,Shenzhen Sundray Technologies company Limited,https://standards-oui.ieee.org/oui/oui.csv,https://web.archive.org/web/20250823074907id_/https://standards-oui.ieee.org/oui/oui.csv
703A73,recased,2025-08-23T07:49:07.000Z,Shenzhen Sundray Technologies Company Limited,Shenzhen Sundray Technologies company Limited,https://standards-oui.ieee.org/oui/oui.csv,https://web.archive.org/web/20250823074907id_/https://standards-oui.ieee.org/oui/oui.csv
846EBC,renamed,2025-08-23T07:49:07.000Z,Nokia solutions and networks Pvt Ltd,Nokia Solutions and Networks India Private Limited,https://standards-oui.ieee.org/oui/oui.csv,https://web.archive.org/web/20250823074907id_/https://standards-oui.ieee.org/oui/oui.csv
941457,recased,2025-08-23T07:49:07.000Z,Shenzhen Sundray Technologies Company Limited,Shenzhen Sundray Technologies company Limited,https://standards-oui.ieee.org/oui/oui.csv,https://web.archive.org/web/20250823074907id_/https://standards-oui.ieee.org/oui/oui.csv
9C3A9A,recased,2025-08-23T07:49:07.000Z,Shenzhen Sundray Technologies Company Limited,Shenzhen Sundray Technologies company Limited,https://standards-oui.ieee.org/oui/oui.csv,https://web.archive.org/web/20250823074907id_/https://standards-oui.ieee.org/oui/oui.csv
9C65EE,renamed,2025-08-23T07:49:07.000Z,DZS Inc.,"Zhone Technologies, Inc.",https://standards-oui.ieee.org/oui/oui.csv,https://web.archive.org/web/20250823074907id_/https://standards-oui.ieee.org/oui/oui.csv
A80CCA,recased,2025-08-23T07:49:07.000Z,Shenzhen Sundray Technologies Company Limited,Shenzhen Sundray Technologies company Limited,https://standards-oui.ieee.org/oui/oui.csv,https://web.archive.org/web/20250823074907id_/https://standards-oui.ieee.org/oui/oui.csv
ACFC82,recased,2025-08-23T07:49:07.000Z,Shenzhen Sundray Technologies Company Limited,Shenzhen Sundray Technologies company Limited,https://standards-oui.ieee.org/oui/oui.csv,https://web.archive.org/web/20250823074907id_/https://standards-oui.ieee.org/oui/oui.csv
B025AA,renamed,2025-08-23T07:49:07.000Z,Private,AIstone Global Limited,https://standards-oui.ieee.org/oui/oui.csv,https://web.archive.org/web/20250823074907id_/https://standards-oui.ieee.org/oui/oui.csv
C853E1,renamed,2025-08-23T07:49:07.000Z,"Beijing Bytedance Network Technology Co., Ltd","Douyin Vision Co., Ltd",https://standards-oui.ieee.org/oui/oui.csv,https://web.archive.org/web/20250823074907id_/https://standards-oui.ieee.org/oui/oui.csv
C89009,renamed,2025-08-23T07:49:07.000Z,"Budderfly, LLC",Budderfly Inc.,https://standards-oui.ieee.org/oui/oui.csv,https://web.archive.org/web/20250823074907id_/https://standards-oui.ieee.org/oui/oui.csv
C8A23B,recased,2025-08-23T07:49:07.000Z,Shenzhen Sundray Technologies Company Limited,Shenzhen Sundray Technologies company Limited,https://standards-oui.ieee.org/oui/oui.csv,https://web.archive.org/web/20250823074907id_/https://standards-oui.ieee.org/oui/oui.csv
CC6C52,renamed,2025-08-23T07:49:07.000Z,DZS Inc.,"Zhone Technologies, Inc.",https://standards-oui.ieee.org/oui/oui.csv,https://web.archive.org/web/20250823074907id_/https://standards-oui.ieee.org/oui/oui.csv
D096FB,renamed,2025-08-23T07:49:07.000Z,DZS Inc.,"Zhone Technologies, Inc.",https://standards-oui.ieee.org/oui/oui.csv,https://web.archive.org/web/20250823074907id_/https://standards-oui.ieee.org/oui/oui.csv
D468BA,recased,2025-08-23T07:49:07.000Z,Shenzhen Sundray Technologies Company Limited,Shenzhen Sundray Technologies company Limited,https://standards-oui.ieee.org/oui/oui.csv,https://web.archive.org/web/20250823074907id_/https://standards-oui.ieee.org/oui/oui.csv
E08614,renamed,2025-08-23T07:49:07.000Z,"Novatel Wireless Solutions, Inc.","Inseego Wireless, Inc",https://standards-oui.ieee.org/oui/oui.csv,https://web.archive.org/web/20250823074907id_/https://standards-oui.ieee.org/oui/oui.csv
F41563,renamed,2025-08-23T07:49:07.000Z,"F5 Networks, Inc.",F5 Inc.,https://standards-oui.ieee.org/oui/oui.csv,https://web.archive.org/web/20250823074907id_/https://standards-oui.ieee.org/oui/oui.csv
0002DC,renamed,2026-01-08T00:08:43.000Z,Fujitsu General Limited,GENERAL Inc.,https://standards-oui.ieee.org/oui/oui.csv,https://web.archive.org/web/20260108000843id_/https://standards-oui.ieee.org/oui/oui.csv
0005DB,renamed,2026-01-08T00:08:43.000Z,PSI Nentec GmbH,"PSI Software SE,",https://standards-oui.ieee.org/oui/oui.csv,https://web.archive.org/web/20260108000843id_/https://standards-oui.ieee.org/oui/oui.csv
000B0F,renamed,2026-01-08T00:08:43.000Z,Bosch Rexroth,Bosch Rexroth AG,https://standards-oui.ieee.org/oui/oui.csv,https://web.archive.org/web/20260108000843id_/https://standards-oui.ieee.org/oui/oui.csv
000B6B,renamed,2026-01-08T00:08:43.000Z,Wistron Neweb Corporation,WNC Corporation,https://standards-oui.ieee.org/oui/oui.csv,https://web.archive.org/web/20260108000843id_/https://standards-oui.ieee.org/oui/oui.csv
000E72,renamed,2026-01-08T00:08:43.000Z,Arca Technologies S.r.l.,Sesami Technologies Srl,https://standards-oui.ieee.org/oui/oui.csv,https://web.archive.org/web/20260108000843id_/https://standards-oui.ieee.org/oui/oui.csv
0010C6,renamed,2026-01-08T00:08:43.000Z,"Universal Global Scientific Industrial Co., Ltd.","Universal Global Scientific Industrial., Ltd",https://standards-oui.ieee.org/oui/oui.csv,https://web.archive.org/web/20260108000843id_/https://standards-oui.ieee.org/oui/oui.csv
00124F,renamed,2026-01-08T00:08:43.000Z,nVent,Chemelex LLC,https://standards-oui.ieee.org/oui/oui.csv,https://web.archive.org/web/20260108000843id_/https://standards-oui.ieee.org/oui/oui.csv
0012C1,renamed,2026-01-08T00:08:43.000Z,Check Point Software Technologies,Check Point Software Technologies Ltd.,https://standards-oui.ieee.org/oui/oui.csv,https://web.archive.org/web/20260108000843id_/https://standards-oui.ieee.org/oui/oui.csv
0015EA,renamed,2026-01-08T00:08:43.000Z,Tellumat (Pty) Ltd,Hensoldt South Africa (Pty) Ltd,https://standards-oui.ieee.org/oui/oui.csv,https://web.archive.org/web/20260108000843id_/https://standards-oui.ieee.org/oui/oui.csv
001641,renamed,2026-01-08T00:08:43.000Z,"Universal Global Scientific Industrial Co., Ltd.","Universal Global Scientific Industrial., Ltd",https://standards-oui.ieee.org/oui/oui.csv,https://web.archive.org/web/20260108000843id_/https://standards-oui.ieee.org/oui/oui.csv
001A6B,renamed,2026-01-08T00:08:43.000Z,"Universal Global Scientific Industrial Co., Ltd.","Universal Global Scientific Industrial., Ltd",https://standards-oui.ieee.org/oui/oui.csv,https://web.archive.org/web/20260108000843id_/https://standards-oui.ieee.org/oui/oui.csv
001AB9,renamed,2026-01-08T00:08:43.000Z,PMC,Groupe Carrus,https://standards-oui.ieee.org/oui/oui.csv,https://web.archive.org/web/20260108000843id_/https://standards-oui.ieee.org/oui/oui.csv
001B85,renamed,2026-01-08T00:08:43.000Z,MAN Energy Solutions,Everllence,https://standards-oui.ieee.org/oui/oui.csv,https://web.archive.org/web/20260108000843id_/https://standards-oui.ieee.org/oui/oui.csv
001BB1,renamed,2026-01-08T00:08:43.000Z,Wistron Neweb Corporation,WNC Corporation,https://standards-oui.ieee.org/oui/oui.csv,https://web.archive.org/web/20260108000843id_/https://standards-oui.ieee.org/oui/oui.csv
001E37,renamed,2026-01-08T00:08:43.000Z,"Universal Global Scientific Industrial Co., Ltd.","Universal Global Scientific Industrial., Ltd",https://standards-oui.ieee.org/oui/oui.csv,https://web.archive.org/web/20260108000843id_/https://standards-oui.ieee.org/oui/oui.csv
001EAE,renamed,2026-01-08T00:08:43.000Z,Continental Automotive Systems Inc.,"AUMOVIO Systems, Inc.",https://standards-oui.ieee.org/oui/oui.csv,https://web.archive.org/web/20260108000843id_/https://standards-oui.ieee.org/oui/oui.csv
001ED1,renamed,2026-01-08T00:08:43.000Z,Keyprocessor B.V.,TKH Security B.V.,https://standards-oui.ieee.org/oui/oui.csv,https://web.archive.org/web/20260108000843id_/https://standards-oui.ieee.org/oui/oui.csv
002104,renamed,2026-01-08T00:08:43.000Z,Gigaset Communications GmbH,Gigaset Technologies GmbH,https://standards-oui.ieee.org/oui/oui.csv,https://web.archive.org/web/20260108000843id_/https://standards-oui.ieee.org/oui/oui.csv
002186,renamed,2026-01-08T00:08:43.000Z,"Universal Global Scientific Industrial Co., Ltd.","Universal Global Scientific Industrial., Ltd",https://standards-oui.ieee.org/oui/oui.csv,https://web.archive.org/web/20260108000843id_/https://standards-oui.ieee.org/oui/oui.csv
00247E,renamed,2026-01-08T00:08:43.000Z,"Universal Global Scientific Industrial Co., Ltd.","Universal Global Scientific Industrial., Ltd",https://standards-oui.ieee.org/oui/oui.csv,https://web.archive.org/web/20260108000843id_/https://standards-oui.ieee.org/oui/oui.csv
0024AE,renamed,2026-01-08T00:08:43.000Z,IDEMIA,IDEMIA FRANCE SAS,https://standards-oui.ieee.org/oui/oui.csv,https://web.archive.org/web/20260108000843id_/https://standards-oui.ieee.org/oui/oui.csv
0025CA,renamed,2026-01-08T00:08:43.000Z,Laird Connectivity,"Ezurio, LLC",https://standards-oui.ieee.org/oui/oui.csv,https://web.archive.org/web/20260108000843id_/https://standards-oui.ieee.org/oui/oui.csv
002689,renamed,2026-01-08T00:08:43.000Z,General Dynamics Robotic Systems,General Dynamics Land Systems Inc.,https://standards-oui.ieee.org/oui/oui.csv,https://web.archive.org/web/20260108000843id_/https://standards-oui.ieee.org/oui/oui.csv
002713,renamed,2026-01-08T00:08:43.000Z,"Universal Global Scientific Industrial Co., Ltd.","Universal Global Scientific Industrial., Ltd",https://standards-oui.ieee.org/oui/oui.csv,https://web.archive.org/web/20260108000843id_/https://standards-oui.ieee.org/oui/oui.csv
0054AF,renamed,2026-01-08T00:08:43.000Z,Continental Automotive Systems Inc.,"AUMOVIO Systems, Inc.",https://standards-oui.ieee.org/oui/oui.csv,https://web.archive.org/web/20260108000843id_/https://standards-oui.ieee.org/oui/oui.csv
047BCB,renamed,2026-01-08T00:08:43.000Z,"Universal Global Scientific Industrial Co., Ltd.","Universal Global Scientific Industrial., Ltd",https://standards-oui.ieee.org/oui/oui.csv,https://web.archive.org/web/20260108000843id_/https://standards-oui.ieee.org/oui/oui.csv
083A88,renamed,2026-01-08T00:08:43.000Z,"Universal Global Scientific Industrial Co., Ltd.","Universal Global Scientific Industrial., Ltd",https://standards-oui.ieee.org/oui/oui.csv,https://web.archive.org/web/20260108000843id_/https://standards-oui.ieee.org/oui/oui.csv
0C3CCD,renamed,2026-01-08T00:08:43.000Z,"Universal Global Scientific Industrial Co., Ltd.","Universal Global Scientific Industrial., Ltd",https://standards-oui.ieee.org/oui/oui.csv,https://web.archive.org/web/20260108000843id_/https://standards-oui.ieee.org/oui/oui.csv
0CE709,renamed,2026-01-08T00:08:43.000Z,Fox Crypto B.V.,Sentyron B.V,https://standards-oui.ieee.org/oui/oui.csv,https://web.archive.org/web/20260108000843id_/https://standards-oui.ieee.org/oui/oui.csv
101331,renamed,2026-01-08T00:08:43.000Z,Technicolor Delivery Technologies Belgium NV,Vantiva Technologies Belgium,https://standards-oui.ieee.org/oui/oui.csv,https://web.archive.org/web/20260108000843id_/https://standards-oui.ieee.org/oui/oui.csv
10E8A7,renamed,2026-01-08T00:08:43.000Z,Wistron Neweb Corporation,WNC Corporation,https://standards-oui.ieee.org/oui/oui.csv,https://web.archive.org/web/20260108000843id_/https://standards-oui.ieee.org/oui/oui.csv
1841FE,renamed,2026-01-08T00:08:43.000Z,Digital 14,KATIM L.L.C,https://standards-oui.ieee.org/oui/oui.csv,https://web.archive.org/web/20260108000843id_/https://standards-oui.ieee.org/oui/oui.csv
184CAE,renamed,2026-01-08T00:08:43.000Z,CONTINENTAL,AUMOVIO France S.A.S.,https://standards-oui.ieee.org/oui/oui.csv,https://web.archive.org/web/20260108000843id_/https://standards-oui.ieee.org/oui/oui.csv
18C293,renamed,2026-01-08T00:08:43.000Z,Laird Connectivity,"Ezurio, LLC",https://standards-oui.ieee.org/oui/oui.csv,https://web.archive.org/web/20260108000843id_/https://standards-oui.ieee.org/oui/oui.csv
18CC88,renamed,2026-01-08T00:08:43.000Z,"Hitachi Air Conditioning Shimizu, Inc.","Hitachi Global Life Solutions, Inc.",https://standards-oui.ieee.org/oui/oui.csv,https://web.archive.org/web/20260108000843id_/https://standards-oui.ieee.org/oui/oui.csv
1CD6BE,renamed,2026-01-08T00:08:43.000Z,Wistron Neweb Corporation,WNC Corporation,https://standards-oui.ieee.org/oui/oui.csv,https://web.archive.org/web/20260108000843id_/https://standards-oui.ieee.org/oui/oui.csv
20AD56,renamed,2026-01-08T00:08:43.000Z,Continental Automotive Systems Inc.,"AUMOVIO Systems, Inc.",https://standards-oui.ieee.org/oui/oui.csv,https://web.archive.org/web/20260108000843id_/https://standards-oui.ieee.org/oui/oui.csv
20B001,renamed,2026-01-08T00:08:43.000Z,Technicolor Delivery Technologies Belgium NV,Vantiva Technologies Belgium,https://standards-oui.ieee.org/oui/oui.csv,https://web.archive.org/web/20260108000843id_/https://standards-oui.ieee.org/oui/oui.csv
24085D,renamed,2026-01-08T00:08:43.000Z,Continental Aftermarket & Services GmbH,AUMOVIO Aftermarket GmbH,https://standards-oui.ieee.org/oui/oui.csv,https://web.archive.org/web/20260108000843id_/https://standards-oui.ieee.org/oui/oui.csv
2441FE,renamed,2026-01-08T00:08:43.000Z,Wistron Neweb Corporation,WNC Corporation,https://standards-oui.ieee.org/oui/oui.csv,https://web.archive.org/web/20260108000843id_/https://standards-oui.ieee.org/oui/oui.csv
24F2DD,renamed,2026-01-08T00:08:43.000Z,Radiant Zemax LLC,"Radiant Vision Systems, LLC",https://standards-oui.ieee.org/oui/oui.csv,https://web.archive.org/web/20260108000843id_/https://standards-oui.ieee.org/oui/oui.csv
2824FF,renamed,2026-01-08T00:08:43.000Z,Wistron Neweb Corporation,WNC Corporation,https://standards-oui.ieee.org/oui/oui.csv,https://web.archive.org/web/20260108000843id_/https://standards-oui.ieee.org/oui/oui.csv
282E89,renamed,2026-01-08T00:08:43.000Z,Wistron Neweb Corporation,WNC Corporation,https://standards-oui.ieee.org/oui/oui.csv,https://web.archive.org/web/20260108000843id_/https://standards-oui.ieee.org/oui/oui.csv
2C9FFB,renamed,2026-01-08T00:08:43.000Z,Wistron Neweb Corporation,WNC Corporation,https://standards-oui.ieee.org/oui/oui.csv,https://web.archive.org/web/20260108000843id_/https://standards-oui.ieee.org/oui/oui.csv
2CDCAD,renamed,2026-01-08T00:08:43.000Z,Wistron Neweb Corporation,WNC Corporation,https://standards-oui.ieee.org/oui/oui.csv,https://web.archive.org/web/20260108000843id_/https://standards-oui.ieee.org/oui/oui.csv
30144A,renamed,2026-01-08T00:08:43.000Z,Wistron Neweb Corporation,WNC Corporation,https://standards-oui.ieee.org/oui/oui.csv,https://web.archive.org/web/20260108000843id_/https://standards-oui.ieee.org/oui/oui.csv
30918F,renamed,2026-01-08T00:08:43.000Z,Technicolor Delivery Technologies Belgium NV,Vantiva Technologies Belgium,https://standards-oui.ieee.org/oui/oui.csv,https://web.archive.org/web/20260108000843id_/https://standards-oui.ieee.org/oui/oui.csv
34EF8B,renamed,2026-01-08T00:08:43.000Z,NTT Communications Corporation,"NTT DOCOMO BUSINESS, Inc.",https://standards-oui.ieee.org/oui/oui.csv,https://web.archive.org/web/20260108000843id_/https://standards-oui.ieee.org/oui/oui.csv
387C76,renamed,2026-01-08T00:08:43.000Z,"Universal Global Scientific Industrial Co., Ltd.","Universal Global Scientific Industrial., Ltd",https://standards-oui.ieee.org/oui/oui.csv,https://web.archive.org/web/20260108000843id_/https://standards-oui.ieee.org/oui/oui.csv
388D3D,renamed,2026-01-08T00:08:43.000Z,Wistron Neweb Corporation,WNC Corporation,https://standards-oui.ieee.org/oui/oui.csv,https://web.archive.org/web/20260108000843id_/https://standards-oui.ieee.org/oui/oui.csv
38B800,renamed,2026-01-08T00:08:43.000Z,Wistron Neweb Corporation,WNC Corporation,https://standards-oui.ieee.org/oui/oui.csv,https://web.archive.org/web/20260108000843id_/https://standards-oui.ieee.org/oui/oui.csv
3C28A6,renamed,2026-01-08T00:08:43.000Z,Alcatel-Lucent Enterprise (China),ALE International,https://standards-oui.ieee.org/oui/oui.csv,https://web.archive.org/web/20260108000843id_/https://standards-oui.ieee.org/oui/oui.csv
3CE1A1,renamed,2026-01-08T00:08:43.000Z,"Universal Global Scientific Industrial Co., Ltd.","Universal Global Scientific Industrial., Ltd",https://standards-oui.ieee.org/oui/oui.csv,https://web.archive.org/web/20260108000843id_/https://standards-oui.ieee.org/oui/oui.csv
401A58,renamed,2026-01-08T00:08:43.000Z,Wistron Neweb Corporation,WNC Corporation,https://standards-oui.ieee.org/oui/oui.csv,https://web.archive.org/web/20260108000843id_/https://standards-oui.ieee.org/oui/oui.csv
402CF4,renamed,2026-01-08T00:08:43.000Z,"Universal Global Scientific Industrial Co., Ltd.","Universal Global Scientific Industrial., Ltd",https://standards-oui.ieee.org/oui/oui.csv,https://web.archive.org/web/20260108000843id_/https://standards-oui.ieee.org/oui/oui.csv
408256,renamed,2026-01-08T00:08:43.000Z,Continental Automotive GmbH,AUMOVIO Germany GmbH,https://standards-oui.ieee.org/oui/oui.csv,https://web.archive.org/web/20260108000843id_/https://standards-oui.ieee.org/oui/oui.csv
408556,renamed,2026-01-08T00:08:43.000Z,Continental Automotive Romania SLR,AUMOVIO Technologies Romania S.R.L.,https://standards-oui.ieee.org/oui/oui.csv,https://web.archive.org/web/20260108000843id_/https://standards-oui.ieee.org/oui/oui.csv
442063,renamed,2026-01-08T00:08:43.000Z,Continental Automotive Technologies GmbH,AUMOVIO Germany GmbH,https://standards-oui.ieee.org/oui/oui.csv,https://web.archive.org/web/20260108000843id_/https://standards-oui.ieee.org/oui/oui.csv
4439C4,renamed,2026-01-08T00:08:43.000Z,"Universal Global Scientific Industrial Co., Ltd.","Universal Global Scientific Industrial., Ltd",https://standards-oui.ieee.org/oui/oui.csv,https://web.archive.org/web/20260108000843id_/https://standards-oui.ieee.org/oui/oui.csv
44E4EE,renamed,2026-01-08T00:08:43.000Z,Wistron Neweb Corporation,WNC Corporation,https://standards-oui.ieee.org/oui/oui.csv,https://web.archive.org/web/20260108000843id_/https://standards-oui.ieee.org/oui/oui.csv
48A9D2,renamed,2026-01-08T00:08:43.000Z,Wistron Neweb Corporation,WNC Corporation,https://standards-oui.ieee.org/oui/oui.csv,https://web.archive.org/web/20260108000843id_/https://standards-oui.ieee.org/oui/oui.csv
589671,renamed,2026-01-08T00:08:43.000Z,Wistron Neweb Corporation,WNC Corporation,https://standards-oui.ieee.org/oui/oui.csv,https://web.archive.org/web/20260108000843id_/https://standards-oui.ieee.org/oui/oui.csv
589835,renamed,2026-01-08T00:08:43.000Z,Technicolor Delivery Technologies Belgium NV,Vantiva Technologies Belgium,https://standards-oui.ieee.org/oui/oui.csv,https://web.archive.org/web/20260108000843id_/https://standards-oui.ieee.org/oui/oui.csv
589EC6,renamed,2026-01-08T00:08:43.000Z,Gigaset Communications GmbH,Gigaset Technologies GmbH,https://standards-oui.ieee.org/oui/oui.csv,https://web.archive.org/web/20260108000843id_/https://standards-oui.ieee.org/oui/oui.csv
58E403,renamed,2026-01-08T00:08:43.000Z,Wistron Neweb Corporation,WNC Corporation,https://standards-oui.ieee.org/oui/oui.csv,https://web.archive.org/web/20260108000843id_/https://standards-oui.ieee.org/oui/oui.csv
6002B4,renamed,2026-01-08T00:08:43.000Z,Wistron Neweb Corporation,WNC Corporation,https://standards-oui.ieee.org/oui/oui.csv,https://web.archive.org/web/20260108000843id_/https://standards-oui.ieee.org/oui/oui.csv
60E6F0,renamed,2026-01-08T00:08:43.000Z,Wistron Neweb Corporation,WNC Corporation,https://standards-oui.ieee.org/oui/oui.csv,https://web.archive.org/web/20260108000843id_/https://standards-oui.ieee.org/oui/oui.csv
64FF0A,renamed,2026-01-08T00:08:43.000Z,Wistron Neweb Corporation,WNC Corporation,https://standards-oui.ieee.org/oui/oui.csv,https://web.archive.org/web/20260108000843id_/https://standards-oui.ieee.org/oui/oui.csv
681D4C,renamed,2026-01-08T00:08:43.000Z,eSystems MTG GmbH,Kontron eSystems GmbH,https://standards-oui.ieee.org/oui/oui.csv,https://web.archive.org/web/20260108000843id_/https://standards-oui.ieee.org/oui/oui.csv
6C0B84,renamed,2026-01-08T00:08:43.000Z,"Universal Global Scientific Industrial Co., Ltd.","Universal Global Scientific Industrial., Ltd",https://standards-oui.ieee.org/oui/oui.csv,https://web.archive.org/web/20260108000843id_/https://standards-oui.ieee.org/oui/oui.csv
7061BE,renamed,2026-01-08T00:08:43.000Z,Wistron Neweb Corporation,WNC Corporation,https://standards-oui.ieee.org/oui/oui.csv,https://web.archive.org/web/20260108000843id_/https://standards-oui.ieee.org/oui/oui.csv
70F395,renamed,2026-01-08T00:08:43.000Z,"Universal Global Scientific Industrial Co., Ltd.","Universal Global Scientific Industrial., Ltd",https://standards-oui.ieee.org/oui/oui.csv,https://web.archive.org/web/20260108000843id_/https://standards-oui.ieee.org/oui/oui.csv
746FF7,renamed,2026-01-08T00:08:43.000Z,Wistron Neweb Corporation,WNC Corporation,https://standards-oui.ieee.org/oui/oui.csv,https://web.archive.org/web/20260108000843id_/https://standards-oui.ieee.org/oui/oui.csv
78670E,renamed,2026-01-08T00:08:43.000Z,Wistron Neweb Corporation,WNC Corporation,https://standards-oui.ieee.org/oui/oui.csv,https://web.archive.org/web/20260108000843id_/https://standards-oui.ieee.org/oui/oui.csv
80EA23,renamed,2026-01-08T00:08:43.000Z,Wistron Neweb Corporation,WNC Corporation,https://standards-oui.ieee.org/oui/oui.csv,https://web.archive.org/web/20260108000843id_/https://standards-oui.ieee.org/oui/oui.csv
885A85,renamed,2026-01-08T00:08:43.000Z,Wistron Neweb Corporation,WNC Corporation,https://standards-oui.ieee.org/oui/oui.csv,https://web.archive.org/web/20260108000843id_/https://standards-oui.ieee.org/oui/oui.csv
8C3B4A,renamed,2026-01-08T00:08:43.000Z,"Universal Global Scientific Industrial Co., Ltd.","Universal Global Scientific Industrial., Ltd",https://standards-oui.ieee.org/oui/oui.csv,https://web.archive.org/web/20260108000843id_/https://standards-oui.ieee.org/oui/oui.csv
8C53E6,renamed,2026-01-08T00:08:43.000Z,Wistron Neweb Corporation,WNC Corporation,https://standards-oui.ieee.org/oui/oui.csv,https://web.archive.org/web/20260108000843id_/https://standards-oui.ieee.org/oui/oui.csv
8C579B,renamed,2026-01-08T00:08:43.000Z,Wistron Neweb Corporation,WNC Corporation,https://standards-oui.ieee.org/oui/oui.csv,https://web.archive.org/web/20260108000843id_/https://standards-oui.ieee.org/oui/oui.csv
8C5F48,renamed,2026-01-08T00:08:43.000Z,Continental Intelligent Transportation Systems LLC,"AUMOVIO Systems, Inc.",https://standards-oui.ieee.org/oui/oui.csv,https://web.archive.org/web/20260108000843id_/https://standards-oui.ieee.org/oui/oui.csv
8C8B5B,renamed,2026-01-08T00:08:43.000Z,Wistron Neweb Corporation,WNC Corporation,https://standards-oui.ieee.org/oui/oui.csv,https://web.archive.org/web/20260108000843id_/https://standards-oui.ieee.org/oui/oui.csv
90A4DE,renamed,2026-01-08T00:08:43.000Z,Wistron Neweb Corporation,WNC Corporation,https://standards-oui.ieee.org/oui/oui.csv,https://web.archive.org/web/20260108000843id_/https://standards-oui.ieee.org/oui/oui.csv
984914,renamed,2026-01-08T00:08:43.000Z,Wistron Neweb Corporation,WNC Corporation,https://standards-oui.ieee.org/oui/oui.csv,https://web.archive.org/web/20260108000843id_/https://standards-oui.ieee.org/oui/oui.csv
98A942,renamed,2026-01-08T00:08:43.000Z,"Guangzhou Tozed Kangwei Intelligent Technology Co., LTD","Tozed Kangwei Tech Co., Ltd",https://standards-oui.ieee.org/oui/oui.csv,https://web.archive.org/web/20260108000843id_/https://standards-oui.ieee.org/oui/oui.csv
9C28BF,renamed,2026-01-08T00:08:43.000Z,Continental Automotive Czech Republic s.r.o.,AUMOVIO Czech Republic s.r.o.,https://standards-oui.ieee.org/oui/oui.csv,https://web.archive.org/web/20260108000843id_/https://standards-oui.ieee.org/oui/oui.csv
9C9726,renamed,2026-01-08T00:08:43.000Z,Technicolor Delivery Technologies Belgium NV,Vantiva Technologies Belgium,https://standards-oui.ieee.org/oui/oui.csv,https://web.archive.org/web/20260108000843id_/https://standards-oui.ieee.org/oui/oui.csv
A0B53C,renamed,2026-01-08T00:08:43.000Z,Technicolor Delivery Technologies Belgium NV,Vantiva Technologies Belgium,https://standards-oui.ieee.org/oui/oui.csv,https://web.archive.org/web/20260108000843id_/https://standards-oui.ieee.org/oui/oui.csv
A491B1,renamed,2026-01-08T00:08:43.000Z,Technicolor Delivery Technologies Belgium NV,Vantiva Technologies Belgium,https://standards-oui.ieee.org/oui/oui.csv,https://web.archive.org/web/20260108000843id_/https://standards-oui.ieee.org/oui/oui.csv
A4B1E9,renamed,2026-01-08T00:08:43.000Z,Technicolor Delivery Technologies Belgium NV,Vantiva Technologies Belgium,https://standards-oui.ieee.org/oui/oui.csv,https://web.archive.org/web/20260108000843id_/https://standards-oui.ieee.org/oui/oui.csv
A854B2,renamed,2026-01-08T00:08:43.000Z,Wistron Neweb Corporation,WNC Corporation,https://standards-oui.ieee.org/oui/oui.csv,https://web.archive.org/web/20260108000843id_/https://standards-oui.ieee.org/oui/oui.csv
AC919B,renamed,2026-01-08T00:08:43.000Z,Wistron Neweb Corporation,WNC Corporation,https://standards-oui.ieee.org/oui/oui.csv,https://web.archive.org/web/20260108000843id_/https://standards-oui.ieee.org/oui/oui.csv
ACC358,renamed,2026-01-08T00:08:43.000Z,Continental Automotive Czech Republic s.r.o.,AUMOVIO Czech Republic s.r.o.,https://standards-oui.ieee.org/oui/oui.csv,https://web.archive.org/web/20260108000843id_/https://standards-oui.ieee.org/oui/oui.csv
B00073,renamed,2026-01-08T00:08:43.000Z,Wistron Neweb Corporation,WNC Corporation,https://standards-oui.ieee.org/oui/oui.csv,https://web.archive.org/web/20260108000843id_/https://standards-oui.ieee.org/oui/oui.csv
B0435D,renamed,2026-01-08T00:08:43.000Z,"NuLEDs, Inc.",MechoShade,https://standards-oui.ieee.org/oui/oui.csv,https://web.archive.org/web/20260108000843id_/https://standards-oui.ieee.org/oui/oui.csv
B0FB15,renamed,2026-01-08T00:08:43.000Z,Laird Connectivity,"Ezurio, LLC",https://standards-oui.ieee.org/oui/oui.csv,https://web.archive.org/web/20260108000843id_/https://standards-oui.ieee.org/oui/oui.csv
B4DDD0,renamed,2026-01-08T00:08:43.000Z,Continental Automotive Hungary Kft,AUMOVIO Hungary Kft.,https://standards-oui.ieee.org/oui/oui.csv,https://web.archive.org/web/20260108000843id_/https://standards-oui.ieee.org/oui/oui.csv
B882F2,renamed,2026-01-08T00:08:43.000Z,Wistron Neweb Corporation,WNC Corporation,https://standards-oui.ieee.org/oui/oui.csv,https://web.archive.org/web/20260108000843id_/https://standards-oui.ieee.org/oui/oui.csv
B89F09,renamed,2026-01-08T00:08:43.000Z,Wistron Neweb Corporation,WNC Corporation,https://standards-oui.ieee.org/oui/oui.csv,https://web.archive.org/web/20260108000843id_/https://standards-oui.ieee.org/oui/oui.csv
B8B7F1,renamed,2026-01-08T00:08:43.000Z,Wistron Neweb Corporation,WNC Corporation,https://standards-oui.ieee.org/oui/oui.csv,https://web.archive.org/web/20260108000843id_/https://standards-oui.ieee.org/oui/oui.csv
BC307D,renamed,2026-01-08T00:08:43.000Z,Wistron Neweb Corporation,WNC Corporation,https://standards-oui.ieee.org/oui/oui.csv,https://web.archive.org/web/20260108000843id_/https://standards-oui.ieee.org/oui/oui.csv
BC307E,renamed,2026-01-08T00:08:43.000Z,Wistron Neweb Corporation,WNC Corporation,https://standards-oui.ieee.org/oui/oui.csv,https://web.archive.org/web/20260108000843id_/https://standards-oui.ieee.org/oui/oui.csv
BCD767,renamed,2026-01-08T00:08:43.000Z,BAE Systems Apllied Intelligence,BAE Systems,https://standards-oui.ieee.org/oui/oui.csv,https://web.archive.org/web/20260108000843id_/https://standards-oui.ieee.org/oui/oui.csv
C0EE40,renamed,2026-01-08T00:08:43.000Z,Laird Connectivity,"Ezurio, LLC",https://standards-oui.ieee.org/oui/oui.csv,https://web.archive.org/web/20260108000843id_/https://standards-oui.ieee.org/oui/oui.csv
C4EA1D,renamed,2026-01-08T00:08:43.000Z,Technicolor Delivery Technologies Belgium NV,Vantiva Technologies Belgium,https://standards-oui.ieee.org/oui/oui.csv,https://web.archive.org/web/20260108000843id_/https://standards-oui.ieee.org/oui/oui.csv
CC52AF,renamed,2026-01-08T00:08:43.000Z,"Universal Global Scientific Industrial Co., Ltd.","Universal Global Scientific Industrial., Ltd",https://standards-oui.ieee.org/oui/oui.csv,https://web.archive.org/web/20260108000843id_/https://standards-oui.ieee.org/oui/oui.csv
D400CA,renamed,2026-01-08T00:08:43.000Z,Continental Automotive Systems S.R.L,AUMOVIO Systems Romania S.R.L.,https://standards-oui.ieee.org/oui/oui.csv,https://web.archive.org/web/20260108000843id_/https://standards-oui.ieee.org/oui/oui.csv
D4351D,renamed,2026-01-08T00:08:43.000Z,Technicolor Delivery Technologies Belgium NV,Vantiva Technologies Belgium,https://standards-oui.ieee.org/oui/oui.csv,https://web.archive.org/web/20260108000843id_/https://standards-oui.ieee.org/oui/oui.csv
D4925E,renamed,2026-01-08T00:08:43.000Z,Technicolor Delivery Technologies Belgium NV,Vantiva Technologies Belgium,https://standards-oui.ieee.org/oui/oui.csv,https://web.archive.org/web/20260108000843id_/https://standards-oui.ieee.org/oui/oui.csv
D494FB,renamed,2026-01-08T00:08:43.000Z,Continental Automotive Systems Inc.,"AUMOVIO Systems, Inc.",https://standards-oui.ieee.org/oui/oui.csv,https://web.archive.org/web/20260108000843id_/https://standards-oui.ieee.org/oui/oui.csv
D8031A,renamed,2026-01-08T00:08:43.000Z,Laird Connectivity,"Ezurio, LLC",https://standards-oui.ieee.org/oui/oui.csv,https://web.archive.org/web/20260108000843id_/https://standards-oui.ieee.org/oui/oui.csv
D86162,renamed,2026-01-08T00:08:43.000Z,Wistron Neweb Corporation,WNC Corporation,https://standards-oui.ieee.org/oui/oui.csv,https://web.archive.org/web/20260108000843id_/https://standards-oui.ieee.org/oui/oui.csv
DC4BA1,renamed,2026-01-08T00:08:43.000Z,Wistron Neweb Corporation,WNC Corporation,https://standards-oui.ieee.org/oui/oui.csv,https://web.archive.org/web/20260108000843id_/https://standards-oui.ieee.org/oui/oui.csv
E02A82,renamed,2026-01-08T00:08:43.000Z,"Universal Global Scientific Industrial Co., Ltd.","Universal Global Scientific Industrial., Ltd",https://standards-oui.ieee.org/oui/oui.csv,https://web.archive.org/web/20260108000843id_/https://standards-oui.ieee.org/oui/oui.csv
E037BF,renamed,2026-01-08T00:08:43.000Z,Wistron Neweb Corporation,WNC Corporation,https://standards-oui.ieee.org/oui/oui.csv,https://web.archive.org/web/20260108000843id_/https://standards-oui.ieee.org/oui/oui.csv
E04F43,renamed,2026-01-08T00:08:43.000Z,"Universal Global Scientific Industrial Co., Ltd.","Universal Global Scientific Industrial., Ltd",https://standards-oui.ieee.org/oui/oui.csv,https://web.archive.org/web/20260108000843id_/https://standards-oui.ieee.org/oui/oui.csv
E0B9E5,renamed,2026-01-08T00:08:43.000Z,Technicolor Delivery Technologies Belgium NV,Vantiva Technologies Belgium,https://standards-oui.ieee.org/oui/oui.csv,https://web.archive.org/web/20260108000843id_/https://standards-oui.ieee.org/oui/oui.csv
E41226,renamed,2026-01-08T00:08:43.000Z,Continental Automotive Romania SLR,AUMOVIO Technologies Romania S.R.L.,https://standards-oui.ieee.org/oui/oui.csv,https://web.archive.org/web/20260108000843id_/https://standards-oui.ieee.org/oui/oui.csv
E41E33,renamed,2026-01-08T00:08:43.000Z,Continental Automotive Technologies GmbH,AUMOVIO Germany GmbH,https://standards-oui.ieee.org/oui/oui.csv,https://web.archive.org/web/20260108000843id_/https://standards-oui.ieee.org/oui/oui.csv
E8C7CF,renamed,2026-01-08T00:08:43.000Z,Wistron Neweb Corporation,WNC Corporation,https://standards-oui.ieee.org/oui/oui.csv,https://web.archive.org/web/20260108000843id_/https://standards-oui.ieee.org/oui/oui.csv
E8CBF5,renamed,2026-01-08T00:08:43.000Z,Laird Connectivity,"Ezurio, LLC",https://standards-oui.ieee.org/oui/oui.csv,https://web.archive.org/web/20260108000843id_/https://standards-oui.ieee.org/oui/oui.csv
EC96BF,renamed,2026-01-08T00:08:43.000Z,eSystems MTG GmbH,Kontron eSystems GmbH,https://standards-oui.ieee.org/oui/oui.csv,https://web.archive.org/web/20260108000843id_/https://standards-oui.ieee.org/oui/oui.csv
ECC07A,renamed,2026-01-08T00:08:43.000Z,Laird Connectivity,"Ezurio, LLC",https://standards-oui.ieee.org/oui/oui.csv,https://web.archive.org/web/20260108000843id_/https://standards-oui.ieee.org/oui/oui.csv
F46C68,renamed,2026-01-08T00:08:43.000Z,Wistron Neweb Corporation,WNC Corporation,https://standards-oui.ieee.org/oui/oui.csv,https://web.archive.org/web/20260108000843id_/https://standards-oui.ieee.org/oui/oui.csv
F81037,renamed,2026-01-08T00:08:43.000Z,"Atopia Systems, LP",ENTOUCH Controls,https://standards-oui.ieee.org/oui/oui.csv,https://web.archive.org/web/20260108000843id_/https://standards-oui.ieee.org/oui/oui.csv
F86DCC,renamed,2026-01-08T00:08:43.000Z,Wistron Neweb Corporation,WNC Corporation,https://standards-oui.ieee.org/oui/oui.csv,https://web.archive.org/web/20260108000843id_/https://standards-oui.ieee.org/oui/oui.csv
F8EFB1,renamed,2026-01-08T00:08:43.000Z,"Hangzhou Zhongxinhui lntelligent Technology Co.,Ltd.","Hangzhou Zhongxinghui Intelligent Technology Co., Ltd.",https://standards-oui.ieee.org/oui/oui.csv,https://web.archive.org/web/20260108000843id_/https://standards-oui.ieee.org/oui/oui.csv
FC4DD4,renamed,2026-01-08T00:08:43.000Z,"Universal Global Scientific Industrial Co., Ltd.","Universal Global Scientific Industrial., Ltd",https://standards-oui.ieee.org/oui/oui.csv,https://web.archive.org/web/20260108000843id_/https://standards-oui.ieee.org/oui/oui.csv
0009D8,renamed,2026-01-19T03:20:17.000Z,Fält Communications AB,Telia Company AB,https://standards-oui.ieee.org/oui/oui.csv,https://web.archive.org/web/20260119032017id_/https://standards-oui.ieee.org/oui/oui.csv
00111E,renamed,2026-01-19T03:20:17.000Z,ETHERNET Powerlink Standarization Group (EPSG),B&R Industrial Automation GmbH,https://standards-oui.ieee.org/oui/oui.csv,https://web.archive.org/web/20260119032017id_/https://standards-oui.ieee.org/oui/oui.csv
00151E,renamed,2026-01-19T03:20:17.000Z,ETHERNET Powerlink Standarization Group (EPSG),B&R Industrial Automation GmbH,https://standards-oui.ieee.org/oui/oui.csv,https://web.archive.org/web/20260119032017id_/https://standards-oui.ieee.org/oui/oui.csv
0005BA,renamed,2026-02-17T17:27:35.000Z,"Area Netwoeks, Inc.","XK22 Enterprises, LLC",https://standards-oui.ieee.org/oui/oui.csv,https://web.archive.org/web/20260217172735id_/https://standards-oui.ieee.org/oui/oui.csv
000B7C,renamed,2026-02-17T17:27:35.000Z,Telex Communications,Electro-Voice Dynacord LLC,https://standards-oui.ieee.org/oui/oui.csv,https://web.archive.org/web/20260217172735id_/https://standards-oui.ieee.org/oui/oui.csv
001753,renamed,2026-02-17T17:27:35.000Z,nFore Technology Inc.,"nFore Technology Co., Ltd.",https://standards-oui.ieee.org/oui/oui.csv,https://web.archive.org/web/20260217172735id_/https://standards-oui.ieee.org/oui/oui.csv
001C44,renamed,2026-02-17T17:27:35.000Z,Bosch Security Systems BV,Electro Voice Dynacord BV,https://standards-oui.ieee.org/oui/oui.csv,https://web.archive.org/web/20260217172735id_/https://standards-oui.ieee.org/oui/oui.csv
00E0AD,renamed,2026-02-17T17:27:35.000Z,"EES TECHNOLOGY, LTD.",Brandywine Communications UK Ltd.,https://standards-oui.ieee.org/oui/oui.csv,https://web.archive.org/web/20260217172735id_/https://standards-oui.ieee.org/oui/oui.csv
184F5D,renamed,2026-02-17T17:27:35.000Z,JRC Mobility Inc.,"Japan Radio Co., Ltd",https://standards-oui.ieee.org/oui/oui.csv,https://web.archive.org/web/20260217172735id_/https://standards-oui.ieee.org/oui/oui.csv
50C3A2,recased,2026-02-17T17:27:35.000Z,"nFore Technology Co.,Ltd.","nFore Technology Co., Ltd.",https://standards-oui.ieee.org/oui/oui.csv,https://web.archive.org/web/20260217172735id_/https://standards-oui.ieee.org/oui/oui.csv
906F18,renamed,2026-02-17T17:27:35.000Z,Private,"Afero, Inc.",https://standards-oui.ieee.org/oui/oui.csv,https://web.archive.org/web/20260217172735id_/https://standards-oui.ieee.org/oui/oui.csv
94AEE3,renamed,2026-02-17T17:27:35.000Z,Belden Hirschmann Industries (Suzhou) Ltd.,Belden Hirschmann industries (Suzhou) Limited,https://standards-oui.ieee.org/oui/oui.csv,https://web.archive.org/web/20260217172735id_/https://standards-oui.ieee.org/oui/oui.csv
A40450,renamed,2026-02-17T17:27:35.000Z,nFore Technology Inc.,"nFore Technology Co., Ltd.",https://standards-oui.ieee.org/oui/oui.csv,https://web.archive.org/web/20260217172735id_/https://standards-oui.ieee.org/oui/oui.csv
A41894,renamed,2026-02-17T17:27:35.000Z,Bosch Security Systems B.V.,IQSIGHT B.V.,https://standards-oui.ieee.org/oui/oui.csv,https://web.archive.org/web/20260217172735id_/https://standards-oui.ieee.org/oui/oui.csv
000374,renamed,2026-06-20T10:17:08.000Z,Control Microsystems,Schneider Electric,https://standards-oui.ieee.org/oui/oui.csv,https://web.archive.org/web/20260620101708id_/https://standards-oui.ieee.org/oui/oui.csv
0003CA,renamed,2026-06-20T10:17:08.000Z,MTS Systems Corp.,"Temposonics, LLC",https://standards-oui.ieee.org/oui/oui.csv,https://web.archive.org/web/20260620101708id_/https://standards-oui.ieee.org/oui/oui.csv
000422,recased,2026-06-20T10:17:08.000Z,"Studio Technologies, Inc","Studio Technologies, Inc.",https://standards-oui.ieee.org/oui/oui.csv,https://web.archive.org/web/20260620101708id_/https://standards-oui.ieee.org/oui/oui.csv
000521,renamed,2026-06-20T10:17:08.000Z,Control Microsystems,Schneider Electric,https://standards-oui.ieee.org/oui/oui.csv,https://web.archive.org/web/20260620101708id_/https://standards-oui.ieee.org/oui/oui.csv
0007A7,renamed,2026-06-20T10:17:08.000Z,A-Z Inc.,"Glory Technical Solutions Co., Ltd.",https://standards-oui.ieee.org/oui/oui.csv,https://web.archive.org/web/20260620101708id_/https://standards-oui.ieee.org/oui/oui.csv
000CDE,renamed,2026-06-20T10:17:08.000Z,ABB STOTZ-KONTAKT GmbH,ABB AG,https://standards-oui.ieee.org/oui/oui.csv,https://web.archive.org/web/20260620101708id_/https://standards-oui.ieee.org/oui/oui.csv
0012BF,renamed,2026-06-20T10:17:08.000Z,Arcadyan Technology Corporation,Arcadyan Corporation,https://standards-oui.ieee.org/oui/oui.csv,https://web.archive.org/web/20260620101708id_/https://standards-oui.ieee.org/oui/oui.csv
00171E,renamed,2026-06-20T10:17:08.000Z,Theo Benning GmbH & Co. KG,Benning Elektrotechnik und Elektronik GmbH & Co. KG,https://standards-oui.ieee.org/oui/oui.csv,https://web.archive.org/web/20260620101708id_/https://standards-oui.ieee.org/oui/oui.csv
001A2A,renamed,2026-06-20T10:17:08.000Z,Arcadyan Technology Corporation,Arcadyan Corporation,https://standards-oui.ieee.org/oui/oui.csv,https://web.archive.org/web/20260620101708id_/https://standards-oui.ieee.org/oui/oui.csv
001D19,renamed,2026-06-20T10:17:08.000Z,Arcadyan Technology Corporation,Arcadyan Corporation,https://standards-oui.ieee.org/oui/oui.csv,https://web.archive.org/web/20260620101708id_/https://standards-oui.ieee.org/oui/oui.csv
002308,renamed,2026-06-20T10:17:08.000Z,Arcadyan Technology Corporation,Arcadyan Corporation,https://standards-oui.ieee.org/oui/oui.csv,https://web.archive.org/web/20260620101708id_/https://standards-oui.ieee.org/oui/oui.csv
0024AE,renamed,2026-06-20T10:17:08.000Z,IDEMIA FRANCE SAS,IDEMIA PUBLIC SECURITY FRANCE,https://standards-oui.ieee.org/oui/oui.csv,https://web.archive.org/web/20260620101708id_/https://standards-oui.ieee.org/oui/oui.csv
00264D,renamed,2026-06-20T10:17:08.000Z,Arcadyan Technology Corporation,Arcadyan Corporation,https://standards-oui.ieee.org/oui/oui.csv,https://web.archive.org/web/20260620101708id_/https://standards-oui.ieee.org/oui/oui.csv
00901D,renamed,2026-06-20T10:17:08.000Z,PEC (NZ) LTD.,Gallagher Group Limited,https://standards-oui.ieee.org/oui/oui.csv,https://web.archive.org/web/20260620101708id_/https://standards-oui.ieee.org/oui/oui.csv
00A0E3,renamed,2026-06-20T10:17:08.000Z,XKL SYSTEMS CORP.,XKL LLC,https://standards-oui.ieee.org/oui/oui.csv,https://web.archive.org/web/20260620101708id_/https://standards-oui.ieee.org/oui/oui.csv
00C096,renamed,2026-06-20T10:17:08.000Z,TAMURA CORPORATION,Tamu Radiance Corporation,https://standards-oui.ieee.org/oui/oui.csv,https://web.archive.org/web/20260620101708id_/https://standards-oui.ieee.org/oui/oui.csv
087618,renamed,2026-06-20T10:17:08.000Z,ViE Technologies Sdn. Bhd.,ViTrox Technologies Sdn. Bhd,https://standards-oui.ieee.org/oui/oui.csv,https://web.archive.org/web/20260620101708id_/https://standards-oui.ieee.org/oui/oui.csv
1883BF,renamed,2026-06-20T10:17:08.000Z,Arcadyan Technology Corporation,Arcadyan Corporation,https://standards-oui.ieee.org/oui/oui.csv,https://web.archive.org/web/20260620101708id_/https://standards-oui.ieee.org/oui/oui.csv
1CC63C,renamed,2026-06-20T10:17:08.000Z,Arcadyan Technology Corporation,Arcadyan Corporation,https://standards-oui.ieee.org/oui/oui.csv,https://web.archive.org/web/20260620101708id_/https://standards-oui.ieee.org/oui/oui.csv
200D3D,recased,2026-06-20T10:17:08.000Z,"Quectel Wireless Solutions Co., Ltd.","Quectel Wireless Solutions Co.,Ltd.",https://standards-oui.ieee.org/oui/oui.csv,https://web.archive.org/web/20260620101708id_/https://standards-oui.ieee.org/oui/oui.csv
20F41B,recased,2026-06-20T10:17:08.000Z,"Shenzhen Bilian electronic CO.,LTD",SHENZHEN BILIAN ELECTRONIC CO.，LTD,https://standards-oui.ieee.org/oui/oui.csv,https://web.archive.org/web/20260620101708id_/https://standards-oui.ieee.org/oui/oui.csv
28F366,recased,2026-06-20T10:17:08.000Z,"Shenzhen Bilian electronic CO.,LTD",SHENZHEN BILIAN ELECTRONIC CO.，LTD,https://standards-oui.ieee.org/oui/oui.csv,https://web.archive.org/web/20260620101708id_/https://standards-oui.ieee.org/oui/oui.csv
30075C,renamed,2026-06-20T10:17:08.000Z,43403,"Netis Technology Co., Ltd.",https://standards-oui.ieee.org/oui/oui.csv,https://web.archive.org/web/20260620101708id_/https://standards-oui.ieee.org/oui/oui.csv
30EB5A,renamed,2026-06-20T10:17:08.000Z,LANDIS + GYR,Landis+Gyr S.A.,https://standards-oui.ieee.org/oui/oui.csv,https://web.archive.org/web/20260620101708id_/https://standards-oui.ieee.org/oui/oui.csv
38B4D3,renamed,2026-06-20T10:17:08.000Z,BSH Hausgeraete GmbH,BSH Hausgeräte GmbH,https://standards-oui.ieee.org/oui/oui.csv,https://web.archive.org/web/20260620101708id_/https://standards-oui.ieee.org/oui/oui.csv
38BEAB,renamed,2026-06-20T10:17:08.000Z,AltoBeam (China) Inc.,AltoBeam Inc.,https://standards-oui.ieee.org/oui/oui.csv,https://web.archive.org/web/20260620101708id_/https://standards-oui.ieee.org/oui/oui.csv
3C227F,recased,2026-06-20T10:17:08.000Z,"Quectel Wireless Solutions Co., Ltd.","Quectel Wireless Solutions Co.,Ltd.",https://standards-oui.ieee.org/oui/oui.csv,https://web.archive.org/web/20260620101708id_/https://standards-oui.ieee.org/oui/oui.csv
3C3300,recased,2026-06-20T10:17:08.000Z,"Shenzhen Bilian electronic CO.,LTD",SHENZHEN BILIAN ELECTRONIC CO.，LTD,https://standards-oui.ieee.org/oui/oui.csv,https://web.archive.org/web/20260620101708id_/https://standards-oui.ieee.org/oui/oui.csv
44291E,renamed,2026-06-20T10:17:08.000Z,AltoBeam (China) Inc.,AltoBeam Inc.,https://standards-oui.ieee.org/oui/oui.csv,https://web.archive.org/web/20260620101708id_/https://standards-oui.ieee.org/oui/oui.csv
44334C,recased,2026-06-20T10:17:08.000Z,"Shenzhen Bilian electronic CO.,LTD",SHENZHEN BILIAN ELECTRONIC CO.，LTD,https://standards-oui.ieee.org/oui/oui.csv,https://web.archive.org/web/20260620101708id_/https://standards-oui.ieee.org/oui/oui.csv
4C09D4,renamed,2026-06-20T10:17:08.000Z,Arcadyan Technology Corporation,Arcadyan Corporation,https://standards-oui.ieee.org/oui/oui.csv,https://web.archive.org/web/20260620101708id_/https://standards-oui.ieee.org/oui/oui.csv
507E5D,renamed,2026-06-20T10:17:08.000Z,Arcadyan Technology Corporation,Arcadyan Corporation,https://standards-oui.ieee.org/oui/oui.csv,https://web.archive.org/web/20260620101708id_/https://standards-oui.ieee.org/oui/oui.csv
5CDC96,renamed,2026-06-20T10:17:08.000Z,Arcadyan Technology Corporation,Arcadyan Corporation,https://standards-oui.ieee.org/oui/oui.csv,https://web.archive.org/web/20260620101708id_/https://standards-oui.ieee.org/oui/oui.csv
5CE753,renamed,2026-06-20T10:17:08.000Z,Private,Shenzhen Intellirocks Tech. Co. Ltd.,https://standards-oui.ieee.org/oui/oui.csv,https://web.archive.org/web/20260620101708id_/https://standards-oui.ieee.org/oui/oui.csv
6815D3,renamed,2026-06-20T10:17:08.000Z,Zaklady Elektroniki i Mechaniki Precyzyjnej R&G S.A.,R&G PLUS Sp. z o.o.,https://standards-oui.ieee.org/oui/oui.csv,https://web.archive.org/web/20260620101708id_/https://standards-oui.ieee.org/oui/oui.csv
702393,renamed,2026-06-20T10:17:08.000Z,fos4X GmbH,Polytech A/S,https://standards-oui.ieee.org/oui/oui.csv,https://web.archive.org/web/20260620101708id_/https://standards-oui.ieee.org/oui/oui.csv
743170,renamed,2026-06-20T10:17:08.000Z,Arcadyan Technology Corporation,Arcadyan Corporation,https://standards-oui.ieee.org/oui/oui.csv,https://web.archive.org/web/20260620101708id_/https://standards-oui.ieee.org/oui/oui.csv
745D43,renamed,2026-06-20T10:17:08.000Z,BSH Hausgeraete GmbH,BSH Hausgeräte GmbH,https://standards-oui.ieee.org/oui/oui.csv,https://web.archive.org/web/20260620101708id_/https://standards-oui.ieee.org/oui/oui.csv
780541,recased,2026-06-20T10:17:08.000Z,"Queclink Wireless Solutions Co., Ltd","Queclink Wireless Solutions Co., Ltd.",https://standards-oui.ieee.org/oui/oui.csv,https://web.archive.org/web/20260620101708id_/https://standards-oui.ieee.org/oui/oui.csv
7C4FB5,renamed,2026-06-20T10:17:08.000Z,Arcadyan Technology Corporation,Arcadyan Corporation,https://standards-oui.ieee.org/oui/oui.csv,https://web.archive.org/web/20260620101708id_/https://standards-oui.ieee.org/oui/oui.csv
847AB6,renamed,2026-06-20T10:17:08.000Z,AltoBeam (China) Inc.,AltoBeam Inc.,https://standards-oui.ieee.org/oui/oui.csv,https://web.archive.org/web/20260620101708id_/https://standards-oui.ieee.org/oui/oui.csv
849CA6,renamed,2026-06-20T10:17:08.000Z,Arcadyan Technology Corporation,Arcadyan Corporation,https://standards-oui.ieee.org/oui/oui.csv,https://web.archive.org/web/20260620101708id_/https://standards-oui.ieee.org/oui/oui.csv
880355,renamed,2026-06-20T10:17:08.000Z,Arcadyan Technology Corporation,Arcadyan Corporation,https://standards-oui.ieee.org/oui/oui.csv,https://web.archive.org/web/20260620101708id_/https://standards-oui.ieee.org/oui/oui.csv
88252C,renamed,2026-06-20T10:17:08.000Z,Arcadyan Technology Corporation,Arcadyan Corporation,https://standards-oui.ieee.org/oui/oui.csv,https://web.archive.org/web/20260620101708id_/https://standards-oui.ieee.org/oui/oui.csv
88287D,renamed,2026-06-20T10:17:08.000Z,AltoBeam (China) Inc.,AltoBeam Inc.,https://standards-oui.ieee.org/oui/oui.csv,https://web.archive.org/web/20260620101708id_/https://standards-oui.ieee.org/oui/oui.csv
98B177,renamed,2026-06-20T10:17:08.000Z,LANDIS + GYR,Landis+Gyr S.A.,https://standards-oui.ieee.org/oui/oui.csv,https://web.archive.org/web/20260620101708id_/https://standards-oui.ieee.org/oui/oui.csv
9C1C37,renamed,2026-06-20T10:17:08.000Z,AltoBeam (China) Inc.,AltoBeam Inc.,https://standards-oui.ieee.org/oui/oui.csv,https://web.archive.org/web/20260620101708id_/https://standards-oui.ieee.org/oui/oui.csv
9C80DF,renamed,2026-06-20T10:17:08.000Z,Arcadyan Technology Corporation,Arcadyan Corporation,https://standards-oui.ieee.org/oui/oui.csv,https://web.archive.org/web/20260620101708id_/https://standards-oui.ieee.org/oui/oui.csv
A4EF15,renamed,2026-06-20T10:17:08.000Z,AltoBeam (China) Inc.,AltoBeam Inc.,https://standards-oui.ieee.org/oui/oui.csv,https://web.archive.org/web/20260620101708id_/https://standards-oui.ieee.org/oui/oui.csv
A8D3F7,renamed,2026-06-20T10:17:08.000Z,Arcadyan Technology Corporation,Arcadyan Corporation,https://standards-oui.ieee.org/oui/oui.csv,https://web.archive.org/web/20260620101708id_/https://standards-oui.ieee.org/oui/oui.csv
ACA213,recased,2026-06-20T10:17:08.000Z,"Shenzhen Bilian electronic CO.,LTD",SHENZHEN BILIAN ELECTRONIC CO.，LTD,https://standards-oui.ieee.org/oui/oui.csv,https://web.archive.org/web/20260620101708id_/https://standards-oui.ieee.org/oui/oui.csv
B4FBE3,renamed,2026-06-20T10:17:08.000Z,AltoBeam (China) Inc.,AltoBeam Inc.,https://standards-oui.ieee.org/oui/oui.csv,https://web.archive.org/web/20260620101708id_/https://standards-oui.ieee.org/oui/oui.csv
C0BA1F,renamed,2026-06-20T10:17:08.000Z,Private,"Xiamen Milesight IoT Co., Ltd.",https://standards-oui.ieee.org/oui/oui.csv,https://web.archive.org/web/20260620101708id_/https://standards-oui.ieee.org/oui/oui.csv
C8D778,renamed,2026-06-20T10:17:08.000Z,BSH Hausgeraete GmbH,BSH Hausgeräte GmbH,https://standards-oui.ieee.org/oui/oui.csv,https://web.archive.org/web/20260620101708id_/https://standards-oui.ieee.org/oui/oui.csv
DC2919,renamed,2026-06-20T10:17:08.000Z,"AltoBeam (Xiamen) Technology Ltd, Co.","AltoBeam(Xiamen)Technology Co., Ltd.",https://standards-oui.ieee.org/oui/oui.csv,https://web.archive.org/web/20260620101708id_/https://standards-oui.ieee.org/oui/oui.csv
DC2DDE,renamed,2026-06-20T10:17:08.000Z,Ledworks SRL,Illucere Srl,https://standards-oui.ieee.org/oui/oui.csv,https://web.archive.org/web/20260620101708id_/https://standards-oui.ieee.org/oui/oui.csv
E06CA6,renamed,2026-06-20T10:17:08.000Z,Creotech Instruments S.A.,Creotech Quantum SA,https://standards-oui.ieee.org/oui/oui.csv,https://web.archive.org/web/20260620101708id_/https://standards-oui.ieee.org/oui/oui.csv
EC34E2,renamed,2026-06-20T10:17:08.000Z,Private,Yasmina Labs Trading FZE,https://standards-oui.ieee.org/oui/oui.csv,https://web.archive.org/web/20260620101708id_/https://standards-oui.ieee.org/oui/oui.csv
EC8439,renamed,2026-06-20T10:17:08.000Z,Private,BITMAIN DEVELOPMENT PTE. LTD.,https://standards-oui.ieee.org/oui/oui.csv,https://web.archive.org/web/20260620101708id_/https://standards-oui.ieee.org/oui/oui.csv
F040EC,renamed,2026-06-20T10:17:08.000Z,RainX PTE. LTD.,LOOPDESIGNLAB PTE. LTD,https://standards-oui.ieee.org/oui/oui.csv,https://web.archive.org/web/20260620101708id_/https://standards-oui.ieee.org/oui/oui.csv
F4B19C,renamed,2026-06-20T10:17:08.000Z,AltoBeam (China) Inc.,AltoBeam Inc.,https://standards-oui.ieee.org/oui/oui.csv,https://web.archive.org/web/20260620101708id_/https://standards-oui.ieee.org/oui/oui.csv
F0DB30,renamed,2026-07-23T04:00:48.000Z,Yottabyte,Verge.io,https://standards-oui.ieee.org/oui/oui.csv,
1C2226,renamed,2026-07-26T04:00:21.000Z,Cisco Meraki,"Cisco Systems, Inc",https://standards-oui.ieee.org/oui/oui.csv,
1C84A6,renamed,2026-07-26T04:00:21.000Z,Cisco Meraki,"Cisco Systems, Inc",https://standards-oui.ieee.org/oui/oui.csv,
847D7E,renamed,2026-07-26T04:00:21.000Z,Cisco Meraki,"Cisco Systems, Inc",https://standards-oui.ieee.org/oui/oui.csv,
9C4DC2,renamed,2026-07-26T04:00:21.000Z,Cisco Meraki,"Cisco Systems, Inc",https://standards-oui.ieee.org/oui/oui.csv,
80AEAD,withdrawn,2026-08-01T04:00:43.000Z,"Beijing Langren Technology co., Ltd.",,https://standards-oui.ieee.org/oui/oui.csv,
001D66,renamed,2026-08-04T04:00:36.000Z,Hyundai Telecom,"HYUNDAI HT Co., Ltd.",https://standards-oui.ieee.org/oui/oui.csv,https://web.archive.org/web/20260804040030/https://standards-oui.ieee.org/oui/oui.csv
3CDA6D,recased,2026-08-07T04:00:28.000Z,"Tiandy Technologies CO.,LTD","Tiandy Technologies Co.,LTD",https://standards-oui.ieee.org/oui/oui.csv,https://web.archive.org/web/20260807040021/https://standards-oui.ieee.org/oui/oui.csv
24A937,renamed,2026-08-08T04:00:31.000Z,PURE Storage,"Everpure, Inc.",https://standards-oui.ieee.org/oui/oui.csv,
30EB5A,renamed,2026-08-12T04:00:23.000Z,Landis+Gyr S.A.,EYKON Solutions S.A.,https://standards-oui.ieee.org/oui/oui.csv,
6C7028,renamed,2026-08-12T04:00:23.000Z,Landis+Gyr S.A.,EYKON Solutions S.A.,https://standards-oui.ieee.org/oui/oui.csv,
98B177,renamed,2026-08-12T04:00:23.000Z,Landis+Gyr S.A.,EYKON Solutions S.A.,https://standards-oui.ieee.org/oui/oui.csv,
00905B,renamed,2026-08-14T04:00:20.000Z,RAYMOND AND LAE ENGINEERING,Parameter LLC,https://standards-oui.ieee.org/oui/oui.csv,
2869DA,withdrawn,2026-08-20T04:00:24.000Z,Moultrie Mobile,,https://standards-oui.ieee.org/oui/oui.csv,
